[2025-11-05 22:43:35] production.ERROR: SQLSTATE[HY000]: General error: 1215 Cannot add foreign key constraint (Connection: mysql, SQL: alter table `utenti` add constraint `utenti_ruolo_id_foreign` foreign key (`ruolo_id`) references `ruoli` (`id`) on delete set null) {"exception":"[object] (Illuminate\\Database\\QueryException(code: HY000): SQLSTATE[HY000]: General error: 1215 Cannot add foreign key constraint (Connection: mysql, SQL: alter table `utenti` add constraint `utenti_ruolo_id_foreign` foreign key (`ruolo_id`) references `ruoli` (`id`) on delete set null) at /home/agstudiodiital/public_html/magia/vendor/laravel/framework/src/Illuminate/Database/Connection.php:829)
[stacktrace]
#0 /home/agstudiodiital/public_html/magia/vendor/laravel/framework/src/Illuminate/Database/Connection.php(783): Illuminate\\Database\\Connection->runQueryCallback()
#1 /home/agstudiodiital/public_html/magia/vendor/laravel/framework/src/Illuminate/Database/Connection.php(588): Illuminate\\Database\\Connection->run()
#2 /home/agstudiodiital/public_html/magia/vendor/laravel/framework/src/Illuminate/Database/Schema/Blueprint.php(110): Illuminate\\Database\\Connection->statement()
#3 /home/agstudiodiital/public_html/magia/vendor/laravel/framework/src/Illuminate/Database/Schema/Builder.php(602): Illuminate\\Database\\Schema\\Blueprint->build()
#4 /home/agstudiodiital/public_html/magia/vendor/laravel/framework/src/Illuminate/Database/Schema/Builder.php(460): Illuminate\\Database\\Schema\\Builder->build()
#5 /home/agstudiodiital/public_html/magia/vendor/laravel/framework/src/Illuminate/Support/Facades/Facade.php(355): Illuminate\\Database\\Schema\\Builder->create()
#6 /home/agstudiodiital/public_html/magia/database/migrations/2025_11_05_100000_create_utenti_table.php(67): Illuminate\\Support\\Facades\\Facade::__callStatic()
#7 /home/agstudiodiital/public_html/magia/vendor/laravel/framework/src/Illuminate/Database/Migrations/Migrator.php(501): Illuminate\\Database\\Migrations\\Migration@anonymous->up()
#8 /home/agstudiodiital/public_html/magia/vendor/laravel/framework/src/Illuminate/Database/Migrations/Migrator.php(418): Illuminate\\Database\\Migrations\\Migrator->runMethod()
#9 /home/agstudiodiital/public_html/magia/vendor/laravel/framework/src/Illuminate/Database/Migrations/Migrator.php(427): Illuminate\\Database\\Migrations\\Migrator->Illuminate\\Database\\Migrations\\{closure}()
#10 /home/agstudiodiital/public_html/magia/vendor/laravel/framework/src/Illuminate/Database/Migrations/Migrator.php(224): Illuminate\\Database\\Migrations\\Migrator->runMigration()
#11 /home/agstudiodiital/public_html/magia/vendor/laravel/framework/src/Illuminate/Console/View/Components/Task.php(37): Illuminate\\Database\\Migrations\\Migrator->Illuminate\\Database\\Migrations\\{closure}()
#12 /home/agstudiodiital/public_html/magia/vendor/laravel/framework/src/Illuminate/Database/Migrations/Migrator.php(783): Illuminate\\Console\\View\\Components\\Task->render()
#13 /home/agstudiodiital/public_html/magia/vendor/laravel/framework/src/Illuminate/Database/Migrations/Migrator.php(224): Illuminate\\Database\\Migrations\\Migrator->write()
#14 /home/agstudiodiital/public_html/magia/vendor/laravel/framework/src/Illuminate/Database/Migrations/Migrator.php(189): Illuminate\\Database\\Migrations\\Migrator->runUp()
#15 /home/agstudiodiital/public_html/magia/vendor/laravel/framework/src/Illuminate/Database/Migrations/Migrator.php(132): Illuminate\\Database\\Migrations\\Migrator->runPending()
#16 /home/agstudiodiital/public_html/magia/vendor/laravel/framework/src/Illuminate/Database/Console/Migrations/MigrateCommand.php(92): Illuminate\\Database\\Migrations\\Migrator->run()
#17 /home/agstudiodiital/public_html/magia/vendor/laravel/framework/src/Illuminate/Database/Migrations/Migrator.php(641): Illuminate\\Database\\Console\\Migrations\\MigrateCommand->Illuminate\\Database\\Console\\Migrations\\{closure}()
#18 /home/agstudiodiital/public_html/magia/vendor/laravel/framework/src/Illuminate/Database/Console/Migrations/MigrateCommand.php(104): Illuminate\\Database\\Migrations\\Migrator->usingConnection()
#19 /home/agstudiodiital/public_html/magia/vendor/laravel/framework/src/Illuminate/Container/BoundMethod.php(36): Illuminate\\Database\\Console\\Migrations\\MigrateCommand->handle()
#20 /home/agstudiodiital/public_html/magia/vendor/laravel/framework/src/Illuminate/Container/Util.php(41): Illuminate\\Container\\BoundMethod::Illuminate\\Container\\{closure}()
#21 /home/agstudiodiital/public_html/magia/vendor/laravel/framework/src/Illuminate/Container/BoundMethod.php(93): Illuminate\\Container\\Util::unwrapIfClosure()
#22 /home/agstudiodiital/public_html/magia/vendor/laravel/framework/src/Illuminate/Container/BoundMethod.php(37): Illuminate\\Container\\BoundMethod::callBoundMethod()
#23 /home/agstudiodiital/public_html/magia/vendor/laravel/framework/src/Illuminate/Container/Container.php(662): Illuminate\\Container\\BoundMethod::call()
#24 /home/agstudiodiital/public_html/magia/vendor/laravel/framework/src/Illuminate/Console/Command.php(211): Illuminate\\Container\\Container->call()
#25 /home/agstudiodiital/public_html/magia/vendor/symfony/console/Command/Command.php(326): Illuminate\\Console\\Command->execute()
#26 /home/agstudiodiital/public_html/magia/vendor/laravel/framework/src/Illuminate/Console/Command.php(181): Symfony\\Component\\Console\\Command\\Command->run()
#27 /home/agstudiodiital/public_html/magia/vendor/symfony/console/Application.php(1088): Illuminate\\Console\\Command->run()
#28 /home/agstudiodiital/public_html/magia/vendor/symfony/console/Application.php(324): Symfony\\Component\\Console\\Application->doRunCommand()
#29 /home/agstudiodiital/public_html/magia/vendor/symfony/console/Application.php(175): Symfony\\Component\\Console\\Application->doRun()
#30 /home/agstudiodiital/public_html/magia/vendor/laravel/framework/src/Illuminate/Foundation/Console/Kernel.php(201): Symfony\\Component\\Console\\Application->run()
#31 /home/agstudiodiital/public_html/magia/artisan(37): Illuminate\\Foundation\\Console\\Kernel->handle()
#32 {main}

[previous exception] [object] (PDOException(code: HY000): SQLSTATE[HY000]: General error: 1215 Cannot add foreign key constraint at /home/agstudiodiital/public_html/magia/vendor/laravel/framework/src/Illuminate/Database/Connection.php:587)
[stacktrace]
#0 /home/agstudiodiital/public_html/magia/vendor/laravel/framework/src/Illuminate/Database/Connection.php(587): PDOStatement->execute()
#1 /home/agstudiodiital/public_html/magia/vendor/laravel/framework/src/Illuminate/Database/Connection.php(816): Illuminate\\Database\\Connection->Illuminate\\Database\\{closure}()
#2 /home/agstudiodiital/public_html/magia/vendor/laravel/framework/src/Illuminate/Database/Connection.php(783): Illuminate\\Database\\Connection->runQueryCallback()
#3 /home/agstudiodiital/public_html/magia/vendor/laravel/framework/src/Illuminate/Database/Connection.php(588): Illuminate\\Database\\Connection->run()
#4 /home/agstudiodiital/public_html/magia/vendor/laravel/framework/src/Illuminate/Database/Schema/Blueprint.php(110): Illuminate\\Database\\Connection->statement()
#5 /home/agstudiodiital/public_html/magia/vendor/laravel/framework/src/Illuminate/Database/Schema/Builder.php(602): Illuminate\\Database\\Schema\\Blueprint->build()
#6 /home/agstudiodiital/public_html/magia/vendor/laravel/framework/src/Illuminate/Database/Schema/Builder.php(460): Illuminate\\Database\\Schema\\Builder->build()
#7 /home/agstudiodiital/public_html/magia/vendor/laravel/framework/src/Illuminate/Support/Facades/Facade.php(355): Illuminate\\Database\\Schema\\Builder->create()
#8 /home/agstudiodiital/public_html/magia/database/migrations/2025_11_05_100000_create_utenti_table.php(67): Illuminate\\Support\\Facades\\Facade::__callStatic()
#9 /home/agstudiodiital/public_html/magia/vendor/laravel/framework/src/Illuminate/Database/Migrations/Migrator.php(501): Illuminate\\Database\\Migrations\\Migration@anonymous->up()
#10 /home/agstudiodiital/public_html/magia/vendor/laravel/framework/src/Illuminate/Database/Migrations/Migrator.php(418): Illuminate\\Database\\Migrations\\Migrator->runMethod()
#11 /home/agstudiodiital/public_html/magia/vendor/laravel/framework/src/Illuminate/Database/Migrations/Migrator.php(427): Illuminate\\Database\\Migrations\\Migrator->Illuminate\\Database\\Migrations\\{closure}()
#12 /home/agstudiodiital/public_html/magia/vendor/laravel/framework/src/Illuminate/Database/Migrations/Migrator.php(224): Illuminate\\Database\\Migrations\\Migrator->runMigration()
#13 /home/agstudiodiital/public_html/magia/vendor/laravel/framework/src/Illuminate/Console/View/Components/Task.php(37): Illuminate\\Database\\Migrations\\Migrator->Illuminate\\Database\\Migrations\\{closure}()
#14 /home/agstudiodiital/public_html/magia/vendor/laravel/framework/src/Illuminate/Database/Migrations/Migrator.php(783): Illuminate\\Console\\View\\Components\\Task->render()
#15 /home/agstudiodiital/public_html/magia/vendor/laravel/framework/src/Illuminate/Database/Migrations/Migrator.php(224): Illuminate\\Database\\Migrations\\Migrator->write()
#16 /home/agstudiodiital/public_html/magia/vendor/laravel/framework/src/Illuminate/Database/Migrations/Migrator.php(189): Illuminate\\Database\\Migrations\\Migrator->runUp()
#17 /home/agstudiodiital/public_html/magia/vendor/laravel/framework/src/Illuminate/Database/Migrations/Migrator.php(132): Illuminate\\Database\\Migrations\\Migrator->runPending()
#18 /home/agstudiodiital/public_html/magia/vendor/laravel/framework/src/Illuminate/Database/Console/Migrations/MigrateCommand.php(92): Illuminate\\Database\\Migrations\\Migrator->run()
#19 /home/agstudiodiital/public_html/magia/vendor/laravel/framework/src/Illuminate/Database/Migrations/Migrator.php(641): Illuminate\\Database\\Console\\Migrations\\MigrateCommand->Illuminate\\Database\\Console\\Migrations\\{closure}()
#20 /home/agstudiodiital/public_html/magia/vendor/laravel/framework/src/Illuminate/Database/Console/Migrations/MigrateCommand.php(104): Illuminate\\Database\\Migrations\\Migrator->usingConnection()
#21 /home/agstudiodiital/public_html/magia/vendor/laravel/framework/src/Illuminate/Container/BoundMethod.php(36): Illuminate\\Database\\Console\\Migrations\\MigrateCommand->handle()
#22 /home/agstudiodiital/public_html/magia/vendor/laravel/framework/src/Illuminate/Container/Util.php(41): Illuminate\\Container\\BoundMethod::Illuminate\\Container\\{closure}()
#23 /home/agstudiodiital/public_html/magia/vendor/laravel/framework/src/Illuminate/Container/BoundMethod.php(93): Illuminate\\Container\\Util::unwrapIfClosure()
#24 /home/agstudiodiital/public_html/magia/vendor/laravel/framework/src/Illuminate/Container/BoundMethod.php(37): Illuminate\\Container\\BoundMethod::callBoundMethod()
#25 /home/agstudiodiital/public_html/magia/vendor/laravel/framework/src/Illuminate/Container/Container.php(662): Illuminate\\Container\\BoundMethod::call()
#26 /home/agstudiodiital/public_html/magia/vendor/laravel/framework/src/Illuminate/Console/Command.php(211): Illuminate\\Container\\Container->call()
#27 /home/agstudiodiital/public_html/magia/vendor/symfony/console/Command/Command.php(326): Illuminate\\Console\\Command->execute()
#28 /home/agstudiodiital/public_html/magia/vendor/laravel/framework/src/Illuminate/Console/Command.php(181): Symfony\\Component\\Console\\Command\\Command->run()
#29 /home/agstudiodiital/public_html/magia/vendor/symfony/console/Application.php(1088): Illuminate\\Console\\Command->run()
#30 /home/agstudiodiital/public_html/magia/vendor/symfony/console/Application.php(324): Symfony\\Component\\Console\\Application->doRunCommand()
#31 /home/agstudiodiital/public_html/magia/vendor/symfony/console/Application.php(175): Symfony\\Component\\Console\\Application->doRun()
#32 /home/agstudiodiital/public_html/magia/vendor/laravel/framework/src/Illuminate/Foundation/Console/Kernel.php(201): Symfony\\Component\\Console\\Application->run()
#33 /home/agstudiodiital/public_html/magia/artisan(37): Illuminate\\Foundation\\Console\\Kernel->handle()
#34 {main}
"} 
[2025-11-05 22:45:41] production.ERROR: SQLSTATE[42S01]: Base table or view already exists: 1050 Table 'utenti' already exists (Connection: mysql, SQL: create table `utenti` (`id` bigint unsigned not null auto_increment primary key, `email` varchar(255) not null comment 'Email univoca per login', `password` varchar(255) not null comment 'Password criptata', `remember_token` varchar(100) null comment 'Token per \"ricordami\"', `nome` varchar(100) not null comment 'Nome utente', `cognome` varchar(100) not null comment 'Cognome utente', `telefono` varchar(20) null comment 'Telefono contatto', `tipo_utente` enum('amministratore', 'professionista', 'cliente') not null comment 'Tipologia utente nel sistema', `ruolo_id` bigint unsigned null, `attivo` tinyint(1) not null default '1' comment 'Account attivo/disattivato', `email_verificata` tinyint(1) not null default '0' comment 'Email confermata', `email_verificata_il` timestamp null comment 'Data verifica email', `ultimo_accesso` timestamp null comment 'Data ultimo login', `ultimo_ip` varchar(45) null comment 'IP ultimo accesso', `created_at` timestamp null, `updated_at` timestamp null, `deleted_at` timestamp null) default character set utf8mb4 collate 'utf8mb4_unicode_ci') {"exception":"[object] (Illuminate\\Database\\QueryException(code: 42S01): SQLSTATE[42S01]: Base table or view already exists: 1050 Table 'utenti' already exists (Connection: mysql, SQL: create table `utenti` (`id` bigint unsigned not null auto_increment primary key, `email` varchar(255) not null comment 'Email univoca per login', `password` varchar(255) not null comment 'Password criptata', `remember_token` varchar(100) null comment 'Token per \\\"ricordami\\\"', `nome` varchar(100) not null comment 'Nome utente', `cognome` varchar(100) not null comment 'Cognome utente', `telefono` varchar(20) null comment 'Telefono contatto', `tipo_utente` enum('amministratore', 'professionista', 'cliente') not null comment 'Tipologia utente nel sistema', `ruolo_id` bigint unsigned null, `attivo` tinyint(1) not null default '1' comment 'Account attivo/disattivato', `email_verificata` tinyint(1) not null default '0' comment 'Email confermata', `email_verificata_il` timestamp null comment 'Data verifica email', `ultimo_accesso` timestamp null comment 'Data ultimo login', `ultimo_ip` varchar(45) null comment 'IP ultimo accesso', `created_at` timestamp null, `updated_at` timestamp null, `deleted_at` timestamp null) default character set utf8mb4 collate 'utf8mb4_unicode_ci') at /home/agstudiodiital/public_html/magia/vendor/laravel/framework/src/Illuminate/Database/Connection.php:829)
[stacktrace]
#0 /home/agstudiodiital/public_html/magia/vendor/laravel/framework/src/Illuminate/Database/Connection.php(783): Illuminate\\Database\\Connection->runQueryCallback()
#1 /home/agstudiodiital/public_html/magia/vendor/laravel/framework/src/Illuminate/Database/Connection.php(588): Illuminate\\Database\\Connection->run()
#2 /home/agstudiodiital/public_html/magia/vendor/laravel/framework/src/Illuminate/Database/Schema/Blueprint.php(110): Illuminate\\Database\\Connection->statement()
#3 /home/agstudiodiital/public_html/magia/vendor/laravel/framework/src/Illuminate/Database/Schema/Builder.php(602): Illuminate\\Database\\Schema\\Blueprint->build()
#4 /home/agstudiodiital/public_html/magia/vendor/laravel/framework/src/Illuminate/Database/Schema/Builder.php(460): Illuminate\\Database\\Schema\\Builder->build()
#5 /home/agstudiodiital/public_html/magia/vendor/laravel/framework/src/Illuminate/Support/Facades/Facade.php(355): Illuminate\\Database\\Schema\\Builder->create()
#6 /home/agstudiodiital/public_html/magia/database/migrations/2025_11_05_100001_create_utenti_table.php(67): Illuminate\\Support\\Facades\\Facade::__callStatic()
#7 /home/agstudiodiital/public_html/magia/vendor/laravel/framework/src/Illuminate/Database/Migrations/Migrator.php(501): Illuminate\\Database\\Migrations\\Migration@anonymous->up()
#8 /home/agstudiodiital/public_html/magia/vendor/laravel/framework/src/Illuminate/Database/Migrations/Migrator.php(418): Illuminate\\Database\\Migrations\\Migrator->runMethod()
#9 /home/agstudiodiital/public_html/magia/vendor/laravel/framework/src/Illuminate/Database/Migrations/Migrator.php(427): Illuminate\\Database\\Migrations\\Migrator->Illuminate\\Database\\Migrations\\{closure}()
#10 /home/agstudiodiital/public_html/magia/vendor/laravel/framework/src/Illuminate/Database/Migrations/Migrator.php(224): Illuminate\\Database\\Migrations\\Migrator->runMigration()
#11 /home/agstudiodiital/public_html/magia/vendor/laravel/framework/src/Illuminate/Console/View/Components/Task.php(37): Illuminate\\Database\\Migrations\\Migrator->Illuminate\\Database\\Migrations\\{closure}()
#12 /home/agstudiodiital/public_html/magia/vendor/laravel/framework/src/Illuminate/Database/Migrations/Migrator.php(783): Illuminate\\Console\\View\\Components\\Task->render()
#13 /home/agstudiodiital/public_html/magia/vendor/laravel/framework/src/Illuminate/Database/Migrations/Migrator.php(224): Illuminate\\Database\\Migrations\\Migrator->write()
#14 /home/agstudiodiital/public_html/magia/vendor/laravel/framework/src/Illuminate/Database/Migrations/Migrator.php(189): Illuminate\\Database\\Migrations\\Migrator->runUp()
#15 /home/agstudiodiital/public_html/magia/vendor/laravel/framework/src/Illuminate/Database/Migrations/Migrator.php(132): Illuminate\\Database\\Migrations\\Migrator->runPending()
#16 /home/agstudiodiital/public_html/magia/vendor/laravel/framework/src/Illuminate/Database/Console/Migrations/MigrateCommand.php(92): Illuminate\\Database\\Migrations\\Migrator->run()
#17 /home/agstudiodiital/public_html/magia/vendor/laravel/framework/src/Illuminate/Database/Migrations/Migrator.php(641): Illuminate\\Database\\Console\\Migrations\\MigrateCommand->Illuminate\\Database\\Console\\Migrations\\{closure}()
#18 /home/agstudiodiital/public_html/magia/vendor/laravel/framework/src/Illuminate/Database/Console/Migrations/MigrateCommand.php(104): Illuminate\\Database\\Migrations\\Migrator->usingConnection()
#19 /home/agstudiodiital/public_html/magia/vendor/laravel/framework/src/Illuminate/Container/BoundMethod.php(36): Illuminate\\Database\\Console\\Migrations\\MigrateCommand->handle()
#20 /home/agstudiodiital/public_html/magia/vendor/laravel/framework/src/Illuminate/Container/Util.php(41): Illuminate\\Container\\BoundMethod::Illuminate\\Container\\{closure}()
#21 /home/agstudiodiital/public_html/magia/vendor/laravel/framework/src/Illuminate/Container/BoundMethod.php(93): Illuminate\\Container\\Util::unwrapIfClosure()
#22 /home/agstudiodiital/public_html/magia/vendor/laravel/framework/src/Illuminate/Container/BoundMethod.php(37): Illuminate\\Container\\BoundMethod::callBoundMethod()
#23 /home/agstudiodiital/public_html/magia/vendor/laravel/framework/src/Illuminate/Container/Container.php(662): Illuminate\\Container\\BoundMethod::call()
#24 /home/agstudiodiital/public_html/magia/vendor/laravel/framework/src/Illuminate/Console/Command.php(211): Illuminate\\Container\\Container->call()
#25 /home/agstudiodiital/public_html/magia/vendor/symfony/console/Command/Command.php(326): Illuminate\\Console\\Command->execute()
#26 /home/agstudiodiital/public_html/magia/vendor/laravel/framework/src/Illuminate/Console/Command.php(181): Symfony\\Component\\Console\\Command\\Command->run()
#27 /home/agstudiodiital/public_html/magia/vendor/symfony/console/Application.php(1088): Illuminate\\Console\\Command->run()
#28 /home/agstudiodiital/public_html/magia/vendor/symfony/console/Application.php(324): Symfony\\Component\\Console\\Application->doRunCommand()
#29 /home/agstudiodiital/public_html/magia/vendor/symfony/console/Application.php(175): Symfony\\Component\\Console\\Application->doRun()
#30 /home/agstudiodiital/public_html/magia/vendor/laravel/framework/src/Illuminate/Foundation/Console/Kernel.php(201): Symfony\\Component\\Console\\Application->run()
#31 /home/agstudiodiital/public_html/magia/artisan(37): Illuminate\\Foundation\\Console\\Kernel->handle()
#32 {main}

[previous exception] [object] (PDOException(code: 42S01): SQLSTATE[42S01]: Base table or view already exists: 1050 Table 'utenti' already exists at /home/agstudiodiital/public_html/magia/vendor/laravel/framework/src/Illuminate/Database/Connection.php:587)
[stacktrace]
#0 /home/agstudiodiital/public_html/magia/vendor/laravel/framework/src/Illuminate/Database/Connection.php(587): PDOStatement->execute()
#1 /home/agstudiodiital/public_html/magia/vendor/laravel/framework/src/Illuminate/Database/Connection.php(816): Illuminate\\Database\\Connection->Illuminate\\Database\\{closure}()
#2 /home/agstudiodiital/public_html/magia/vendor/laravel/framework/src/Illuminate/Database/Connection.php(783): Illuminate\\Database\\Connection->runQueryCallback()
#3 /home/agstudiodiital/public_html/magia/vendor/laravel/framework/src/Illuminate/Database/Connection.php(588): Illuminate\\Database\\Connection->run()
#4 /home/agstudiodiital/public_html/magia/vendor/laravel/framework/src/Illuminate/Database/Schema/Blueprint.php(110): Illuminate\\Database\\Connection->statement()
#5 /home/agstudiodiital/public_html/magia/vendor/laravel/framework/src/Illuminate/Database/Schema/Builder.php(602): Illuminate\\Database\\Schema\\Blueprint->build()
#6 /home/agstudiodiital/public_html/magia/vendor/laravel/framework/src/Illuminate/Database/Schema/Builder.php(460): Illuminate\\Database\\Schema\\Builder->build()
#7 /home/agstudiodiital/public_html/magia/vendor/laravel/framework/src/Illuminate/Support/Facades/Facade.php(355): Illuminate\\Database\\Schema\\Builder->create()
#8 /home/agstudiodiital/public_html/magia/database/migrations/2025_11_05_100001_create_utenti_table.php(67): Illuminate\\Support\\Facades\\Facade::__callStatic()
#9 /home/agstudiodiital/public_html/magia/vendor/laravel/framework/src/Illuminate/Database/Migrations/Migrator.php(501): Illuminate\\Database\\Migrations\\Migration@anonymous->up()
#10 /home/agstudiodiital/public_html/magia/vendor/laravel/framework/src/Illuminate/Database/Migrations/Migrator.php(418): Illuminate\\Database\\Migrations\\Migrator->runMethod()
#11 /home/agstudiodiital/public_html/magia/vendor/laravel/framework/src/Illuminate/Database/Migrations/Migrator.php(427): Illuminate\\Database\\Migrations\\Migrator->Illuminate\\Database\\Migrations\\{closure}()
#12 /home/agstudiodiital/public_html/magia/vendor/laravel/framework/src/Illuminate/Database/Migrations/Migrator.php(224): Illuminate\\Database\\Migrations\\Migrator->runMigration()
#13 /home/agstudiodiital/public_html/magia/vendor/laravel/framework/src/Illuminate/Console/View/Components/Task.php(37): Illuminate\\Database\\Migrations\\Migrator->Illuminate\\Database\\Migrations\\{closure}()
#14 /home/agstudiodiital/public_html/magia/vendor/laravel/framework/src/Illuminate/Database/Migrations/Migrator.php(783): Illuminate\\Console\\View\\Components\\Task->render()
#15 /home/agstudiodiital/public_html/magia/vendor/laravel/framework/src/Illuminate/Database/Migrations/Migrator.php(224): Illuminate\\Database\\Migrations\\Migrator->write()
#16 /home/agstudiodiital/public_html/magia/vendor/laravel/framework/src/Illuminate/Database/Migrations/Migrator.php(189): Illuminate\\Database\\Migrations\\Migrator->runUp()
#17 /home/agstudiodiital/public_html/magia/vendor/laravel/framework/src/Illuminate/Database/Migrations/Migrator.php(132): Illuminate\\Database\\Migrations\\Migrator->runPending()
#18 /home/agstudiodiital/public_html/magia/vendor/laravel/framework/src/Illuminate/Database/Console/Migrations/MigrateCommand.php(92): Illuminate\\Database\\Migrations\\Migrator->run()
#19 /home/agstudiodiital/public_html/magia/vendor/laravel/framework/src/Illuminate/Database/Migrations/Migrator.php(641): Illuminate\\Database\\Console\\Migrations\\MigrateCommand->Illuminate\\Database\\Console\\Migrations\\{closure}()
#20 /home/agstudiodiital/public_html/magia/vendor/laravel/framework/src/Illuminate/Database/Console/Migrations/MigrateCommand.php(104): Illuminate\\Database\\Migrations\\Migrator->usingConnection()
#21 /home/agstudiodiital/public_html/magia/vendor/laravel/framework/src/Illuminate/Container/BoundMethod.php(36): Illuminate\\Database\\Console\\Migrations\\MigrateCommand->handle()
#22 /home/agstudiodiital/public_html/magia/vendor/laravel/framework/src/Illuminate/Container/Util.php(41): Illuminate\\Container\\BoundMethod::Illuminate\\Container\\{closure}()
#23 /home/agstudiodiital/public_html/magia/vendor/laravel/framework/src/Illuminate/Container/BoundMethod.php(93): Illuminate\\Container\\Util::unwrapIfClosure()
#24 /home/agstudiodiital/public_html/magia/vendor/laravel/framework/src/Illuminate/Container/BoundMethod.php(37): Illuminate\\Container\\BoundMethod::callBoundMethod()
#25 /home/agstudiodiital/public_html/magia/vendor/laravel/framework/src/Illuminate/Container/Container.php(662): Illuminate\\Container\\BoundMethod::call()
#26 /home/agstudiodiital/public_html/magia/vendor/laravel/framework/src/Illuminate/Console/Command.php(211): Illuminate\\Container\\Container->call()
#27 /home/agstudiodiital/public_html/magia/vendor/symfony/console/Command/Command.php(326): Illuminate\\Console\\Command->execute()
#28 /home/agstudiodiital/public_html/magia/vendor/laravel/framework/src/Illuminate/Console/Command.php(181): Symfony\\Component\\Console\\Command\\Command->run()
#29 /home/agstudiodiital/public_html/magia/vendor/symfony/console/Application.php(1088): Illuminate\\Console\\Command->run()
#30 /home/agstudiodiital/public_html/magia/vendor/symfony/console/Application.php(324): Symfony\\Component\\Console\\Application->doRunCommand()
#31 /home/agstudiodiital/public_html/magia/vendor/symfony/console/Application.php(175): Symfony\\Component\\Console\\Application->doRun()
#32 /home/agstudiodiital/public_html/magia/vendor/laravel/framework/src/Illuminate/Foundation/Console/Kernel.php(201): Symfony\\Component\\Console\\Application->run()
#33 /home/agstudiodiital/public_html/magia/artisan(37): Illuminate\\Foundation\\Console\\Kernel->handle()
#34 {main}
"} 
[2025-11-05 22:46:27] production.ERROR: SQLSTATE[42000]: Syntax error or access violation: 1064 You have an error in your SQL syntax; check the manual that corresponds to your MySQL server version for the right syntax to use near 'CURRENT_DATE comment 'Data prima iscrizione', `inizio_programma` date null comme' at line 1 (Connection: mysql, SQL: create table `clienti` (`id` bigint unsigned not null auto_increment primary key, `utente_id` bigint unsigned not null, `nome` varchar(100) not null comment 'Nome cliente', `cognome` varchar(100) not null comment 'Cognome cliente', `codice_fiscale` varchar(16) not null comment 'Codice fiscale italiano', `indirizzo` varchar(200) not null comment 'Via e numero civico', `citta` varchar(100) not null comment 'Città di residenza', `provincia` varchar(2) not null comment 'Sigla provincia (es: TN)', `cap` varchar(5) not null comment 'Codice Avviamento Postale', `nazione` varchar(50) not null default 'Italia' comment 'Nazione di residenza', `telefono_fisso` varchar(20) null comment 'Telefono fisso', `telefono_mobile` varchar(20) not null comment 'Cellulare (obbligatorio)', `email` varchar(255) not null comment 'Email principale', `pec` varchar(255) null comment 'PEC (opzionale)', `data_nascita` date not null comment 'Data di nascita', `sesso` enum('F', 'M', 'Altro') not null default 'F' comment 'Sesso biologico', `luogo_nascita` varchar(100) null comment 'Città di nascita', `peso_iniziale` decimal(5, 2) null comment 'Peso iniziale in kg', `altezza` decimal(5, 2) null comment 'Altezza in cm', `circonferenza_vita` decimal(5, 2) null comment 'Circonferenza vita in cm', `circonferenza_fianchi` decimal(5, 2) null comment 'Circonferenza fianchi in cm', `circonferenza_braccia` decimal(5, 2) null comment 'Circonferenza braccia in cm', `circonferenza_cosce` decimal(5, 2) null comment 'Circonferenza cosce in cm', `massa_grassa` decimal(5, 2) null comment 'Percentuale massa grassa', `massa_magra` decimal(5, 2) null comment 'Percentuale massa magra', `acqua_corporea` decimal(5, 2) null comment 'Percentuale acqua corporea', `metabolismo_basale` decimal(6, 2) null comment 'Kcal metabolismo basale', `obiettivi_personali` text null comment 'Obiettivi della cliente (dimagrimento, tonificazione, ecc)', `note_mediche` text null comment 'Patologie, allergie, intolleranze', `preferenze_alimentari` text null comment 'Preferenze e restrizioni alimentari', `farmaci_assunti` text null comment 'Farmaci in uso regolare', `certificato_medico` tinyint(1) not null default '0' comment 'Ha consegnato certificato medico', `certificato_medico_scadenza` date null comment 'Scadenza certificato medico', `programma_attuale` varchar(100) null comment 'Programma in corso (Balla&Snella, MA.GIA, ecc)', `data_iscrizione` date not null default CURRENT_DATE comment 'Data prima iscrizione', `inizio_programma` date null comment 'Data inizio programma attuale', `fine_programma` date null comment 'Data fine programma (se prevista)', `stato_programma` enum('attivo', 'sospeso', 'completato', 'cancellato') not null default 'attivo' comment 'Stato programma attuale', `dati_personalizzati` json null comment 'Campi extra personalizzabili per programmi specifici (JSON)', `gruppo_whatsapp` varchar(255) null comment 'Link gruppo WhatsApp associato', `sede_preferita_id` bigint unsigned null comment 'Sede preferita dalla cliente', `consenso_privacy` tinyint(1) not null default '0' comment 'Accettazione privacy policy', `consenso_privacy_data` timestamp null comment 'Data accettazione privacy', `consenso_marketing` tinyint(1) not null default '0' comment 'Consenso comunicazioni marketing', `consenso_foto` tinyint(1) not null default '0' comment 'Consenso uso foto/video', `note_interne` text null comment 'Note riservate admin (non visibili a cliente)', `stato_cliente` enum('attivo', 'sospeso', 'inattivo', 'cancellato') not null default 'attivo' comment 'Stato account cliente', `codice_cliente` varchar(20) null comment 'Codice univoco cliente (generato automaticamente)', `codice_referral` varchar(20) null comment 'Codice personale per invitare amiche', `invitato_da_cliente_id` bigint unsigned null, `created_at` timestamp null, `updated_at` timestamp null, `deleted_at` timestamp null) default character set utf8mb4 collate 'utf8mb4_unicode_ci') {"exception":"[object] (Illuminate\\Database\\QueryException(code: 42000): SQLSTATE[42000]: Syntax error or access violation: 1064 You have an error in your SQL syntax; check the manual that corresponds to your MySQL server version for the right syntax to use near 'CURRENT_DATE comment 'Data prima iscrizione', `inizio_programma` date null comme' at line 1 (Connection: mysql, SQL: create table `clienti` (`id` bigint unsigned not null auto_increment primary key, `utente_id` bigint unsigned not null, `nome` varchar(100) not null comment 'Nome cliente', `cognome` varchar(100) not null comment 'Cognome cliente', `codice_fiscale` varchar(16) not null comment 'Codice fiscale italiano', `indirizzo` varchar(200) not null comment 'Via e numero civico', `citta` varchar(100) not null comment 'Città di residenza', `provincia` varchar(2) not null comment 'Sigla provincia (es: TN)', `cap` varchar(5) not null comment 'Codice Avviamento Postale', `nazione` varchar(50) not null default 'Italia' comment 'Nazione di residenza', `telefono_fisso` varchar(20) null comment 'Telefono fisso', `telefono_mobile` varchar(20) not null comment 'Cellulare (obbligatorio)', `email` varchar(255) not null comment 'Email principale', `pec` varchar(255) null comment 'PEC (opzionale)', `data_nascita` date not null comment 'Data di nascita', `sesso` enum('F', 'M', 'Altro') not null default 'F' comment 'Sesso biologico', `luogo_nascita` varchar(100) null comment 'Città di nascita', `peso_iniziale` decimal(5, 2) null comment 'Peso iniziale in kg', `altezza` decimal(5, 2) null comment 'Altezza in cm', `circonferenza_vita` decimal(5, 2) null comment 'Circonferenza vita in cm', `circonferenza_fianchi` decimal(5, 2) null comment 'Circonferenza fianchi in cm', `circonferenza_braccia` decimal(5, 2) null comment 'Circonferenza braccia in cm', `circonferenza_cosce` decimal(5, 2) null comment 'Circonferenza cosce in cm', `massa_grassa` decimal(5, 2) null comment 'Percentuale massa grassa', `massa_magra` decimal(5, 2) null comment 'Percentuale massa magra', `acqua_corporea` decimal(5, 2) null comment 'Percentuale acqua corporea', `metabolismo_basale` decimal(6, 2) null comment 'Kcal metabolismo basale', `obiettivi_personali` text null comment 'Obiettivi della cliente (dimagrimento, tonificazione, ecc)', `note_mediche` text null comment 'Patologie, allergie, intolleranze', `preferenze_alimentari` text null comment 'Preferenze e restrizioni alimentari', `farmaci_assunti` text null comment 'Farmaci in uso regolare', `certificato_medico` tinyint(1) not null default '0' comment 'Ha consegnato certificato medico', `certificato_medico_scadenza` date null comment 'Scadenza certificato medico', `programma_attuale` varchar(100) null comment 'Programma in corso (Balla&Snella, MA.GIA, ecc)', `data_iscrizione` date not null default CURRENT_DATE comment 'Data prima iscrizione', `inizio_programma` date null comment 'Data inizio programma attuale', `fine_programma` date null comment 'Data fine programma (se prevista)', `stato_programma` enum('attivo', 'sospeso', 'completato', 'cancellato') not null default 'attivo' comment 'Stato programma attuale', `dati_personalizzati` json null comment 'Campi extra personalizzabili per programmi specifici (JSON)', `gruppo_whatsapp` varchar(255) null comment 'Link gruppo WhatsApp associato', `sede_preferita_id` bigint unsigned null comment 'Sede preferita dalla cliente', `consenso_privacy` tinyint(1) not null default '0' comment 'Accettazione privacy policy', `consenso_privacy_data` timestamp null comment 'Data accettazione privacy', `consenso_marketing` tinyint(1) not null default '0' comment 'Consenso comunicazioni marketing', `consenso_foto` tinyint(1) not null default '0' comment 'Consenso uso foto/video', `note_interne` text null comment 'Note riservate admin (non visibili a cliente)', `stato_cliente` enum('attivo', 'sospeso', 'inattivo', 'cancellato') not null default 'attivo' comment 'Stato account cliente', `codice_cliente` varchar(20) null comment 'Codice univoco cliente (generato automaticamente)', `codice_referral` varchar(20) null comment 'Codice personale per invitare amiche', `invitato_da_cliente_id` bigint unsigned null, `created_at` timestamp null, `updated_at` timestamp null, `deleted_at` timestamp null) default character set utf8mb4 collate 'utf8mb4_unicode_ci') at /home/agstudiodiital/public_html/magia/vendor/laravel/framework/src/Illuminate/Database/Connection.php:829)
[stacktrace]
#0 /home/agstudiodiital/public_html/magia/vendor/laravel/framework/src/Illuminate/Database/Connection.php(783): Illuminate\\Database\\Connection->runQueryCallback()
#1 /home/agstudiodiital/public_html/magia/vendor/laravel/framework/src/Illuminate/Database/Connection.php(588): Illuminate\\Database\\Connection->run()
#2 /home/agstudiodiital/public_html/magia/vendor/laravel/framework/src/Illuminate/Database/Schema/Blueprint.php(110): Illuminate\\Database\\Connection->statement()
#3 /home/agstudiodiital/public_html/magia/vendor/laravel/framework/src/Illuminate/Database/Schema/Builder.php(602): Illuminate\\Database\\Schema\\Blueprint->build()
#4 /home/agstudiodiital/public_html/magia/vendor/laravel/framework/src/Illuminate/Database/Schema/Builder.php(460): Illuminate\\Database\\Schema\\Builder->build()
#5 /home/agstudiodiital/public_html/magia/vendor/laravel/framework/src/Illuminate/Support/Facades/Facade.php(355): Illuminate\\Database\\Schema\\Builder->create()
#6 /home/agstudiodiital/public_html/magia/database/migrations/2025_11_05_100002_create_clienti_table.php(140): Illuminate\\Support\\Facades\\Facade::__callStatic()
#7 /home/agstudiodiital/public_html/magia/vendor/laravel/framework/src/Illuminate/Database/Migrations/Migrator.php(501): Illuminate\\Database\\Migrations\\Migration@anonymous->up()
#8 /home/agstudiodiital/public_html/magia/vendor/laravel/framework/src/Illuminate/Database/Migrations/Migrator.php(418): Illuminate\\Database\\Migrations\\Migrator->runMethod()
#9 /home/agstudiodiital/public_html/magia/vendor/laravel/framework/src/Illuminate/Database/Migrations/Migrator.php(427): Illuminate\\Database\\Migrations\\Migrator->Illuminate\\Database\\Migrations\\{closure}()
#10 /home/agstudiodiital/public_html/magia/vendor/laravel/framework/src/Illuminate/Database/Migrations/Migrator.php(224): Illuminate\\Database\\Migrations\\Migrator->runMigration()
#11 /home/agstudiodiital/public_html/magia/vendor/laravel/framework/src/Illuminate/Console/View/Components/Task.php(37): Illuminate\\Database\\Migrations\\Migrator->Illuminate\\Database\\Migrations\\{closure}()
#12 /home/agstudiodiital/public_html/magia/vendor/laravel/framework/src/Illuminate/Database/Migrations/Migrator.php(783): Illuminate\\Console\\View\\Components\\Task->render()
#13 /home/agstudiodiital/public_html/magia/vendor/laravel/framework/src/Illuminate/Database/Migrations/Migrator.php(224): Illuminate\\Database\\Migrations\\Migrator->write()
#14 /home/agstudiodiital/public_html/magia/vendor/laravel/framework/src/Illuminate/Database/Migrations/Migrator.php(189): Illuminate\\Database\\Migrations\\Migrator->runUp()
#15 /home/agstudiodiital/public_html/magia/vendor/laravel/framework/src/Illuminate/Database/Migrations/Migrator.php(132): Illuminate\\Database\\Migrations\\Migrator->runPending()
#16 /home/agstudiodiital/public_html/magia/vendor/laravel/framework/src/Illuminate/Database/Console/Migrations/MigrateCommand.php(92): Illuminate\\Database\\Migrations\\Migrator->run()
#17 /home/agstudiodiital/public_html/magia/vendor/laravel/framework/src/Illuminate/Database/Migrations/Migrator.php(641): Illuminate\\Database\\Console\\Migrations\\MigrateCommand->Illuminate\\Database\\Console\\Migrations\\{closure}()
#18 /home/agstudiodiital/public_html/magia/vendor/laravel/framework/src/Illuminate/Database/Console/Migrations/MigrateCommand.php(104): Illuminate\\Database\\Migrations\\Migrator->usingConnection()
#19 /home/agstudiodiital/public_html/magia/vendor/laravel/framework/src/Illuminate/Container/BoundMethod.php(36): Illuminate\\Database\\Console\\Migrations\\MigrateCommand->handle()
#20 /home/agstudiodiital/public_html/magia/vendor/laravel/framework/src/Illuminate/Container/Util.php(41): Illuminate\\Container\\BoundMethod::Illuminate\\Container\\{closure}()
#21 /home/agstudiodiital/public_html/magia/vendor/laravel/framework/src/Illuminate/Container/BoundMethod.php(93): Illuminate\\Container\\Util::unwrapIfClosure()
#22 /home/agstudiodiital/public_html/magia/vendor/laravel/framework/src/Illuminate/Container/BoundMethod.php(37): Illuminate\\Container\\BoundMethod::callBoundMethod()
#23 /home/agstudiodiital/public_html/magia/vendor/laravel/framework/src/Illuminate/Container/Container.php(662): Illuminate\\Container\\BoundMethod::call()
#24 /home/agstudiodiital/public_html/magia/vendor/laravel/framework/src/Illuminate/Console/Command.php(211): Illuminate\\Container\\Container->call()
#25 /home/agstudiodiital/public_html/magia/vendor/symfony/console/Command/Command.php(326): Illuminate\\Console\\Command->execute()
#26 /home/agstudiodiital/public_html/magia/vendor/laravel/framework/src/Illuminate/Console/Command.php(181): Symfony\\Component\\Console\\Command\\Command->run()
#27 /home/agstudiodiital/public_html/magia/vendor/laravel/framework/src/Illuminate/Console/Concerns/CallsCommands.php(68): Illuminate\\Console\\Command->run()
#28 /home/agstudiodiital/public_html/magia/vendor/laravel/framework/src/Illuminate/Console/Concerns/CallsCommands.php(28): Illuminate\\Console\\Command->runCommand()
#29 /home/agstudiodiital/public_html/magia/vendor/laravel/framework/src/Illuminate/Database/Console/Migrations/FreshCommand.php(59): Illuminate\\Console\\Command->call()
#30 /home/agstudiodiital/public_html/magia/vendor/laravel/framework/src/Illuminate/Container/BoundMethod.php(36): Illuminate\\Database\\Console\\Migrations\\FreshCommand->handle()
#31 /home/agstudiodiital/public_html/magia/vendor/laravel/framework/src/Illuminate/Container/Util.php(41): Illuminate\\Container\\BoundMethod::Illuminate\\Container\\{closure}()
#32 /home/agstudiodiital/public_html/magia/vendor/laravel/framework/src/Illuminate/Container/BoundMethod.php(93): Illuminate\\Container\\Util::unwrapIfClosure()
#33 /home/agstudiodiital/public_html/magia/vendor/laravel/framework/src/Illuminate/Container/BoundMethod.php(37): Illuminate\\Container\\BoundMethod::callBoundMethod()
#34 /home/agstudiodiital/public_html/magia/vendor/laravel/framework/src/Illuminate/Container/Container.php(662): Illuminate\\Container\\BoundMethod::call()
#35 /home/agstudiodiital/public_html/magia/vendor/laravel/framework/src/Illuminate/Console/Command.php(211): Illuminate\\Container\\Container->call()
#36 /home/agstudiodiital/public_html/magia/vendor/symfony/console/Command/Command.php(326): Illuminate\\Console\\Command->execute()
#37 /home/agstudiodiital/public_html/magia/vendor/laravel/framework/src/Illuminate/Console/Command.php(181): Symfony\\Component\\Console\\Command\\Command->run()
#38 /home/agstudiodiital/public_html/magia/vendor/symfony/console/Application.php(1088): Illuminate\\Console\\Command->run()
#39 /home/agstudiodiital/public_html/magia/vendor/symfony/console/Application.php(324): Symfony\\Component\\Console\\Application->doRunCommand()
#40 /home/agstudiodiital/public_html/magia/vendor/symfony/console/Application.php(175): Symfony\\Component\\Console\\Application->doRun()
#41 /home/agstudiodiital/public_html/magia/vendor/laravel/framework/src/Illuminate/Foundation/Console/Kernel.php(201): Symfony\\Component\\Console\\Application->run()
#42 /home/agstudiodiital/public_html/magia/artisan(37): Illuminate\\Foundation\\Console\\Kernel->handle()
#43 {main}

[previous exception] [object] (PDOException(code: 42000): SQLSTATE[42000]: Syntax error or access violation: 1064 You have an error in your SQL syntax; check the manual that corresponds to your MySQL server version for the right syntax to use near 'CURRENT_DATE comment 'Data prima iscrizione', `inizio_programma` date null comme' at line 1 at /home/agstudiodiital/public_html/magia/vendor/laravel/framework/src/Illuminate/Database/Connection.php:581)
[stacktrace]
#0 /home/agstudiodiital/public_html/magia/vendor/laravel/framework/src/Illuminate/Database/Connection.php(581): PDO->prepare()
#1 /home/agstudiodiital/public_html/magia/vendor/laravel/framework/src/Illuminate/Database/Connection.php(816): Illuminate\\Database\\Connection->Illuminate\\Database\\{closure}()
#2 /home/agstudiodiital/public_html/magia/vendor/laravel/framework/src/Illuminate/Database/Connection.php(783): Illuminate\\Database\\Connection->runQueryCallback()
#3 /home/agstudiodiital/public_html/magia/vendor/laravel/framework/src/Illuminate/Database/Connection.php(588): Illuminate\\Database\\Connection->run()
#4 /home/agstudiodiital/public_html/magia/vendor/laravel/framework/src/Illuminate/Database/Schema/Blueprint.php(110): Illuminate\\Database\\Connection->statement()
#5 /home/agstudiodiital/public_html/magia/vendor/laravel/framework/src/Illuminate/Database/Schema/Builder.php(602): Illuminate\\Database\\Schema\\Blueprint->build()
#6 /home/agstudiodiital/public_html/magia/vendor/laravel/framework/src/Illuminate/Database/Schema/Builder.php(460): Illuminate\\Database\\Schema\\Builder->build()
#7 /home/agstudiodiital/public_html/magia/vendor/laravel/framework/src/Illuminate/Support/Facades/Facade.php(355): Illuminate\\Database\\Schema\\Builder->create()
#8 /home/agstudiodiital/public_html/magia/database/migrations/2025_11_05_100002_create_clienti_table.php(140): Illuminate\\Support\\Facades\\Facade::__callStatic()
#9 /home/agstudiodiital/public_html/magia/vendor/laravel/framework/src/Illuminate/Database/Migrations/Migrator.php(501): Illuminate\\Database\\Migrations\\Migration@anonymous->up()
#10 /home/agstudiodiital/public_html/magia/vendor/laravel/framework/src/Illuminate/Database/Migrations/Migrator.php(418): Illuminate\\Database\\Migrations\\Migrator->runMethod()
#11 /home/agstudiodiital/public_html/magia/vendor/laravel/framework/src/Illuminate/Database/Migrations/Migrator.php(427): Illuminate\\Database\\Migrations\\Migrator->Illuminate\\Database\\Migrations\\{closure}()
#12 /home/agstudiodiital/public_html/magia/vendor/laravel/framework/src/Illuminate/Database/Migrations/Migrator.php(224): Illuminate\\Database\\Migrations\\Migrator->runMigration()
#13 /home/agstudiodiital/public_html/magia/vendor/laravel/framework/src/Illuminate/Console/View/Components/Task.php(37): Illuminate\\Database\\Migrations\\Migrator->Illuminate\\Database\\Migrations\\{closure}()
#14 /home/agstudiodiital/public_html/magia/vendor/laravel/framework/src/Illuminate/Database/Migrations/Migrator.php(783): Illuminate\\Console\\View\\Components\\Task->render()
#15 /home/agstudiodiital/public_html/magia/vendor/laravel/framework/src/Illuminate/Database/Migrations/Migrator.php(224): Illuminate\\Database\\Migrations\\Migrator->write()
#16 /home/agstudiodiital/public_html/magia/vendor/laravel/framework/src/Illuminate/Database/Migrations/Migrator.php(189): Illuminate\\Database\\Migrations\\Migrator->runUp()
#17 /home/agstudiodiital/public_html/magia/vendor/laravel/framework/src/Illuminate/Database/Migrations/Migrator.php(132): Illuminate\\Database\\Migrations\\Migrator->runPending()
#18 /home/agstudiodiital/public_html/magia/vendor/laravel/framework/src/Illuminate/Database/Console/Migrations/MigrateCommand.php(92): Illuminate\\Database\\Migrations\\Migrator->run()
#19 /home/agstudiodiital/public_html/magia/vendor/laravel/framework/src/Illuminate/Database/Migrations/Migrator.php(641): Illuminate\\Database\\Console\\Migrations\\MigrateCommand->Illuminate\\Database\\Console\\Migrations\\{closure}()
#20 /home/agstudiodiital/public_html/magia/vendor/laravel/framework/src/Illuminate/Database/Console/Migrations/MigrateCommand.php(104): Illuminate\\Database\\Migrations\\Migrator->usingConnection()
#21 /home/agstudiodiital/public_html/magia/vendor/laravel/framework/src/Illuminate/Container/BoundMethod.php(36): Illuminate\\Database\\Console\\Migrations\\MigrateCommand->handle()
#22 /home/agstudiodiital/public_html/magia/vendor/laravel/framework/src/Illuminate/Container/Util.php(41): Illuminate\\Container\\BoundMethod::Illuminate\\Container\\{closure}()
#23 /home/agstudiodiital/public_html/magia/vendor/laravel/framework/src/Illuminate/Container/BoundMethod.php(93): Illuminate\\Container\\Util::unwrapIfClosure()
#24 /home/agstudiodiital/public_html/magia/vendor/laravel/framework/src/Illuminate/Container/BoundMethod.php(37): Illuminate\\Container\\BoundMethod::callBoundMethod()
#25 /home/agstudiodiital/public_html/magia/vendor/laravel/framework/src/Illuminate/Container/Container.php(662): Illuminate\\Container\\BoundMethod::call()
#26 /home/agstudiodiital/public_html/magia/vendor/laravel/framework/src/Illuminate/Console/Command.php(211): Illuminate\\Container\\Container->call()
#27 /home/agstudiodiital/public_html/magia/vendor/symfony/console/Command/Command.php(326): Illuminate\\Console\\Command->execute()
#28 /home/agstudiodiital/public_html/magia/vendor/laravel/framework/src/Illuminate/Console/Command.php(181): Symfony\\Component\\Console\\Command\\Command->run()
#29 /home/agstudiodiital/public_html/magia/vendor/laravel/framework/src/Illuminate/Console/Concerns/CallsCommands.php(68): Illuminate\\Console\\Command->run()
#30 /home/agstudiodiital/public_html/magia/vendor/laravel/framework/src/Illuminate/Console/Concerns/CallsCommands.php(28): Illuminate\\Console\\Command->runCommand()
#31 /home/agstudiodiital/public_html/magia/vendor/laravel/framework/src/Illuminate/Database/Console/Migrations/FreshCommand.php(59): Illuminate\\Console\\Command->call()
#32 /home/agstudiodiital/public_html/magia/vendor/laravel/framework/src/Illuminate/Container/BoundMethod.php(36): Illuminate\\Database\\Console\\Migrations\\FreshCommand->handle()
#33 /home/agstudiodiital/public_html/magia/vendor/laravel/framework/src/Illuminate/Container/Util.php(41): Illuminate\\Container\\BoundMethod::Illuminate\\Container\\{closure}()
#34 /home/agstudiodiital/public_html/magia/vendor/laravel/framework/src/Illuminate/Container/BoundMethod.php(93): Illuminate\\Container\\Util::unwrapIfClosure()
#35 /home/agstudiodiital/public_html/magia/vendor/laravel/framework/src/Illuminate/Container/BoundMethod.php(37): Illuminate\\Container\\BoundMethod::callBoundMethod()
#36 /home/agstudiodiital/public_html/magia/vendor/laravel/framework/src/Illuminate/Container/Container.php(662): Illuminate\\Container\\BoundMethod::call()
#37 /home/agstudiodiital/public_html/magia/vendor/laravel/framework/src/Illuminate/Console/Command.php(211): Illuminate\\Container\\Container->call()
#38 /home/agstudiodiital/public_html/magia/vendor/symfony/console/Command/Command.php(326): Illuminate\\Console\\Command->execute()
#39 /home/agstudiodiital/public_html/magia/vendor/laravel/framework/src/Illuminate/Console/Command.php(181): Symfony\\Component\\Console\\Command\\Command->run()
#40 /home/agstudiodiital/public_html/magia/vendor/symfony/console/Application.php(1088): Illuminate\\Console\\Command->run()
#41 /home/agstudiodiital/public_html/magia/vendor/symfony/console/Application.php(324): Symfony\\Component\\Console\\Application->doRunCommand()
#42 /home/agstudiodiital/public_html/magia/vendor/symfony/console/Application.php(175): Symfony\\Component\\Console\\Application->doRun()
#43 /home/agstudiodiital/public_html/magia/vendor/laravel/framework/src/Illuminate/Foundation/Console/Kernel.php(201): Symfony\\Component\\Console\\Application->run()
#44 /home/agstudiodiital/public_html/magia/artisan(37): Illuminate\\Foundation\\Console\\Kernel->handle()
#45 {main}
"} 
[2025-11-05 22:49:52] production.ERROR: SQLSTATE[42S01]: Base table or view already exists: 1050 Table 'ruoli' already exists (Connection: mysql, SQL: create table `ruoli` (`id` bigint unsigned not null auto_increment primary key, `nome` varchar(50) not null comment 'Nome ruolo (es: Super Admin)', `slug` varchar(50) not null comment 'Identificativo univoco (es: super-admin)', `descrizione` text null comment 'Descrizione del ruolo', `livello` int not null default '1' comment 'Livello gerarchico (1=più alto)', `attivo` tinyint(1) not null default '1' comment 'Ruolo attivo/disattivato', `created_at` timestamp null, `updated_at` timestamp null) default character set utf8mb4 collate 'utf8mb4_unicode_ci') {"exception":"[object] (Illuminate\\Database\\QueryException(code: 42S01): SQLSTATE[42S01]: Base table or view already exists: 1050 Table 'ruoli' already exists (Connection: mysql, SQL: create table `ruoli` (`id` bigint unsigned not null auto_increment primary key, `nome` varchar(50) not null comment 'Nome ruolo (es: Super Admin)', `slug` varchar(50) not null comment 'Identificativo univoco (es: super-admin)', `descrizione` text null comment 'Descrizione del ruolo', `livello` int not null default '1' comment 'Livello gerarchico (1=più alto)', `attivo` tinyint(1) not null default '1' comment 'Ruolo attivo/disattivato', `created_at` timestamp null, `updated_at` timestamp null) default character set utf8mb4 collate 'utf8mb4_unicode_ci') at /home/agstudiodiital/public_html/magia/vendor/laravel/framework/src/Illuminate/Database/Connection.php:829)
[stacktrace]
#0 /home/agstudiodiital/public_html/magia/vendor/laravel/framework/src/Illuminate/Database/Connection.php(783): Illuminate\\Database\\Connection->runQueryCallback()
#1 /home/agstudiodiital/public_html/magia/vendor/laravel/framework/src/Illuminate/Database/Connection.php(588): Illuminate\\Database\\Connection->run()
#2 /home/agstudiodiital/public_html/magia/vendor/laravel/framework/src/Illuminate/Database/Schema/Blueprint.php(110): Illuminate\\Database\\Connection->statement()
#3 /home/agstudiodiital/public_html/magia/vendor/laravel/framework/src/Illuminate/Database/Schema/Builder.php(602): Illuminate\\Database\\Schema\\Blueprint->build()
#4 /home/agstudiodiital/public_html/magia/vendor/laravel/framework/src/Illuminate/Database/Schema/Builder.php(460): Illuminate\\Database\\Schema\\Builder->build()
#5 /home/agstudiodiital/public_html/magia/vendor/laravel/framework/src/Illuminate/Support/Facades/Facade.php(355): Illuminate\\Database\\Schema\\Builder->create()
#6 /home/agstudiodiital/public_html/magia/database/migrations/2025_11_05_100001_create_ruoli_permessi_tables.php(42): Illuminate\\Support\\Facades\\Facade::__callStatic()
#7 /home/agstudiodiital/public_html/magia/vendor/laravel/framework/src/Illuminate/Database/Migrations/Migrator.php(501): Illuminate\\Database\\Migrations\\Migration@anonymous->up()
#8 /home/agstudiodiital/public_html/magia/vendor/laravel/framework/src/Illuminate/Database/Migrations/Migrator.php(418): Illuminate\\Database\\Migrations\\Migrator->runMethod()
#9 /home/agstudiodiital/public_html/magia/vendor/laravel/framework/src/Illuminate/Database/Migrations/Migrator.php(427): Illuminate\\Database\\Migrations\\Migrator->Illuminate\\Database\\Migrations\\{closure}()
#10 /home/agstudiodiital/public_html/magia/vendor/laravel/framework/src/Illuminate/Database/Migrations/Migrator.php(224): Illuminate\\Database\\Migrations\\Migrator->runMigration()
#11 /home/agstudiodiital/public_html/magia/vendor/laravel/framework/src/Illuminate/Console/View/Components/Task.php(37): Illuminate\\Database\\Migrations\\Migrator->Illuminate\\Database\\Migrations\\{closure}()
#12 /home/agstudiodiital/public_html/magia/vendor/laravel/framework/src/Illuminate/Database/Migrations/Migrator.php(783): Illuminate\\Console\\View\\Components\\Task->render()
#13 /home/agstudiodiital/public_html/magia/vendor/laravel/framework/src/Illuminate/Database/Migrations/Migrator.php(224): Illuminate\\Database\\Migrations\\Migrator->write()
#14 /home/agstudiodiital/public_html/magia/vendor/laravel/framework/src/Illuminate/Database/Migrations/Migrator.php(189): Illuminate\\Database\\Migrations\\Migrator->runUp()
#15 /home/agstudiodiital/public_html/magia/vendor/laravel/framework/src/Illuminate/Database/Migrations/Migrator.php(132): Illuminate\\Database\\Migrations\\Migrator->runPending()
#16 /home/agstudiodiital/public_html/magia/vendor/laravel/framework/src/Illuminate/Database/Console/Migrations/MigrateCommand.php(92): Illuminate\\Database\\Migrations\\Migrator->run()
#17 /home/agstudiodiital/public_html/magia/vendor/laravel/framework/src/Illuminate/Database/Migrations/Migrator.php(641): Illuminate\\Database\\Console\\Migrations\\MigrateCommand->Illuminate\\Database\\Console\\Migrations\\{closure}()
#18 /home/agstudiodiital/public_html/magia/vendor/laravel/framework/src/Illuminate/Database/Console/Migrations/MigrateCommand.php(104): Illuminate\\Database\\Migrations\\Migrator->usingConnection()
#19 /home/agstudiodiital/public_html/magia/vendor/laravel/framework/src/Illuminate/Container/BoundMethod.php(36): Illuminate\\Database\\Console\\Migrations\\MigrateCommand->handle()
#20 /home/agstudiodiital/public_html/magia/vendor/laravel/framework/src/Illuminate/Container/Util.php(41): Illuminate\\Container\\BoundMethod::Illuminate\\Container\\{closure}()
#21 /home/agstudiodiital/public_html/magia/vendor/laravel/framework/src/Illuminate/Container/BoundMethod.php(93): Illuminate\\Container\\Util::unwrapIfClosure()
#22 /home/agstudiodiital/public_html/magia/vendor/laravel/framework/src/Illuminate/Container/BoundMethod.php(37): Illuminate\\Container\\BoundMethod::callBoundMethod()
#23 /home/agstudiodiital/public_html/magia/vendor/laravel/framework/src/Illuminate/Container/Container.php(662): Illuminate\\Container\\BoundMethod::call()
#24 /home/agstudiodiital/public_html/magia/vendor/laravel/framework/src/Illuminate/Console/Command.php(211): Illuminate\\Container\\Container->call()
#25 /home/agstudiodiital/public_html/magia/vendor/symfony/console/Command/Command.php(326): Illuminate\\Console\\Command->execute()
#26 /home/agstudiodiital/public_html/magia/vendor/laravel/framework/src/Illuminate/Console/Command.php(181): Symfony\\Component\\Console\\Command\\Command->run()
#27 /home/agstudiodiital/public_html/magia/vendor/laravel/framework/src/Illuminate/Console/Concerns/CallsCommands.php(68): Illuminate\\Console\\Command->run()
#28 /home/agstudiodiital/public_html/magia/vendor/laravel/framework/src/Illuminate/Console/Concerns/CallsCommands.php(28): Illuminate\\Console\\Command->runCommand()
#29 /home/agstudiodiital/public_html/magia/vendor/laravel/framework/src/Illuminate/Database/Console/Migrations/FreshCommand.php(59): Illuminate\\Console\\Command->call()
#30 /home/agstudiodiital/public_html/magia/vendor/laravel/framework/src/Illuminate/Container/BoundMethod.php(36): Illuminate\\Database\\Console\\Migrations\\FreshCommand->handle()
#31 /home/agstudiodiital/public_html/magia/vendor/laravel/framework/src/Illuminate/Container/Util.php(41): Illuminate\\Container\\BoundMethod::Illuminate\\Container\\{closure}()
#32 /home/agstudiodiital/public_html/magia/vendor/laravel/framework/src/Illuminate/Container/BoundMethod.php(93): Illuminate\\Container\\Util::unwrapIfClosure()
#33 /home/agstudiodiital/public_html/magia/vendor/laravel/framework/src/Illuminate/Container/BoundMethod.php(37): Illuminate\\Container\\BoundMethod::callBoundMethod()
#34 /home/agstudiodiital/public_html/magia/vendor/laravel/framework/src/Illuminate/Container/Container.php(662): Illuminate\\Container\\BoundMethod::call()
#35 /home/agstudiodiital/public_html/magia/vendor/laravel/framework/src/Illuminate/Console/Command.php(211): Illuminate\\Container\\Container->call()
#36 /home/agstudiodiital/public_html/magia/vendor/symfony/console/Command/Command.php(326): Illuminate\\Console\\Command->execute()
#37 /home/agstudiodiital/public_html/magia/vendor/laravel/framework/src/Illuminate/Console/Command.php(181): Symfony\\Component\\Console\\Command\\Command->run()
#38 /home/agstudiodiital/public_html/magia/vendor/symfony/console/Application.php(1088): Illuminate\\Console\\Command->run()
#39 /home/agstudiodiital/public_html/magia/vendor/symfony/console/Application.php(324): Symfony\\Component\\Console\\Application->doRunCommand()
#40 /home/agstudiodiital/public_html/magia/vendor/symfony/console/Application.php(175): Symfony\\Component\\Console\\Application->doRun()
#41 /home/agstudiodiital/public_html/magia/vendor/laravel/framework/src/Illuminate/Foundation/Console/Kernel.php(201): Symfony\\Component\\Console\\Application->run()
#42 /home/agstudiodiital/public_html/magia/artisan(37): Illuminate\\Foundation\\Console\\Kernel->handle()
#43 {main}

[previous exception] [object] (PDOException(code: 42S01): SQLSTATE[42S01]: Base table or view already exists: 1050 Table 'ruoli' already exists at /home/agstudiodiital/public_html/magia/vendor/laravel/framework/src/Illuminate/Database/Connection.php:587)
[stacktrace]
#0 /home/agstudiodiital/public_html/magia/vendor/laravel/framework/src/Illuminate/Database/Connection.php(587): PDOStatement->execute()
#1 /home/agstudiodiital/public_html/magia/vendor/laravel/framework/src/Illuminate/Database/Connection.php(816): Illuminate\\Database\\Connection->Illuminate\\Database\\{closure}()
#2 /home/agstudiodiital/public_html/magia/vendor/laravel/framework/src/Illuminate/Database/Connection.php(783): Illuminate\\Database\\Connection->runQueryCallback()
#3 /home/agstudiodiital/public_html/magia/vendor/laravel/framework/src/Illuminate/Database/Connection.php(588): Illuminate\\Database\\Connection->run()
#4 /home/agstudiodiital/public_html/magia/vendor/laravel/framework/src/Illuminate/Database/Schema/Blueprint.php(110): Illuminate\\Database\\Connection->statement()
#5 /home/agstudiodiital/public_html/magia/vendor/laravel/framework/src/Illuminate/Database/Schema/Builder.php(602): Illuminate\\Database\\Schema\\Blueprint->build()
#6 /home/agstudiodiital/public_html/magia/vendor/laravel/framework/src/Illuminate/Database/Schema/Builder.php(460): Illuminate\\Database\\Schema\\Builder->build()
#7 /home/agstudiodiital/public_html/magia/vendor/laravel/framework/src/Illuminate/Support/Facades/Facade.php(355): Illuminate\\Database\\Schema\\Builder->create()
#8 /home/agstudiodiital/public_html/magia/database/migrations/2025_11_05_100001_create_ruoli_permessi_tables.php(42): Illuminate\\Support\\Facades\\Facade::__callStatic()
#9 /home/agstudiodiital/public_html/magia/vendor/laravel/framework/src/Illuminate/Database/Migrations/Migrator.php(501): Illuminate\\Database\\Migrations\\Migration@anonymous->up()
#10 /home/agstudiodiital/public_html/magia/vendor/laravel/framework/src/Illuminate/Database/Migrations/Migrator.php(418): Illuminate\\Database\\Migrations\\Migrator->runMethod()
#11 /home/agstudiodiital/public_html/magia/vendor/laravel/framework/src/Illuminate/Database/Migrations/Migrator.php(427): Illuminate\\Database\\Migrations\\Migrator->Illuminate\\Database\\Migrations\\{closure}()
#12 /home/agstudiodiital/public_html/magia/vendor/laravel/framework/src/Illuminate/Database/Migrations/Migrator.php(224): Illuminate\\Database\\Migrations\\Migrator->runMigration()
#13 /home/agstudiodiital/public_html/magia/vendor/laravel/framework/src/Illuminate/Console/View/Components/Task.php(37): Illuminate\\Database\\Migrations\\Migrator->Illuminate\\Database\\Migrations\\{closure}()
#14 /home/agstudiodiital/public_html/magia/vendor/laravel/framework/src/Illuminate/Database/Migrations/Migrator.php(783): Illuminate\\Console\\View\\Components\\Task->render()
#15 /home/agstudiodiital/public_html/magia/vendor/laravel/framework/src/Illuminate/Database/Migrations/Migrator.php(224): Illuminate\\Database\\Migrations\\Migrator->write()
#16 /home/agstudiodiital/public_html/magia/vendor/laravel/framework/src/Illuminate/Database/Migrations/Migrator.php(189): Illuminate\\Database\\Migrations\\Migrator->runUp()
#17 /home/agstudiodiital/public_html/magia/vendor/laravel/framework/src/Illuminate/Database/Migrations/Migrator.php(132): Illuminate\\Database\\Migrations\\Migrator->runPending()
#18 /home/agstudiodiital/public_html/magia/vendor/laravel/framework/src/Illuminate/Database/Console/Migrations/MigrateCommand.php(92): Illuminate\\Database\\Migrations\\Migrator->run()
#19 /home/agstudiodiital/public_html/magia/vendor/laravel/framework/src/Illuminate/Database/Migrations/Migrator.php(641): Illuminate\\Database\\Console\\Migrations\\MigrateCommand->Illuminate\\Database\\Console\\Migrations\\{closure}()
#20 /home/agstudiodiital/public_html/magia/vendor/laravel/framework/src/Illuminate/Database/Console/Migrations/MigrateCommand.php(104): Illuminate\\Database\\Migrations\\Migrator->usingConnection()
#21 /home/agstudiodiital/public_html/magia/vendor/laravel/framework/src/Illuminate/Container/BoundMethod.php(36): Illuminate\\Database\\Console\\Migrations\\MigrateCommand->handle()
#22 /home/agstudiodiital/public_html/magia/vendor/laravel/framework/src/Illuminate/Container/Util.php(41): Illuminate\\Container\\BoundMethod::Illuminate\\Container\\{closure}()
#23 /home/agstudiodiital/public_html/magia/vendor/laravel/framework/src/Illuminate/Container/BoundMethod.php(93): Illuminate\\Container\\Util::unwrapIfClosure()
#24 /home/agstudiodiital/public_html/magia/vendor/laravel/framework/src/Illuminate/Container/BoundMethod.php(37): Illuminate\\Container\\BoundMethod::callBoundMethod()
#25 /home/agstudiodiital/public_html/magia/vendor/laravel/framework/src/Illuminate/Container/Container.php(662): Illuminate\\Container\\BoundMethod::call()
#26 /home/agstudiodiital/public_html/magia/vendor/laravel/framework/src/Illuminate/Console/Command.php(211): Illuminate\\Container\\Container->call()
#27 /home/agstudiodiital/public_html/magia/vendor/symfony/console/Command/Command.php(326): Illuminate\\Console\\Command->execute()
#28 /home/agstudiodiital/public_html/magia/vendor/laravel/framework/src/Illuminate/Console/Command.php(181): Symfony\\Component\\Console\\Command\\Command->run()
#29 /home/agstudiodiital/public_html/magia/vendor/laravel/framework/src/Illuminate/Console/Concerns/CallsCommands.php(68): Illuminate\\Console\\Command->run()
#30 /home/agstudiodiital/public_html/magia/vendor/laravel/framework/src/Illuminate/Console/Concerns/CallsCommands.php(28): Illuminate\\Console\\Command->runCommand()
#31 /home/agstudiodiital/public_html/magia/vendor/laravel/framework/src/Illuminate/Database/Console/Migrations/FreshCommand.php(59): Illuminate\\Console\\Command->call()
#32 /home/agstudiodiital/public_html/magia/vendor/laravel/framework/src/Illuminate/Container/BoundMethod.php(36): Illuminate\\Database\\Console\\Migrations\\FreshCommand->handle()
#33 /home/agstudiodiital/public_html/magia/vendor/laravel/framework/src/Illuminate/Container/Util.php(41): Illuminate\\Container\\BoundMethod::Illuminate\\Container\\{closure}()
#34 /home/agstudiodiital/public_html/magia/vendor/laravel/framework/src/Illuminate/Container/BoundMethod.php(93): Illuminate\\Container\\Util::unwrapIfClosure()
#35 /home/agstudiodiital/public_html/magia/vendor/laravel/framework/src/Illuminate/Container/BoundMethod.php(37): Illuminate\\Container\\BoundMethod::callBoundMethod()
#36 /home/agstudiodiital/public_html/magia/vendor/laravel/framework/src/Illuminate/Container/Container.php(662): Illuminate\\Container\\BoundMethod::call()
#37 /home/agstudiodiital/public_html/magia/vendor/laravel/framework/src/Illuminate/Console/Command.php(211): Illuminate\\Container\\Container->call()
#38 /home/agstudiodiital/public_html/magia/vendor/symfony/console/Command/Command.php(326): Illuminate\\Console\\Command->execute()
#39 /home/agstudiodiital/public_html/magia/vendor/laravel/framework/src/Illuminate/Console/Command.php(181): Symfony\\Component\\Console\\Command\\Command->run()
#40 /home/agstudiodiital/public_html/magia/vendor/symfony/console/Application.php(1088): Illuminate\\Console\\Command->run()
#41 /home/agstudiodiital/public_html/magia/vendor/symfony/console/Application.php(324): Symfony\\Component\\Console\\Application->doRunCommand()
#42 /home/agstudiodiital/public_html/magia/vendor/symfony/console/Application.php(175): Symfony\\Component\\Console\\Application->doRun()
#43 /home/agstudiodiital/public_html/magia/vendor/laravel/framework/src/Illuminate/Foundation/Console/Kernel.php(201): Symfony\\Component\\Console\\Application->run()
#44 /home/agstudiodiital/public_html/magia/artisan(37): Illuminate\\Foundation\\Console\\Kernel->handle()
#45 {main}
"} 
[2025-11-05 23:00:47] production.ERROR: SQLSTATE[42S02]: Base table or view not found: 1146 Table 'agstudiodiital_magia.sessions' doesn't exist (Connection: mysql, SQL: select * from `sessions` where `id` = J2IHK742YSKybk8INACNhBEgFvpEoY9v80JdPIpr limit 1) {"exception":"[object] (Illuminate\\Database\\QueryException(code: 42S02): SQLSTATE[42S02]: Base table or view not found: 1146 Table 'agstudiodiital_magia.sessions' doesn't exist (Connection: mysql, SQL: select * from `sessions` where `id` = J2IHK742YSKybk8INACNhBEgFvpEoY9v80JdPIpr limit 1) at /home/agstudiodiital/public_html/magia/vendor/laravel/framework/src/Illuminate/Database/Connection.php:829)
[stacktrace]
#0 /home/agstudiodiital/public_html/magia/vendor/laravel/framework/src/Illuminate/Database/Connection.php(783): Illuminate\\Database\\Connection->runQueryCallback()
#1 /home/agstudiodiital/public_html/magia/vendor/laravel/framework/src/Illuminate/Database/Connection.php(431): Illuminate\\Database\\Connection->run()
#2 /home/agstudiodiital/public_html/magia/vendor/laravel/framework/src/Illuminate/Database/Query/Builder.php(2914): Illuminate\\Database\\Connection->select()
#3 /home/agstudiodiital/public_html/magia/vendor/laravel/framework/src/Illuminate/Database/Query/Builder.php(2902): Illuminate\\Database\\Query\\Builder->runSelect()
#4 /home/agstudiodiital/public_html/magia/vendor/laravel/framework/src/Illuminate/Database/Query/Builder.php(3456): Illuminate\\Database\\Query\\Builder->Illuminate\\Database\\Query\\{closure}()
#5 /home/agstudiodiital/public_html/magia/vendor/laravel/framework/src/Illuminate/Database/Query/Builder.php(2903): Illuminate\\Database\\Query\\Builder->onceWithColumns()
#6 /home/agstudiodiital/public_html/magia/vendor/laravel/framework/src/Illuminate/Database/Concerns/BuildsQueries.php(333): Illuminate\\Database\\Query\\Builder->get()
#7 /home/agstudiodiital/public_html/magia/vendor/laravel/framework/src/Illuminate/Database/Query/Builder.php(2824): Illuminate\\Database\\Query\\Builder->first()
#8 /home/agstudiodiital/public_html/magia/vendor/laravel/framework/src/Illuminate/Session/DatabaseSessionHandler.php(97): Illuminate\\Database\\Query\\Builder->find()
#9 /home/agstudiodiital/public_html/magia/vendor/laravel/framework/src/Illuminate/Session/Store.php(113): Illuminate\\Session\\DatabaseSessionHandler->read()
#10 /home/agstudiodiital/public_html/magia/vendor/laravel/framework/src/Illuminate/Session/Store.php(101): Illuminate\\Session\\Store->readFromHandler()
#11 /home/agstudiodiital/public_html/magia/vendor/laravel/framework/src/Illuminate/Session/Store.php(85): Illuminate\\Session\\Store->loadSession()
#12 /home/agstudiodiital/public_html/magia/vendor/laravel/framework/src/Illuminate/Session/Middleware/StartSession.php(147): Illuminate\\Session\\Store->start()
#13 /home/agstudiodiital/public_html/magia/vendor/laravel/framework/src/Illuminate/Support/helpers.php(320): Illuminate\\Session\\Middleware\\StartSession->Illuminate\\Session\\Middleware\\{closure}()
#14 /home/agstudiodiital/public_html/magia/vendor/laravel/framework/src/Illuminate/Session/Middleware/StartSession.php(148): tap()
#15 /home/agstudiodiital/public_html/magia/vendor/laravel/framework/src/Illuminate/Session/Middleware/StartSession.php(116): Illuminate\\Session\\Middleware\\StartSession->startSession()
#16 /home/agstudiodiital/public_html/magia/vendor/laravel/framework/src/Illuminate/Session/Middleware/StartSession.php(64): Illuminate\\Session\\Middleware\\StartSession->handleStatefulRequest()
#17 /home/agstudiodiital/public_html/magia/vendor/laravel/framework/src/Illuminate/Pipeline/Pipeline.php(183): Illuminate\\Session\\Middleware\\StartSession->handle()
#18 /home/agstudiodiital/public_html/magia/vendor/laravel/framework/src/Illuminate/Cookie/Middleware/AddQueuedCookiesToResponse.php(37): Illuminate\\Pipeline\\Pipeline->Illuminate\\Pipeline\\{closure}()
#19 /home/agstudiodiital/public_html/magia/vendor/laravel/framework/src/Illuminate/Pipeline/Pipeline.php(183): Illuminate\\Cookie\\Middleware\\AddQueuedCookiesToResponse->handle()
#20 /home/agstudiodiital/public_html/magia/vendor/laravel/framework/src/Illuminate/Cookie/Middleware/EncryptCookies.php(67): Illuminate\\Pipeline\\Pipeline->Illuminate\\Pipeline\\{closure}()
#21 /home/agstudiodiital/public_html/magia/vendor/laravel/framework/src/Illuminate/Pipeline/Pipeline.php(183): Illuminate\\Cookie\\Middleware\\EncryptCookies->handle()
#22 /home/agstudiodiital/public_html/magia/vendor/laravel/framework/src/Illuminate/Pipeline/Pipeline.php(119): Illuminate\\Pipeline\\Pipeline->Illuminate\\Pipeline\\{closure}()
#23 /home/agstudiodiital/public_html/magia/vendor/laravel/framework/src/Illuminate/Routing/Router.php(807): Illuminate\\Pipeline\\Pipeline->then()
#24 /home/agstudiodiital/public_html/magia/vendor/laravel/framework/src/Illuminate/Routing/Router.php(784): Illuminate\\Routing\\Router->runRouteWithinStack()
#25 /home/agstudiodiital/public_html/magia/vendor/laravel/framework/src/Illuminate/Routing/Router.php(748): Illuminate\\Routing\\Router->runRoute()
#26 /home/agstudiodiital/public_html/magia/vendor/laravel/framework/src/Illuminate/Routing/Router.php(737): Illuminate\\Routing\\Router->dispatchToRoute()
#27 /home/agstudiodiital/public_html/magia/vendor/laravel/framework/src/Illuminate/Foundation/Http/Kernel.php(200): Illuminate\\Routing\\Router->dispatch()
#28 /home/agstudiodiital/public_html/magia/vendor/laravel/framework/src/Illuminate/Pipeline/Pipeline.php(144): Illuminate\\Foundation\\Http\\Kernel->Illuminate\\Foundation\\Http\\{closure}()
#29 /home/agstudiodiital/public_html/magia/vendor/laravel/framework/src/Illuminate/Foundation/Http/Middleware/TransformsRequest.php(21): Illuminate\\Pipeline\\Pipeline->Illuminate\\Pipeline\\{closure}()
#30 /home/agstudiodiital/public_html/magia/vendor/laravel/framework/src/Illuminate/Foundation/Http/Middleware/ConvertEmptyStringsToNull.php(31): Illuminate\\Foundation\\Http\\Middleware\\TransformsRequest->handle()
#31 /home/agstudiodiital/public_html/magia/vendor/laravel/framework/src/Illuminate/Pipeline/Pipeline.php(183): Illuminate\\Foundation\\Http\\Middleware\\ConvertEmptyStringsToNull->handle()
#32 /home/agstudiodiital/public_html/magia/vendor/laravel/framework/src/Illuminate/Foundation/Http/Middleware/TransformsRequest.php(21): Illuminate\\Pipeline\\Pipeline->Illuminate\\Pipeline\\{closure}()
#33 /home/agstudiodiital/public_html/magia/vendor/laravel/framework/src/Illuminate/Foundation/Http/Middleware/TrimStrings.php(40): Illuminate\\Foundation\\Http\\Middleware\\TransformsRequest->handle()
#34 /home/agstudiodiital/public_html/magia/vendor/laravel/framework/src/Illuminate/Pipeline/Pipeline.php(183): Illuminate\\Foundation\\Http\\Middleware\\TrimStrings->handle()
#35 /home/agstudiodiital/public_html/magia/vendor/laravel/framework/src/Illuminate/Foundation/Http/Middleware/ValidatePostSize.php(27): Illuminate\\Pipeline\\Pipeline->Illuminate\\Pipeline\\{closure}()
#36 /home/agstudiodiital/public_html/magia/vendor/laravel/framework/src/Illuminate/Pipeline/Pipeline.php(183): Illuminate\\Foundation\\Http\\Middleware\\ValidatePostSize->handle()
#37 /home/agstudiodiital/public_html/magia/vendor/laravel/framework/src/Illuminate/Foundation/Http/Middleware/PreventRequestsDuringMaintenance.php(99): Illuminate\\Pipeline\\Pipeline->Illuminate\\Pipeline\\{closure}()
#38 /home/agstudiodiital/public_html/magia/vendor/laravel/framework/src/Illuminate/Pipeline/Pipeline.php(183): Illuminate\\Foundation\\Http\\Middleware\\PreventRequestsDuringMaintenance->handle()
#39 /home/agstudiodiital/public_html/magia/vendor/laravel/framework/src/Illuminate/Http/Middleware/HandleCors.php(49): Illuminate\\Pipeline\\Pipeline->Illuminate\\Pipeline\\{closure}()
#40 /home/agstudiodiital/public_html/magia/vendor/laravel/framework/src/Illuminate/Pipeline/Pipeline.php(183): Illuminate\\Http\\Middleware\\HandleCors->handle()
#41 /home/agstudiodiital/public_html/magia/vendor/laravel/framework/src/Illuminate/Http/Middleware/TrustProxies.php(39): Illuminate\\Pipeline\\Pipeline->Illuminate\\Pipeline\\{closure}()
#42 /home/agstudiodiital/public_html/magia/vendor/laravel/framework/src/Illuminate/Pipeline/Pipeline.php(183): Illuminate\\Http\\Middleware\\TrustProxies->handle()
#43 /home/agstudiodiital/public_html/magia/vendor/laravel/framework/src/Illuminate/Pipeline/Pipeline.php(119): Illuminate\\Pipeline\\Pipeline->Illuminate\\Pipeline\\{closure}()
#44 /home/agstudiodiital/public_html/magia/vendor/laravel/framework/src/Illuminate/Foundation/Http/Kernel.php(175): Illuminate\\Pipeline\\Pipeline->then()
#45 /home/agstudiodiital/public_html/magia/vendor/laravel/framework/src/Illuminate/Foundation/Http/Kernel.php(144): Illuminate\\Foundation\\Http\\Kernel->sendRequestThroughRouter()
#46 /home/agstudiodiital/public_html/magia/public/index.php(52): Illuminate\\Foundation\\Http\\Kernel->handle()
#47 {main}

[previous exception] [object] (PDOException(code: 42S02): SQLSTATE[42S02]: Base table or view not found: 1146 Table 'agstudiodiital_magia.sessions' doesn't exist at /home/agstudiodiital/public_html/magia/vendor/laravel/framework/src/Illuminate/Database/Connection.php:423)
[stacktrace]
#0 /home/agstudiodiital/public_html/magia/vendor/laravel/framework/src/Illuminate/Database/Connection.php(423): PDO->prepare()
#1 /home/agstudiodiital/public_html/magia/vendor/laravel/framework/src/Illuminate/Database/Connection.php(816): Illuminate\\Database\\Connection->Illuminate\\Database\\{closure}()
#2 /home/agstudiodiital/public_html/magia/vendor/laravel/framework/src/Illuminate/Database/Connection.php(783): Illuminate\\Database\\Connection->runQueryCallback()
#3 /home/agstudiodiital/public_html/magia/vendor/laravel/framework/src/Illuminate/Database/Connection.php(431): Illuminate\\Database\\Connection->run()
#4 /home/agstudiodiital/public_html/magia/vendor/laravel/framework/src/Illuminate/Database/Query/Builder.php(2914): Illuminate\\Database\\Connection->select()
#5 /home/agstudiodiital/public_html/magia/vendor/laravel/framework/src/Illuminate/Database/Query/Builder.php(2902): Illuminate\\Database\\Query\\Builder->runSelect()
#6 /home/agstudiodiital/public_html/magia/vendor/laravel/framework/src/Illuminate/Database/Query/Builder.php(3456): Illuminate\\Database\\Query\\Builder->Illuminate\\Database\\Query\\{closure}()
#7 /home/agstudiodiital/public_html/magia/vendor/laravel/framework/src/Illuminate/Database/Query/Builder.php(2903): Illuminate\\Database\\Query\\Builder->onceWithColumns()
#8 /home/agstudiodiital/public_html/magia/vendor/laravel/framework/src/Illuminate/Database/Concerns/BuildsQueries.php(333): Illuminate\\Database\\Query\\Builder->get()
#9 /home/agstudiodiital/public_html/magia/vendor/laravel/framework/src/Illuminate/Database/Query/Builder.php(2824): Illuminate\\Database\\Query\\Builder->first()
#10 /home/agstudiodiital/public_html/magia/vendor/laravel/framework/src/Illuminate/Session/DatabaseSessionHandler.php(97): Illuminate\\Database\\Query\\Builder->find()
#11 /home/agstudiodiital/public_html/magia/vendor/laravel/framework/src/Illuminate/Session/Store.php(113): Illuminate\\Session\\DatabaseSessionHandler->read()
#12 /home/agstudiodiital/public_html/magia/vendor/laravel/framework/src/Illuminate/Session/Store.php(101): Illuminate\\Session\\Store->readFromHandler()
#13 /home/agstudiodiital/public_html/magia/vendor/laravel/framework/src/Illuminate/Session/Store.php(85): Illuminate\\Session\\Store->loadSession()
#14 /home/agstudiodiital/public_html/magia/vendor/laravel/framework/src/Illuminate/Session/Middleware/StartSession.php(147): Illuminate\\Session\\Store->start()
#15 /home/agstudiodiital/public_html/magia/vendor/laravel/framework/src/Illuminate/Support/helpers.php(320): Illuminate\\Session\\Middleware\\StartSession->Illuminate\\Session\\Middleware\\{closure}()
#16 /home/agstudiodiital/public_html/magia/vendor/laravel/framework/src/Illuminate/Session/Middleware/StartSession.php(148): tap()
#17 /home/agstudiodiital/public_html/magia/vendor/laravel/framework/src/Illuminate/Session/Middleware/StartSession.php(116): Illuminate\\Session\\Middleware\\StartSession->startSession()
#18 /home/agstudiodiital/public_html/magia/vendor/laravel/framework/src/Illuminate/Session/Middleware/StartSession.php(64): Illuminate\\Session\\Middleware\\StartSession->handleStatefulRequest()
#19 /home/agstudiodiital/public_html/magia/vendor/laravel/framework/src/Illuminate/Pipeline/Pipeline.php(183): Illuminate\\Session\\Middleware\\StartSession->handle()
#20 /home/agstudiodiital/public_html/magia/vendor/laravel/framework/src/Illuminate/Cookie/Middleware/AddQueuedCookiesToResponse.php(37): Illuminate\\Pipeline\\Pipeline->Illuminate\\Pipeline\\{closure}()
#21 /home/agstudiodiital/public_html/magia/vendor/laravel/framework/src/Illuminate/Pipeline/Pipeline.php(183): Illuminate\\Cookie\\Middleware\\AddQueuedCookiesToResponse->handle()
#22 /home/agstudiodiital/public_html/magia/vendor/laravel/framework/src/Illuminate/Cookie/Middleware/EncryptCookies.php(67): Illuminate\\Pipeline\\Pipeline->Illuminate\\Pipeline\\{closure}()
#23 /home/agstudiodiital/public_html/magia/vendor/laravel/framework/src/Illuminate/Pipeline/Pipeline.php(183): Illuminate\\Cookie\\Middleware\\EncryptCookies->handle()
#24 /home/agstudiodiital/public_html/magia/vendor/laravel/framework/src/Illuminate/Pipeline/Pipeline.php(119): Illuminate\\Pipeline\\Pipeline->Illuminate\\Pipeline\\{closure}()
#25 /home/agstudiodiital/public_html/magia/vendor/laravel/framework/src/Illuminate/Routing/Router.php(807): Illuminate\\Pipeline\\Pipeline->then()
#26 /home/agstudiodiital/public_html/magia/vendor/laravel/framework/src/Illuminate/Routing/Router.php(784): Illuminate\\Routing\\Router->runRouteWithinStack()
#27 /home/agstudiodiital/public_html/magia/vendor/laravel/framework/src/Illuminate/Routing/Router.php(748): Illuminate\\Routing\\Router->runRoute()
#28 /home/agstudiodiital/public_html/magia/vendor/laravel/framework/src/Illuminate/Routing/Router.php(737): Illuminate\\Routing\\Router->dispatchToRoute()
#29 /home/agstudiodiital/public_html/magia/vendor/laravel/framework/src/Illuminate/Foundation/Http/Kernel.php(200): Illuminate\\Routing\\Router->dispatch()
#30 /home/agstudiodiital/public_html/magia/vendor/laravel/framework/src/Illuminate/Pipeline/Pipeline.php(144): Illuminate\\Foundation\\Http\\Kernel->Illuminate\\Foundation\\Http\\{closure}()
#31 /home/agstudiodiital/public_html/magia/vendor/laravel/framework/src/Illuminate/Foundation/Http/Middleware/TransformsRequest.php(21): Illuminate\\Pipeline\\Pipeline->Illuminate\\Pipeline\\{closure}()
#32 /home/agstudiodiital/public_html/magia/vendor/laravel/framework/src/Illuminate/Foundation/Http/Middleware/ConvertEmptyStringsToNull.php(31): Illuminate\\Foundation\\Http\\Middleware\\TransformsRequest->handle()
#33 /home/agstudiodiital/public_html/magia/vendor/laravel/framework/src/Illuminate/Pipeline/Pipeline.php(183): Illuminate\\Foundation\\Http\\Middleware\\ConvertEmptyStringsToNull->handle()
#34 /home/agstudiodiital/public_html/magia/vendor/laravel/framework/src/Illuminate/Foundation/Http/Middleware/TransformsRequest.php(21): Illuminate\\Pipeline\\Pipeline->Illuminate\\Pipeline\\{closure}()
#35 /home/agstudiodiital/public_html/magia/vendor/laravel/framework/src/Illuminate/Foundation/Http/Middleware/TrimStrings.php(40): Illuminate\\Foundation\\Http\\Middleware\\TransformsRequest->handle()
#36 /home/agstudiodiital/public_html/magia/vendor/laravel/framework/src/Illuminate/Pipeline/Pipeline.php(183): Illuminate\\Foundation\\Http\\Middleware\\TrimStrings->handle()
#37 /home/agstudiodiital/public_html/magia/vendor/laravel/framework/src/Illuminate/Foundation/Http/Middleware/ValidatePostSize.php(27): Illuminate\\Pipeline\\Pipeline->Illuminate\\Pipeline\\{closure}()
#38 /home/agstudiodiital/public_html/magia/vendor/laravel/framework/src/Illuminate/Pipeline/Pipeline.php(183): Illuminate\\Foundation\\Http\\Middleware\\ValidatePostSize->handle()
#39 /home/agstudiodiital/public_html/magia/vendor/laravel/framework/src/Illuminate/Foundation/Http/Middleware/PreventRequestsDuringMaintenance.php(99): Illuminate\\Pipeline\\Pipeline->Illuminate\\Pipeline\\{closure}()
#40 /home/agstudiodiital/public_html/magia/vendor/laravel/framework/src/Illuminate/Pipeline/Pipeline.php(183): Illuminate\\Foundation\\Http\\Middleware\\PreventRequestsDuringMaintenance->handle()
#41 /home/agstudiodiital/public_html/magia/vendor/laravel/framework/src/Illuminate/Http/Middleware/HandleCors.php(49): Illuminate\\Pipeline\\Pipeline->Illuminate\\Pipeline\\{closure}()
#42 /home/agstudiodiital/public_html/magia/vendor/laravel/framework/src/Illuminate/Pipeline/Pipeline.php(183): Illuminate\\Http\\Middleware\\HandleCors->handle()
#43 /home/agstudiodiital/public_html/magia/vendor/laravel/framework/src/Illuminate/Http/Middleware/TrustProxies.php(39): Illuminate\\Pipeline\\Pipeline->Illuminate\\Pipeline\\{closure}()
#44 /home/agstudiodiital/public_html/magia/vendor/laravel/framework/src/Illuminate/Pipeline/Pipeline.php(183): Illuminate\\Http\\Middleware\\TrustProxies->handle()
#45 /home/agstudiodiital/public_html/magia/vendor/laravel/framework/src/Illuminate/Pipeline/Pipeline.php(119): Illuminate\\Pipeline\\Pipeline->Illuminate\\Pipeline\\{closure}()
#46 /home/agstudiodiital/public_html/magia/vendor/laravel/framework/src/Illuminate/Foundation/Http/Kernel.php(175): Illuminate\\Pipeline\\Pipeline->then()
#47 /home/agstudiodiital/public_html/magia/vendor/laravel/framework/src/Illuminate/Foundation/Http/Kernel.php(144): Illuminate\\Foundation\\Http\\Kernel->sendRequestThroughRouter()
#48 /home/agstudiodiital/public_html/magia/public/index.php(52): Illuminate\\Foundation\\Http\\Kernel->handle()
#49 {main}
"} 
[2025-11-10 08:25:44] production.ERROR: Undefined variable $totaleClienti {"view":{"view":"/home/agstudiodiital/public_html/magia/resources/views/admin/dashboard.blade.php","data":[]},"userId":1,"exception":"[object] (Spatie\\LaravelIgnition\\Exceptions\\ViewException(code: 0): Undefined variable $totaleClienti at /home/agstudiodiital/public_html/magia/resources/views/admin/dashboard.blade.php:16)
[stacktrace]
#0 /home/agstudiodiital/public_html/magia/vendor/laravel/framework/src/Illuminate/Filesystem/Filesystem.php(123): require('/home/agstudiod...')
#1 /home/agstudiodiital/public_html/magia/vendor/laravel/framework/src/Illuminate/Filesystem/Filesystem.php(124): Illuminate\\Filesystem\\Filesystem::Illuminate\\Filesystem\\{closure}()
#2 /home/agstudiodiital/public_html/magia/vendor/laravel/framework/src/Illuminate/View/Engines/PhpEngine.php(58): Illuminate\\Filesystem\\Filesystem->getRequire()
#3 /home/agstudiodiital/public_html/magia/vendor/laravel/framework/src/Illuminate/View/Engines/CompilerEngine.php(72): Illuminate\\View\\Engines\\PhpEngine->evaluatePath()
#4 /home/agstudiodiital/public_html/magia/vendor/laravel/framework/src/Illuminate/View/View.php(207): Illuminate\\View\\Engines\\CompilerEngine->get()
#5 /home/agstudiodiital/public_html/magia/vendor/laravel/framework/src/Illuminate/View/View.php(190): Illuminate\\View\\View->getContents()
#6 /home/agstudiodiital/public_html/magia/vendor/laravel/framework/src/Illuminate/View/View.php(159): Illuminate\\View\\View->renderContents()
#7 /home/agstudiodiital/public_html/magia/vendor/laravel/framework/src/Illuminate/Http/Response.php(69): Illuminate\\View\\View->render()
#8 /home/agstudiodiital/public_html/magia/vendor/laravel/framework/src/Illuminate/Http/Response.php(35): Illuminate\\Http\\Response->setContent()
#9 /home/agstudiodiital/public_html/magia/vendor/laravel/framework/src/Illuminate/Routing/Router.php(918): Illuminate\\Http\\Response->__construct()
#10 /home/agstudiodiital/public_html/magia/vendor/laravel/framework/src/Illuminate/Routing/Router.php(885): Illuminate\\Routing\\Router::toResponse()
#11 /home/agstudiodiital/public_html/magia/vendor/laravel/framework/src/Illuminate/Routing/Router.php(806): Illuminate\\Routing\\Router->prepareResponse()
#12 /home/agstudiodiital/public_html/magia/vendor/laravel/framework/src/Illuminate/Pipeline/Pipeline.php(144): Illuminate\\Routing\\Router->Illuminate\\Routing\\{closure}()
#13 /home/agstudiodiital/public_html/magia/app/Http/Controllers/Admin/DashboardController.php(46): Illuminate\\Pipeline\\Pipeline->Illuminate\\Pipeline\\{closure}()
#14 /home/agstudiodiital/public_html/magia/vendor/laravel/framework/src/Illuminate/Pipeline/Pipeline.php(165): App\\Http\\Controllers\\Admin\\DashboardController->App\\Http\\Controllers\\Admin\\{closure}()
#15 /home/agstudiodiital/public_html/magia/vendor/laravel/framework/src/Illuminate/Routing/Middleware/SubstituteBindings.php(50): Illuminate\\Pipeline\\Pipeline->Illuminate\\Pipeline\\{closure}()
#16 /home/agstudiodiital/public_html/magia/vendor/laravel/framework/src/Illuminate/Pipeline/Pipeline.php(183): Illuminate\\Routing\\Middleware\\SubstituteBindings->handle()
#17 /home/agstudiodiital/public_html/magia/vendor/laravel/framework/src/Illuminate/Auth/Middleware/Authenticate.php(57): Illuminate\\Pipeline\\Pipeline->Illuminate\\Pipeline\\{closure}()
#18 /home/agstudiodiital/public_html/magia/vendor/laravel/framework/src/Illuminate/Pipeline/Pipeline.php(183): Illuminate\\Auth\\Middleware\\Authenticate->handle()
#19 /home/agstudiodiital/public_html/magia/vendor/laravel/framework/src/Illuminate/Foundation/Http/Middleware/VerifyCsrfToken.php(78): Illuminate\\Pipeline\\Pipeline->Illuminate\\Pipeline\\{closure}()
#20 /home/agstudiodiital/public_html/magia/vendor/laravel/framework/src/Illuminate/Pipeline/Pipeline.php(183): Illuminate\\Foundation\\Http\\Middleware\\VerifyCsrfToken->handle()
#21 /home/agstudiodiital/public_html/magia/vendor/laravel/framework/src/Illuminate/View/Middleware/ShareErrorsFromSession.php(49): Illuminate\\Pipeline\\Pipeline->Illuminate\\Pipeline\\{closure}()
#22 /home/agstudiodiital/public_html/magia/vendor/laravel/framework/src/Illuminate/Pipeline/Pipeline.php(183): Illuminate\\View\\Middleware\\ShareErrorsFromSession->handle()
#23 /home/agstudiodiital/public_html/magia/vendor/laravel/framework/src/Illuminate/Session/Middleware/StartSession.php(121): Illuminate\\Pipeline\\Pipeline->Illuminate\\Pipeline\\{closure}()
#24 /home/agstudiodiital/public_html/magia/vendor/laravel/framework/src/Illuminate/Session/Middleware/StartSession.php(64): Illuminate\\Session\\Middleware\\StartSession->handleStatefulRequest()
#25 /home/agstudiodiital/public_html/magia/vendor/laravel/framework/src/Illuminate/Pipeline/Pipeline.php(183): Illuminate\\Session\\Middleware\\StartSession->handle()
#26 /home/agstudiodiital/public_html/magia/vendor/laravel/framework/src/Illuminate/Cookie/Middleware/AddQueuedCookiesToResponse.php(37): Illuminate\\Pipeline\\Pipeline->Illuminate\\Pipeline\\{closure}()
#27 /home/agstudiodiital/public_html/magia/vendor/laravel/framework/src/Illuminate/Pipeline/Pipeline.php(183): Illuminate\\Cookie\\Middleware\\AddQueuedCookiesToResponse->handle()
#28 /home/agstudiodiital/public_html/magia/vendor/laravel/framework/src/Illuminate/Cookie/Middleware/EncryptCookies.php(67): Illuminate\\Pipeline\\Pipeline->Illuminate\\Pipeline\\{closure}()
#29 /home/agstudiodiital/public_html/magia/vendor/laravel/framework/src/Illuminate/Pipeline/Pipeline.php(183): Illuminate\\Cookie\\Middleware\\EncryptCookies->handle()
#30 /home/agstudiodiital/public_html/magia/vendor/laravel/framework/src/Illuminate/Pipeline/Pipeline.php(119): Illuminate\\Pipeline\\Pipeline->Illuminate\\Pipeline\\{closure}()
#31 /home/agstudiodiital/public_html/magia/vendor/laravel/framework/src/Illuminate/Routing/Router.php(807): Illuminate\\Pipeline\\Pipeline->then()
#32 /home/agstudiodiital/public_html/magia/vendor/laravel/framework/src/Illuminate/Routing/Router.php(784): Illuminate\\Routing\\Router->runRouteWithinStack()
#33 /home/agstudiodiital/public_html/magia/vendor/laravel/framework/src/Illuminate/Routing/Router.php(748): Illuminate\\Routing\\Router->runRoute()
#34 /home/agstudiodiital/public_html/magia/vendor/laravel/framework/src/Illuminate/Routing/Router.php(737): Illuminate\\Routing\\Router->dispatchToRoute()
#35 /home/agstudiodiital/public_html/magia/vendor/laravel/framework/src/Illuminate/Foundation/Http/Kernel.php(200): Illuminate\\Routing\\Router->dispatch()
#36 /home/agstudiodiital/public_html/magia/vendor/laravel/framework/src/Illuminate/Pipeline/Pipeline.php(144): Illuminate\\Foundation\\Http\\Kernel->Illuminate\\Foundation\\Http\\{closure}()
#37 /home/agstudiodiital/public_html/magia/vendor/laravel/framework/src/Illuminate/Foundation/Http/Middleware/TransformsRequest.php(21): Illuminate\\Pipeline\\Pipeline->Illuminate\\Pipeline\\{closure}()
#38 /home/agstudiodiital/public_html/magia/vendor/laravel/framework/src/Illuminate/Foundation/Http/Middleware/ConvertEmptyStringsToNull.php(31): Illuminate\\Foundation\\Http\\Middleware\\TransformsRequest->handle()
#39 /home/agstudiodiital/public_html/magia/vendor/laravel/framework/src/Illuminate/Pipeline/Pipeline.php(183): Illuminate\\Foundation\\Http\\Middleware\\ConvertEmptyStringsToNull->handle()
#40 /home/agstudiodiital/public_html/magia/vendor/laravel/framework/src/Illuminate/Foundation/Http/Middleware/TransformsRequest.php(21): Illuminate\\Pipeline\\Pipeline->Illuminate\\Pipeline\\{closure}()
#41 /home/agstudiodiital/public_html/magia/vendor/laravel/framework/src/Illuminate/Foundation/Http/Middleware/TrimStrings.php(40): Illuminate\\Foundation\\Http\\Middleware\\TransformsRequest->handle()
#42 /home/agstudiodiital/public_html/magia/vendor/laravel/framework/src/Illuminate/Pipeline/Pipeline.php(183): Illuminate\\Foundation\\Http\\Middleware\\TrimStrings->handle()
#43 /home/agstudiodiital/public_html/magia/vendor/laravel/framework/src/Illuminate/Foundation/Http/Middleware/ValidatePostSize.php(27): Illuminate\\Pipeline\\Pipeline->Illuminate\\Pipeline\\{closure}()
#44 /home/agstudiodiital/public_html/magia/vendor/laravel/framework/src/Illuminate/Pipeline/Pipeline.php(183): Illuminate\\Foundation\\Http\\Middleware\\ValidatePostSize->handle()
#45 /home/agstudiodiital/public_html/magia/vendor/laravel/framework/src/Illuminate/Foundation/Http/Middleware/PreventRequestsDuringMaintenance.php(99): Illuminate\\Pipeline\\Pipeline->Illuminate\\Pipeline\\{closure}()
#46 /home/agstudiodiital/public_html/magia/vendor/laravel/framework/src/Illuminate/Pipeline/Pipeline.php(183): Illuminate\\Foundation\\Http\\Middleware\\PreventRequestsDuringMaintenance->handle()
#47 /home/agstudiodiital/public_html/magia/vendor/laravel/framework/src/Illuminate/Http/Middleware/HandleCors.php(49): Illuminate\\Pipeline\\Pipeline->Illuminate\\Pipeline\\{closure}()
#48 /home/agstudiodiital/public_html/magia/vendor/laravel/framework/src/Illuminate/Pipeline/Pipeline.php(183): Illuminate\\Http\\Middleware\\HandleCors->handle()
#49 /home/agstudiodiital/public_html/magia/vendor/laravel/framework/src/Illuminate/Http/Middleware/TrustProxies.php(39): Illuminate\\Pipeline\\Pipeline->Illuminate\\Pipeline\\{closure}()
#50 /home/agstudiodiital/public_html/magia/vendor/laravel/framework/src/Illuminate/Pipeline/Pipeline.php(183): Illuminate\\Http\\Middleware\\TrustProxies->handle()
#51 /home/agstudiodiital/public_html/magia/vendor/laravel/framework/src/Illuminate/Pipeline/Pipeline.php(119): Illuminate\\Pipeline\\Pipeline->Illuminate\\Pipeline\\{closure}()
#52 /home/agstudiodiital/public_html/magia/vendor/laravel/framework/src/Illuminate/Foundation/Http/Kernel.php(175): Illuminate\\Pipeline\\Pipeline->then()
#53 /home/agstudiodiital/public_html/magia/vendor/laravel/framework/src/Illuminate/Foundation/Http/Kernel.php(144): Illuminate\\Foundation\\Http\\Kernel->sendRequestThroughRouter()
#54 /home/agstudiodiital/public_html/magia/public/index.php(52): Illuminate\\Foundation\\Http\\Kernel->handle()
#55 {main}

[previous exception] [object] (ErrorException(code: 0): Undefined variable $totaleClienti at /home/agstudiodiital/public_html/magia/storage/framework/views/a75176e0b179937379418d239b49e383.php:14)
[stacktrace]
#0 /home/agstudiodiital/public_html/magia/vendor/laravel/framework/src/Illuminate/Foundation/Bootstrap/HandleExceptions.php(255): Illuminate\\Foundation\\Bootstrap\\HandleExceptions->handleError()
#1 /home/agstudiodiital/public_html/magia/storage/framework/views/a75176e0b179937379418d239b49e383.php(14): Illuminate\\Foundation\\Bootstrap\\HandleExceptions->Illuminate\\Foundation\\Bootstrap\\{closure}()
#2 /home/agstudiodiital/public_html/magia/vendor/laravel/framework/src/Illuminate/Filesystem/Filesystem.php(123): require('/home/agstudiod...')
#3 /home/agstudiodiital/public_html/magia/vendor/laravel/framework/src/Illuminate/Filesystem/Filesystem.php(124): Illuminate\\Filesystem\\Filesystem::Illuminate\\Filesystem\\{closure}()
#4 /home/agstudiodiital/public_html/magia/vendor/laravel/framework/src/Illuminate/View/Engines/PhpEngine.php(58): Illuminate\\Filesystem\\Filesystem->getRequire()
#5 /home/agstudiodiital/public_html/magia/vendor/laravel/framework/src/Illuminate/View/Engines/CompilerEngine.php(72): Illuminate\\View\\Engines\\PhpEngine->evaluatePath()
#6 /home/agstudiodiital/public_html/magia/vendor/laravel/framework/src/Illuminate/View/View.php(207): Illuminate\\View\\Engines\\CompilerEngine->get()
#7 /home/agstudiodiital/public_html/magia/vendor/laravel/framework/src/Illuminate/View/View.php(190): Illuminate\\View\\View->getContents()
#8 /home/agstudiodiital/public_html/magia/vendor/laravel/framework/src/Illuminate/View/View.php(159): Illuminate\\View\\View->renderContents()
#9 /home/agstudiodiital/public_html/magia/vendor/laravel/framework/src/Illuminate/Http/Response.php(69): Illuminate\\View\\View->render()
#10 /home/agstudiodiital/public_html/magia/vendor/laravel/framework/src/Illuminate/Http/Response.php(35): Illuminate\\Http\\Response->setContent()
#11 /home/agstudiodiital/public_html/magia/vendor/laravel/framework/src/Illuminate/Routing/Router.php(918): Illuminate\\Http\\Response->__construct()
#12 /home/agstudiodiital/public_html/magia/vendor/laravel/framework/src/Illuminate/Routing/Router.php(885): Illuminate\\Routing\\Router::toResponse()
#13 /home/agstudiodiital/public_html/magia/vendor/laravel/framework/src/Illuminate/Routing/Router.php(806): Illuminate\\Routing\\Router->prepareResponse()
#14 /home/agstudiodiital/public_html/magia/vendor/laravel/framework/src/Illuminate/Pipeline/Pipeline.php(144): Illuminate\\Routing\\Router->Illuminate\\Routing\\{closure}()
#15 /home/agstudiodiital/public_html/magia/app/Http/Controllers/Admin/DashboardController.php(46): Illuminate\\Pipeline\\Pipeline->Illuminate\\Pipeline\\{closure}()
#16 /home/agstudiodiital/public_html/magia/vendor/laravel/framework/src/Illuminate/Pipeline/Pipeline.php(165): App\\Http\\Controllers\\Admin\\DashboardController->App\\Http\\Controllers\\Admin\\{closure}()
#17 /home/agstudiodiital/public_html/magia/vendor/laravel/framework/src/Illuminate/Routing/Middleware/SubstituteBindings.php(50): Illuminate\\Pipeline\\Pipeline->Illuminate\\Pipeline\\{closure}()
#18 /home/agstudiodiital/public_html/magia/vendor/laravel/framework/src/Illuminate/Pipeline/Pipeline.php(183): Illuminate\\Routing\\Middleware\\SubstituteBindings->handle()
#19 /home/agstudiodiital/public_html/magia/vendor/laravel/framework/src/Illuminate/Auth/Middleware/Authenticate.php(57): Illuminate\\Pipeline\\Pipeline->Illuminate\\Pipeline\\{closure}()
#20 /home/agstudiodiital/public_html/magia/vendor/laravel/framework/src/Illuminate/Pipeline/Pipeline.php(183): Illuminate\\Auth\\Middleware\\Authenticate->handle()
#21 /home/agstudiodiital/public_html/magia/vendor/laravel/framework/src/Illuminate/Foundation/Http/Middleware/VerifyCsrfToken.php(78): Illuminate\\Pipeline\\Pipeline->Illuminate\\Pipeline\\{closure}()
#22 /home/agstudiodiital/public_html/magia/vendor/laravel/framework/src/Illuminate/Pipeline/Pipeline.php(183): Illuminate\\Foundation\\Http\\Middleware\\VerifyCsrfToken->handle()
#23 /home/agstudiodiital/public_html/magia/vendor/laravel/framework/src/Illuminate/View/Middleware/ShareErrorsFromSession.php(49): Illuminate\\Pipeline\\Pipeline->Illuminate\\Pipeline\\{closure}()
#24 /home/agstudiodiital/public_html/magia/vendor/laravel/framework/src/Illuminate/Pipeline/Pipeline.php(183): Illuminate\\View\\Middleware\\ShareErrorsFromSession->handle()
#25 /home/agstudiodiital/public_html/magia/vendor/laravel/framework/src/Illuminate/Session/Middleware/StartSession.php(121): Illuminate\\Pipeline\\Pipeline->Illuminate\\Pipeline\\{closure}()
#26 /home/agstudiodiital/public_html/magia/vendor/laravel/framework/src/Illuminate/Session/Middleware/StartSession.php(64): Illuminate\\Session\\Middleware\\StartSession->handleStatefulRequest()
#27 /home/agstudiodiital/public_html/magia/vendor/laravel/framework/src/Illuminate/Pipeline/Pipeline.php(183): Illuminate\\Session\\Middleware\\StartSession->handle()
#28 /home/agstudiodiital/public_html/magia/vendor/laravel/framework/src/Illuminate/Cookie/Middleware/AddQueuedCookiesToResponse.php(37): Illuminate\\Pipeline\\Pipeline->Illuminate\\Pipeline\\{closure}()
#29 /home/agstudiodiital/public_html/magia/vendor/laravel/framework/src/Illuminate/Pipeline/Pipeline.php(183): Illuminate\\Cookie\\Middleware\\AddQueuedCookiesToResponse->handle()
#30 /home/agstudiodiital/public_html/magia/vendor/laravel/framework/src/Illuminate/Cookie/Middleware/EncryptCookies.php(67): Illuminate\\Pipeline\\Pipeline->Illuminate\\Pipeline\\{closure}()
#31 /home/agstudiodiital/public_html/magia/vendor/laravel/framework/src/Illuminate/Pipeline/Pipeline.php(183): Illuminate\\Cookie\\Middleware\\EncryptCookies->handle()
#32 /home/agstudiodiital/public_html/magia/vendor/laravel/framework/src/Illuminate/Pipeline/Pipeline.php(119): Illuminate\\Pipeline\\Pipeline->Illuminate\\Pipeline\\{closure}()
#33 /home/agstudiodiital/public_html/magia/vendor/laravel/framework/src/Illuminate/Routing/Router.php(807): Illuminate\\Pipeline\\Pipeline->then()
#34 /home/agstudiodiital/public_html/magia/vendor/laravel/framework/src/Illuminate/Routing/Router.php(784): Illuminate\\Routing\\Router->runRouteWithinStack()
#35 /home/agstudiodiital/public_html/magia/vendor/laravel/framework/src/Illuminate/Routing/Router.php(748): Illuminate\\Routing\\Router->runRoute()
#36 /home/agstudiodiital/public_html/magia/vendor/laravel/framework/src/Illuminate/Routing/Router.php(737): Illuminate\\Routing\\Router->dispatchToRoute()
#37 /home/agstudiodiital/public_html/magia/vendor/laravel/framework/src/Illuminate/Foundation/Http/Kernel.php(200): Illuminate\\Routing\\Router->dispatch()
#38 /home/agstudiodiital/public_html/magia/vendor/laravel/framework/src/Illuminate/Pipeline/Pipeline.php(144): Illuminate\\Foundation\\Http\\Kernel->Illuminate\\Foundation\\Http\\{closure}()
#39 /home/agstudiodiital/public_html/magia/vendor/laravel/framework/src/Illuminate/Foundation/Http/Middleware/TransformsRequest.php(21): Illuminate\\Pipeline\\Pipeline->Illuminate\\Pipeline\\{closure}()
#40 /home/agstudiodiital/public_html/magia/vendor/laravel/framework/src/Illuminate/Foundation/Http/Middleware/ConvertEmptyStringsToNull.php(31): Illuminate\\Foundation\\Http\\Middleware\\TransformsRequest->handle()
#41 /home/agstudiodiital/public_html/magia/vendor/laravel/framework/src/Illuminate/Pipeline/Pipeline.php(183): Illuminate\\Foundation\\Http\\Middleware\\ConvertEmptyStringsToNull->handle()
#42 /home/agstudiodiital/public_html/magia/vendor/laravel/framework/src/Illuminate/Foundation/Http/Middleware/TransformsRequest.php(21): Illuminate\\Pipeline\\Pipeline->Illuminate\\Pipeline\\{closure}()
#43 /home/agstudiodiital/public_html/magia/vendor/laravel/framework/src/Illuminate/Foundation/Http/Middleware/TrimStrings.php(40): Illuminate\\Foundation\\Http\\Middleware\\TransformsRequest->handle()
#44 /home/agstudiodiital/public_html/magia/vendor/laravel/framework/src/Illuminate/Pipeline/Pipeline.php(183): Illuminate\\Foundation\\Http\\Middleware\\TrimStrings->handle()
#45 /home/agstudiodiital/public_html/magia/vendor/laravel/framework/src/Illuminate/Foundation/Http/Middleware/ValidatePostSize.php(27): Illuminate\\Pipeline\\Pipeline->Illuminate\\Pipeline\\{closure}()
#46 /home/agstudiodiital/public_html/magia/vendor/laravel/framework/src/Illuminate/Pipeline/Pipeline.php(183): Illuminate\\Foundation\\Http\\Middleware\\ValidatePostSize->handle()
#47 /home/agstudiodiital/public_html/magia/vendor/laravel/framework/src/Illuminate/Foundation/Http/Middleware/PreventRequestsDuringMaintenance.php(99): Illuminate\\Pipeline\\Pipeline->Illuminate\\Pipeline\\{closure}()
#48 /home/agstudiodiital/public_html/magia/vendor/laravel/framework/src/Illuminate/Pipeline/Pipeline.php(183): Illuminate\\Foundation\\Http\\Middleware\\PreventRequestsDuringMaintenance->handle()
#49 /home/agstudiodiital/public_html/magia/vendor/laravel/framework/src/Illuminate/Http/Middleware/HandleCors.php(49): Illuminate\\Pipeline\\Pipeline->Illuminate\\Pipeline\\{closure}()
#50 /home/agstudiodiital/public_html/magia/vendor/laravel/framework/src/Illuminate/Pipeline/Pipeline.php(183): Illuminate\\Http\\Middleware\\HandleCors->handle()
#51 /home/agstudiodiital/public_html/magia/vendor/laravel/framework/src/Illuminate/Http/Middleware/TrustProxies.php(39): Illuminate\\Pipeline\\Pipeline->Illuminate\\Pipeline\\{closure}()
#52 /home/agstudiodiital/public_html/magia/vendor/laravel/framework/src/Illuminate/Pipeline/Pipeline.php(183): Illuminate\\Http\\Middleware\\TrustProxies->handle()
#53 /home/agstudiodiital/public_html/magia/vendor/laravel/framework/src/Illuminate/Pipeline/Pipeline.php(119): Illuminate\\Pipeline\\Pipeline->Illuminate\\Pipeline\\{closure}()
#54 /home/agstudiodiital/public_html/magia/vendor/laravel/framework/src/Illuminate/Foundation/Http/Kernel.php(175): Illuminate\\Pipeline\\Pipeline->then()
#55 /home/agstudiodiital/public_html/magia/vendor/laravel/framework/src/Illuminate/Foundation/Http/Kernel.php(144): Illuminate\\Foundation\\Http\\Kernel->sendRequestThroughRouter()
#56 /home/agstudiodiital/public_html/magia/public/index.php(52): Illuminate\\Foundation\\Http\\Kernel->handle()
#57 {main}
"} 
[2025-11-10 08:25:48] production.ERROR: View [errors.404] not found. {"userId":1,"exception":"[object] (InvalidArgumentException(code: 0): View [errors.404] not found. at /home/agstudiodiital/public_html/magia/vendor/laravel/framework/src/Illuminate/View/FileViewFinder.php:137)
[stacktrace]
#0 /home/agstudiodiital/public_html/magia/vendor/laravel/framework/src/Illuminate/View/FileViewFinder.php(79): Illuminate\\View\\FileViewFinder->findInPaths()
#1 /home/agstudiodiital/public_html/magia/vendor/laravel/framework/src/Illuminate/View/Factory.php(138): Illuminate\\View\\FileViewFinder->find()
#2 /home/agstudiodiital/public_html/magia/vendor/laravel/framework/src/Illuminate/Routing/ResponseFactory.php(88): Illuminate\\View\\Factory->make()
#3 /home/agstudiodiital/public_html/magia/routes/web.php(147): Illuminate\\Routing\\ResponseFactory->view()
#4 /home/agstudiodiital/public_html/magia/vendor/laravel/framework/src/Illuminate/Routing/CallableDispatcher.php(40): Illuminate\\Routing\\RouteFileRegistrar->{closure}()
#5 /home/agstudiodiital/public_html/magia/vendor/laravel/framework/src/Illuminate/Routing/Route.php(237): Illuminate\\Routing\\CallableDispatcher->dispatch()
#6 /home/agstudiodiital/public_html/magia/vendor/laravel/framework/src/Illuminate/Routing/Route.php(208): Illuminate\\Routing\\Route->runCallable()
#7 /home/agstudiodiital/public_html/magia/vendor/laravel/framework/src/Illuminate/Routing/Router.php(806): Illuminate\\Routing\\Route->run()
#8 /home/agstudiodiital/public_html/magia/vendor/laravel/framework/src/Illuminate/Pipeline/Pipeline.php(144): Illuminate\\Routing\\Router->Illuminate\\Routing\\{closure}()
#9 /home/agstudiodiital/public_html/magia/vendor/laravel/framework/src/Illuminate/Routing/Middleware/SubstituteBindings.php(50): Illuminate\\Pipeline\\Pipeline->Illuminate\\Pipeline\\{closure}()
#10 /home/agstudiodiital/public_html/magia/vendor/laravel/framework/src/Illuminate/Pipeline/Pipeline.php(183): Illuminate\\Routing\\Middleware\\SubstituteBindings->handle()
#11 /home/agstudiodiital/public_html/magia/vendor/laravel/framework/src/Illuminate/Foundation/Http/Middleware/VerifyCsrfToken.php(78): Illuminate\\Pipeline\\Pipeline->Illuminate\\Pipeline\\{closure}()
#12 /home/agstudiodiital/public_html/magia/vendor/laravel/framework/src/Illuminate/Pipeline/Pipeline.php(183): Illuminate\\Foundation\\Http\\Middleware\\VerifyCsrfToken->handle()
#13 /home/agstudiodiital/public_html/magia/vendor/laravel/framework/src/Illuminate/View/Middleware/ShareErrorsFromSession.php(49): Illuminate\\Pipeline\\Pipeline->Illuminate\\Pipeline\\{closure}()
#14 /home/agstudiodiital/public_html/magia/vendor/laravel/framework/src/Illuminate/Pipeline/Pipeline.php(183): Illuminate\\View\\Middleware\\ShareErrorsFromSession->handle()
#15 /home/agstudiodiital/public_html/magia/vendor/laravel/framework/src/Illuminate/Session/Middleware/StartSession.php(121): Illuminate\\Pipeline\\Pipeline->Illuminate\\Pipeline\\{closure}()
#16 /home/agstudiodiital/public_html/magia/vendor/laravel/framework/src/Illuminate/Session/Middleware/StartSession.php(64): Illuminate\\Session\\Middleware\\StartSession->handleStatefulRequest()
#17 /home/agstudiodiital/public_html/magia/vendor/laravel/framework/src/Illuminate/Pipeline/Pipeline.php(183): Illuminate\\Session\\Middleware\\StartSession->handle()
#18 /home/agstudiodiital/public_html/magia/vendor/laravel/framework/src/Illuminate/Cookie/Middleware/AddQueuedCookiesToResponse.php(37): Illuminate\\Pipeline\\Pipeline->Illuminate\\Pipeline\\{closure}()
#19 /home/agstudiodiital/public_html/magia/vendor/laravel/framework/src/Illuminate/Pipeline/Pipeline.php(183): Illuminate\\Cookie\\Middleware\\AddQueuedCookiesToResponse->handle()
#20 /home/agstudiodiital/public_html/magia/vendor/laravel/framework/src/Illuminate/Cookie/Middleware/EncryptCookies.php(67): Illuminate\\Pipeline\\Pipeline->Illuminate\\Pipeline\\{closure}()
#21 /home/agstudiodiital/public_html/magia/vendor/laravel/framework/src/Illuminate/Pipeline/Pipeline.php(183): Illuminate\\Cookie\\Middleware\\EncryptCookies->handle()
#22 /home/agstudiodiital/public_html/magia/vendor/laravel/framework/src/Illuminate/Pipeline/Pipeline.php(119): Illuminate\\Pipeline\\Pipeline->Illuminate\\Pipeline\\{closure}()
#23 /home/agstudiodiital/public_html/magia/vendor/laravel/framework/src/Illuminate/Routing/Router.php(807): Illuminate\\Pipeline\\Pipeline->then()
#24 /home/agstudiodiital/public_html/magia/vendor/laravel/framework/src/Illuminate/Routing/Router.php(784): Illuminate\\Routing\\Router->runRouteWithinStack()
#25 /home/agstudiodiital/public_html/magia/vendor/laravel/framework/src/Illuminate/Routing/Router.php(748): Illuminate\\Routing\\Router->runRoute()
#26 /home/agstudiodiital/public_html/magia/vendor/laravel/framework/src/Illuminate/Routing/Router.php(737): Illuminate\\Routing\\Router->dispatchToRoute()
#27 /home/agstudiodiital/public_html/magia/vendor/laravel/framework/src/Illuminate/Foundation/Http/Kernel.php(200): Illuminate\\Routing\\Router->dispatch()
#28 /home/agstudiodiital/public_html/magia/vendor/laravel/framework/src/Illuminate/Pipeline/Pipeline.php(144): Illuminate\\Foundation\\Http\\Kernel->Illuminate\\Foundation\\Http\\{closure}()
#29 /home/agstudiodiital/public_html/magia/vendor/laravel/framework/src/Illuminate/Foundation/Http/Middleware/TransformsRequest.php(21): Illuminate\\Pipeline\\Pipeline->Illuminate\\Pipeline\\{closure}()
#30 /home/agstudiodiital/public_html/magia/vendor/laravel/framework/src/Illuminate/Foundation/Http/Middleware/ConvertEmptyStringsToNull.php(31): Illuminate\\Foundation\\Http\\Middleware\\TransformsRequest->handle()
#31 /home/agstudiodiital/public_html/magia/vendor/laravel/framework/src/Illuminate/Pipeline/Pipeline.php(183): Illuminate\\Foundation\\Http\\Middleware\\ConvertEmptyStringsToNull->handle()
#32 /home/agstudiodiital/public_html/magia/vendor/laravel/framework/src/Illuminate/Foundation/Http/Middleware/TransformsRequest.php(21): Illuminate\\Pipeline\\Pipeline->Illuminate\\Pipeline\\{closure}()
#33 /home/agstudiodiital/public_html/magia/vendor/laravel/framework/src/Illuminate/Foundation/Http/Middleware/TrimStrings.php(40): Illuminate\\Foundation\\Http\\Middleware\\TransformsRequest->handle()
#34 /home/agstudiodiital/public_html/magia/vendor/laravel/framework/src/Illuminate/Pipeline/Pipeline.php(183): Illuminate\\Foundation\\Http\\Middleware\\TrimStrings->handle()
#35 /home/agstudiodiital/public_html/magia/vendor/laravel/framework/src/Illuminate/Foundation/Http/Middleware/ValidatePostSize.php(27): Illuminate\\Pipeline\\Pipeline->Illuminate\\Pipeline\\{closure}()
#36 /home/agstudiodiital/public_html/magia/vendor/laravel/framework/src/Illuminate/Pipeline/Pipeline.php(183): Illuminate\\Foundation\\Http\\Middleware\\ValidatePostSize->handle()
#37 /home/agstudiodiital/public_html/magia/vendor/laravel/framework/src/Illuminate/Foundation/Http/Middleware/PreventRequestsDuringMaintenance.php(99): Illuminate\\Pipeline\\Pipeline->Illuminate\\Pipeline\\{closure}()
#38 /home/agstudiodiital/public_html/magia/vendor/laravel/framework/src/Illuminate/Pipeline/Pipeline.php(183): Illuminate\\Foundation\\Http\\Middleware\\PreventRequestsDuringMaintenance->handle()
#39 /home/agstudiodiital/public_html/magia/vendor/laravel/framework/src/Illuminate/Http/Middleware/HandleCors.php(49): Illuminate\\Pipeline\\Pipeline->Illuminate\\Pipeline\\{closure}()
#40 /home/agstudiodiital/public_html/magia/vendor/laravel/framework/src/Illuminate/Pipeline/Pipeline.php(183): Illuminate\\Http\\Middleware\\HandleCors->handle()
#41 /home/agstudiodiital/public_html/magia/vendor/laravel/framework/src/Illuminate/Http/Middleware/TrustProxies.php(39): Illuminate\\Pipeline\\Pipeline->Illuminate\\Pipeline\\{closure}()
#42 /home/agstudiodiital/public_html/magia/vendor/laravel/framework/src/Illuminate/Pipeline/Pipeline.php(183): Illuminate\\Http\\Middleware\\TrustProxies->handle()
#43 /home/agstudiodiital/public_html/magia/vendor/laravel/framework/src/Illuminate/Pipeline/Pipeline.php(119): Illuminate\\Pipeline\\Pipeline->Illuminate\\Pipeline\\{closure}()
#44 /home/agstudiodiital/public_html/magia/vendor/laravel/framework/src/Illuminate/Foundation/Http/Kernel.php(175): Illuminate\\Pipeline\\Pipeline->then()
#45 /home/agstudiodiital/public_html/magia/vendor/laravel/framework/src/Illuminate/Foundation/Http/Kernel.php(144): Illuminate\\Foundation\\Http\\Kernel->sendRequestThroughRouter()
#46 /home/agstudiodiital/public_html/magia/public/index.php(52): Illuminate\\Foundation\\Http\\Kernel->handle()
#47 {main}
"} 
[2025-11-10 08:25:49] production.ERROR: View [errors.404] not found. {"userId":1,"exception":"[object] (InvalidArgumentException(code: 0): View [errors.404] not found. at /home/agstudiodiital/public_html/magia/vendor/laravel/framework/src/Illuminate/View/FileViewFinder.php:137)
[stacktrace]
#0 /home/agstudiodiital/public_html/magia/vendor/laravel/framework/src/Illuminate/View/FileViewFinder.php(79): Illuminate\\View\\FileViewFinder->findInPaths()
#1 /home/agstudiodiital/public_html/magia/vendor/laravel/framework/src/Illuminate/View/Factory.php(138): Illuminate\\View\\FileViewFinder->find()
#2 /home/agstudiodiital/public_html/magia/vendor/laravel/framework/src/Illuminate/Routing/ResponseFactory.php(88): Illuminate\\View\\Factory->make()
#3 /home/agstudiodiital/public_html/magia/routes/web.php(147): Illuminate\\Routing\\ResponseFactory->view()
#4 /home/agstudiodiital/public_html/magia/vendor/laravel/framework/src/Illuminate/Routing/CallableDispatcher.php(40): Illuminate\\Routing\\RouteFileRegistrar->{closure}()
#5 /home/agstudiodiital/public_html/magia/vendor/laravel/framework/src/Illuminate/Routing/Route.php(237): Illuminate\\Routing\\CallableDispatcher->dispatch()
#6 /home/agstudiodiital/public_html/magia/vendor/laravel/framework/src/Illuminate/Routing/Route.php(208): Illuminate\\Routing\\Route->runCallable()
#7 /home/agstudiodiital/public_html/magia/vendor/laravel/framework/src/Illuminate/Routing/Router.php(806): Illuminate\\Routing\\Route->run()
#8 /home/agstudiodiital/public_html/magia/vendor/laravel/framework/src/Illuminate/Pipeline/Pipeline.php(144): Illuminate\\Routing\\Router->Illuminate\\Routing\\{closure}()
#9 /home/agstudiodiital/public_html/magia/vendor/laravel/framework/src/Illuminate/Routing/Middleware/SubstituteBindings.php(50): Illuminate\\Pipeline\\Pipeline->Illuminate\\Pipeline\\{closure}()
#10 /home/agstudiodiital/public_html/magia/vendor/laravel/framework/src/Illuminate/Pipeline/Pipeline.php(183): Illuminate\\Routing\\Middleware\\SubstituteBindings->handle()
#11 /home/agstudiodiital/public_html/magia/vendor/laravel/framework/src/Illuminate/Foundation/Http/Middleware/VerifyCsrfToken.php(78): Illuminate\\Pipeline\\Pipeline->Illuminate\\Pipeline\\{closure}()
#12 /home/agstudiodiital/public_html/magia/vendor/laravel/framework/src/Illuminate/Pipeline/Pipeline.php(183): Illuminate\\Foundation\\Http\\Middleware\\VerifyCsrfToken->handle()
#13 /home/agstudiodiital/public_html/magia/vendor/laravel/framework/src/Illuminate/View/Middleware/ShareErrorsFromSession.php(49): Illuminate\\Pipeline\\Pipeline->Illuminate\\Pipeline\\{closure}()
#14 /home/agstudiodiital/public_html/magia/vendor/laravel/framework/src/Illuminate/Pipeline/Pipeline.php(183): Illuminate\\View\\Middleware\\ShareErrorsFromSession->handle()
#15 /home/agstudiodiital/public_html/magia/vendor/laravel/framework/src/Illuminate/Session/Middleware/StartSession.php(121): Illuminate\\Pipeline\\Pipeline->Illuminate\\Pipeline\\{closure}()
#16 /home/agstudiodiital/public_html/magia/vendor/laravel/framework/src/Illuminate/Session/Middleware/StartSession.php(64): Illuminate\\Session\\Middleware\\StartSession->handleStatefulRequest()
#17 /home/agstudiodiital/public_html/magia/vendor/laravel/framework/src/Illuminate/Pipeline/Pipeline.php(183): Illuminate\\Session\\Middleware\\StartSession->handle()
#18 /home/agstudiodiital/public_html/magia/vendor/laravel/framework/src/Illuminate/Cookie/Middleware/AddQueuedCookiesToResponse.php(37): Illuminate\\Pipeline\\Pipeline->Illuminate\\Pipeline\\{closure}()
#19 /home/agstudiodiital/public_html/magia/vendor/laravel/framework/src/Illuminate/Pipeline/Pipeline.php(183): Illuminate\\Cookie\\Middleware\\AddQueuedCookiesToResponse->handle()
#20 /home/agstudiodiital/public_html/magia/vendor/laravel/framework/src/Illuminate/Cookie/Middleware/EncryptCookies.php(67): Illuminate\\Pipeline\\Pipeline->Illuminate\\Pipeline\\{closure}()
#21 /home/agstudiodiital/public_html/magia/vendor/laravel/framework/src/Illuminate/Pipeline/Pipeline.php(183): Illuminate\\Cookie\\Middleware\\EncryptCookies->handle()
#22 /home/agstudiodiital/public_html/magia/vendor/laravel/framework/src/Illuminate/Pipeline/Pipeline.php(119): Illuminate\\Pipeline\\Pipeline->Illuminate\\Pipeline\\{closure}()
#23 /home/agstudiodiital/public_html/magia/vendor/laravel/framework/src/Illuminate/Routing/Router.php(807): Illuminate\\Pipeline\\Pipeline->then()
#24 /home/agstudiodiital/public_html/magia/vendor/laravel/framework/src/Illuminate/Routing/Router.php(784): Illuminate\\Routing\\Router->runRouteWithinStack()
#25 /home/agstudiodiital/public_html/magia/vendor/laravel/framework/src/Illuminate/Routing/Router.php(748): Illuminate\\Routing\\Router->runRoute()
#26 /home/agstudiodiital/public_html/magia/vendor/laravel/framework/src/Illuminate/Routing/Router.php(737): Illuminate\\Routing\\Router->dispatchToRoute()
#27 /home/agstudiodiital/public_html/magia/vendor/laravel/framework/src/Illuminate/Foundation/Http/Kernel.php(200): Illuminate\\Routing\\Router->dispatch()
#28 /home/agstudiodiital/public_html/magia/vendor/laravel/framework/src/Illuminate/Pipeline/Pipeline.php(144): Illuminate\\Foundation\\Http\\Kernel->Illuminate\\Foundation\\Http\\{closure}()
#29 /home/agstudiodiital/public_html/magia/vendor/laravel/framework/src/Illuminate/Foundation/Http/Middleware/TransformsRequest.php(21): Illuminate\\Pipeline\\Pipeline->Illuminate\\Pipeline\\{closure}()
#30 /home/agstudiodiital/public_html/magia/vendor/laravel/framework/src/Illuminate/Foundation/Http/Middleware/ConvertEmptyStringsToNull.php(31): Illuminate\\Foundation\\Http\\Middleware\\TransformsRequest->handle()
#31 /home/agstudiodiital/public_html/magia/vendor/laravel/framework/src/Illuminate/Pipeline/Pipeline.php(183): Illuminate\\Foundation\\Http\\Middleware\\ConvertEmptyStringsToNull->handle()
#32 /home/agstudiodiital/public_html/magia/vendor/laravel/framework/src/Illuminate/Foundation/Http/Middleware/TransformsRequest.php(21): Illuminate\\Pipeline\\Pipeline->Illuminate\\Pipeline\\{closure}()
#33 /home/agstudiodiital/public_html/magia/vendor/laravel/framework/src/Illuminate/Foundation/Http/Middleware/TrimStrings.php(40): Illuminate\\Foundation\\Http\\Middleware\\TransformsRequest->handle()
#34 /home/agstudiodiital/public_html/magia/vendor/laravel/framework/src/Illuminate/Pipeline/Pipeline.php(183): Illuminate\\Foundation\\Http\\Middleware\\TrimStrings->handle()
#35 /home/agstudiodiital/public_html/magia/vendor/laravel/framework/src/Illuminate/Foundation/Http/Middleware/ValidatePostSize.php(27): Illuminate\\Pipeline\\Pipeline->Illuminate\\Pipeline\\{closure}()
#36 /home/agstudiodiital/public_html/magia/vendor/laravel/framework/src/Illuminate/Pipeline/Pipeline.php(183): Illuminate\\Foundation\\Http\\Middleware\\ValidatePostSize->handle()
#37 /home/agstudiodiital/public_html/magia/vendor/laravel/framework/src/Illuminate/Foundation/Http/Middleware/PreventRequestsDuringMaintenance.php(99): Illuminate\\Pipeline\\Pipeline->Illuminate\\Pipeline\\{closure}()
#38 /home/agstudiodiital/public_html/magia/vendor/laravel/framework/src/Illuminate/Pipeline/Pipeline.php(183): Illuminate\\Foundation\\Http\\Middleware\\PreventRequestsDuringMaintenance->handle()
#39 /home/agstudiodiital/public_html/magia/vendor/laravel/framework/src/Illuminate/Http/Middleware/HandleCors.php(49): Illuminate\\Pipeline\\Pipeline->Illuminate\\Pipeline\\{closure}()
#40 /home/agstudiodiital/public_html/magia/vendor/laravel/framework/src/Illuminate/Pipeline/Pipeline.php(183): Illuminate\\Http\\Middleware\\HandleCors->handle()
#41 /home/agstudiodiital/public_html/magia/vendor/laravel/framework/src/Illuminate/Http/Middleware/TrustProxies.php(39): Illuminate\\Pipeline\\Pipeline->Illuminate\\Pipeline\\{closure}()
#42 /home/agstudiodiital/public_html/magia/vendor/laravel/framework/src/Illuminate/Pipeline/Pipeline.php(183): Illuminate\\Http\\Middleware\\TrustProxies->handle()
#43 /home/agstudiodiital/public_html/magia/vendor/laravel/framework/src/Illuminate/Pipeline/Pipeline.php(119): Illuminate\\Pipeline\\Pipeline->Illuminate\\Pipeline\\{closure}()
#44 /home/agstudiodiital/public_html/magia/vendor/laravel/framework/src/Illuminate/Foundation/Http/Kernel.php(175): Illuminate\\Pipeline\\Pipeline->then()
#45 /home/agstudiodiital/public_html/magia/vendor/laravel/framework/src/Illuminate/Foundation/Http/Kernel.php(144): Illuminate\\Foundation\\Http\\Kernel->sendRequestThroughRouter()
#46 /home/agstudiodiital/public_html/magia/public/index.php(52): Illuminate\\Foundation\\Http\\Kernel->handle()
#47 {main}
"} 
[2025-11-10 08:25:50] production.ERROR: Undefined variable $totaleClienti {"view":{"view":"/home/agstudiodiital/public_html/magia/resources/views/admin/dashboard.blade.php","data":[]},"userId":1,"exception":"[object] (Spatie\\LaravelIgnition\\Exceptions\\ViewException(code: 0): Undefined variable $totaleClienti at /home/agstudiodiital/public_html/magia/resources/views/admin/dashboard.blade.php:16)
[stacktrace]
#0 /home/agstudiodiital/public_html/magia/vendor/laravel/framework/src/Illuminate/Filesystem/Filesystem.php(123): require('/home/agstudiod...')
#1 /home/agstudiodiital/public_html/magia/vendor/laravel/framework/src/Illuminate/Filesystem/Filesystem.php(124): Illuminate\\Filesystem\\Filesystem::Illuminate\\Filesystem\\{closure}()
#2 /home/agstudiodiital/public_html/magia/vendor/laravel/framework/src/Illuminate/View/Engines/PhpEngine.php(58): Illuminate\\Filesystem\\Filesystem->getRequire()
#3 /home/agstudiodiital/public_html/magia/vendor/laravel/framework/src/Illuminate/View/Engines/CompilerEngine.php(72): Illuminate\\View\\Engines\\PhpEngine->evaluatePath()
#4 /home/agstudiodiital/public_html/magia/vendor/laravel/framework/src/Illuminate/View/View.php(207): Illuminate\\View\\Engines\\CompilerEngine->get()
#5 /home/agstudiodiital/public_html/magia/vendor/laravel/framework/src/Illuminate/View/View.php(190): Illuminate\\View\\View->getContents()
#6 /home/agstudiodiital/public_html/magia/vendor/laravel/framework/src/Illuminate/View/View.php(159): Illuminate\\View\\View->renderContents()
#7 /home/agstudiodiital/public_html/magia/vendor/laravel/framework/src/Illuminate/Http/Response.php(69): Illuminate\\View\\View->render()
#8 /home/agstudiodiital/public_html/magia/vendor/laravel/framework/src/Illuminate/Http/Response.php(35): Illuminate\\Http\\Response->setContent()
#9 /home/agstudiodiital/public_html/magia/vendor/laravel/framework/src/Illuminate/Routing/Router.php(918): Illuminate\\Http\\Response->__construct()
#10 /home/agstudiodiital/public_html/magia/vendor/laravel/framework/src/Illuminate/Routing/Router.php(885): Illuminate\\Routing\\Router::toResponse()
#11 /home/agstudiodiital/public_html/magia/vendor/laravel/framework/src/Illuminate/Routing/Router.php(806): Illuminate\\Routing\\Router->prepareResponse()
#12 /home/agstudiodiital/public_html/magia/vendor/laravel/framework/src/Illuminate/Pipeline/Pipeline.php(144): Illuminate\\Routing\\Router->Illuminate\\Routing\\{closure}()
#13 /home/agstudiodiital/public_html/magia/app/Http/Controllers/Admin/DashboardController.php(46): Illuminate\\Pipeline\\Pipeline->Illuminate\\Pipeline\\{closure}()
#14 /home/agstudiodiital/public_html/magia/vendor/laravel/framework/src/Illuminate/Pipeline/Pipeline.php(165): App\\Http\\Controllers\\Admin\\DashboardController->App\\Http\\Controllers\\Admin\\{closure}()
#15 /home/agstudiodiital/public_html/magia/vendor/laravel/framework/src/Illuminate/Routing/Middleware/SubstituteBindings.php(50): Illuminate\\Pipeline\\Pipeline->Illuminate\\Pipeline\\{closure}()
#16 /home/agstudiodiital/public_html/magia/vendor/laravel/framework/src/Illuminate/Pipeline/Pipeline.php(183): Illuminate\\Routing\\Middleware\\SubstituteBindings->handle()
#17 /home/agstudiodiital/public_html/magia/vendor/laravel/framework/src/Illuminate/Auth/Middleware/Authenticate.php(57): Illuminate\\Pipeline\\Pipeline->Illuminate\\Pipeline\\{closure}()
#18 /home/agstudiodiital/public_html/magia/vendor/laravel/framework/src/Illuminate/Pipeline/Pipeline.php(183): Illuminate\\Auth\\Middleware\\Authenticate->handle()
#19 /home/agstudiodiital/public_html/magia/vendor/laravel/framework/src/Illuminate/Foundation/Http/Middleware/VerifyCsrfToken.php(78): Illuminate\\Pipeline\\Pipeline->Illuminate\\Pipeline\\{closure}()
#20 /home/agstudiodiital/public_html/magia/vendor/laravel/framework/src/Illuminate/Pipeline/Pipeline.php(183): Illuminate\\Foundation\\Http\\Middleware\\VerifyCsrfToken->handle()
#21 /home/agstudiodiital/public_html/magia/vendor/laravel/framework/src/Illuminate/View/Middleware/ShareErrorsFromSession.php(49): Illuminate\\Pipeline\\Pipeline->Illuminate\\Pipeline\\{closure}()
#22 /home/agstudiodiital/public_html/magia/vendor/laravel/framework/src/Illuminate/Pipeline/Pipeline.php(183): Illuminate\\View\\Middleware\\ShareErrorsFromSession->handle()
#23 /home/agstudiodiital/public_html/magia/vendor/laravel/framework/src/Illuminate/Session/Middleware/StartSession.php(121): Illuminate\\Pipeline\\Pipeline->Illuminate\\Pipeline\\{closure}()
#24 /home/agstudiodiital/public_html/magia/vendor/laravel/framework/src/Illuminate/Session/Middleware/StartSession.php(64): Illuminate\\Session\\Middleware\\StartSession->handleStatefulRequest()
#25 /home/agstudiodiital/public_html/magia/vendor/laravel/framework/src/Illuminate/Pipeline/Pipeline.php(183): Illuminate\\Session\\Middleware\\StartSession->handle()
#26 /home/agstudiodiital/public_html/magia/vendor/laravel/framework/src/Illuminate/Cookie/Middleware/AddQueuedCookiesToResponse.php(37): Illuminate\\Pipeline\\Pipeline->Illuminate\\Pipeline\\{closure}()
#27 /home/agstudiodiital/public_html/magia/vendor/laravel/framework/src/Illuminate/Pipeline/Pipeline.php(183): Illuminate\\Cookie\\Middleware\\AddQueuedCookiesToResponse->handle()
#28 /home/agstudiodiital/public_html/magia/vendor/laravel/framework/src/Illuminate/Cookie/Middleware/EncryptCookies.php(67): Illuminate\\Pipeline\\Pipeline->Illuminate\\Pipeline\\{closure}()
#29 /home/agstudiodiital/public_html/magia/vendor/laravel/framework/src/Illuminate/Pipeline/Pipeline.php(183): Illuminate\\Cookie\\Middleware\\EncryptCookies->handle()
#30 /home/agstudiodiital/public_html/magia/vendor/laravel/framework/src/Illuminate/Pipeline/Pipeline.php(119): Illuminate\\Pipeline\\Pipeline->Illuminate\\Pipeline\\{closure}()
#31 /home/agstudiodiital/public_html/magia/vendor/laravel/framework/src/Illuminate/Routing/Router.php(807): Illuminate\\Pipeline\\Pipeline->then()
#32 /home/agstudiodiital/public_html/magia/vendor/laravel/framework/src/Illuminate/Routing/Router.php(784): Illuminate\\Routing\\Router->runRouteWithinStack()
#33 /home/agstudiodiital/public_html/magia/vendor/laravel/framework/src/Illuminate/Routing/Router.php(748): Illuminate\\Routing\\Router->runRoute()
#34 /home/agstudiodiital/public_html/magia/vendor/laravel/framework/src/Illuminate/Routing/Router.php(737): Illuminate\\Routing\\Router->dispatchToRoute()
#35 /home/agstudiodiital/public_html/magia/vendor/laravel/framework/src/Illuminate/Foundation/Http/Kernel.php(200): Illuminate\\Routing\\Router->dispatch()
#36 /home/agstudiodiital/public_html/magia/vendor/laravel/framework/src/Illuminate/Pipeline/Pipeline.php(144): Illuminate\\Foundation\\Http\\Kernel->Illuminate\\Foundation\\Http\\{closure}()
#37 /home/agstudiodiital/public_html/magia/vendor/laravel/framework/src/Illuminate/Foundation/Http/Middleware/TransformsRequest.php(21): Illuminate\\Pipeline\\Pipeline->Illuminate\\Pipeline\\{closure}()
#38 /home/agstudiodiital/public_html/magia/vendor/laravel/framework/src/Illuminate/Foundation/Http/Middleware/ConvertEmptyStringsToNull.php(31): Illuminate\\Foundation\\Http\\Middleware\\TransformsRequest->handle()
#39 /home/agstudiodiital/public_html/magia/vendor/laravel/framework/src/Illuminate/Pipeline/Pipeline.php(183): Illuminate\\Foundation\\Http\\Middleware\\ConvertEmptyStringsToNull->handle()
#40 /home/agstudiodiital/public_html/magia/vendor/laravel/framework/src/Illuminate/Foundation/Http/Middleware/TransformsRequest.php(21): Illuminate\\Pipeline\\Pipeline->Illuminate\\Pipeline\\{closure}()
#41 /home/agstudiodiital/public_html/magia/vendor/laravel/framework/src/Illuminate/Foundation/Http/Middleware/TrimStrings.php(40): Illuminate\\Foundation\\Http\\Middleware\\TransformsRequest->handle()
#42 /home/agstudiodiital/public_html/magia/vendor/laravel/framework/src/Illuminate/Pipeline/Pipeline.php(183): Illuminate\\Foundation\\Http\\Middleware\\TrimStrings->handle()
#43 /home/agstudiodiital/public_html/magia/vendor/laravel/framework/src/Illuminate/Foundation/Http/Middleware/ValidatePostSize.php(27): Illuminate\\Pipeline\\Pipeline->Illuminate\\Pipeline\\{closure}()
#44 /home/agstudiodiital/public_html/magia/vendor/laravel/framework/src/Illuminate/Pipeline/Pipeline.php(183): Illuminate\\Foundation\\Http\\Middleware\\ValidatePostSize->handle()
#45 /home/agstudiodiital/public_html/magia/vendor/laravel/framework/src/Illuminate/Foundation/Http/Middleware/PreventRequestsDuringMaintenance.php(99): Illuminate\\Pipeline\\Pipeline->Illuminate\\Pipeline\\{closure}()
#46 /home/agstudiodiital/public_html/magia/vendor/laravel/framework/src/Illuminate/Pipeline/Pipeline.php(183): Illuminate\\Foundation\\Http\\Middleware\\PreventRequestsDuringMaintenance->handle()
#47 /home/agstudiodiital/public_html/magia/vendor/laravel/framework/src/Illuminate/Http/Middleware/HandleCors.php(49): Illuminate\\Pipeline\\Pipeline->Illuminate\\Pipeline\\{closure}()
#48 /home/agstudiodiital/public_html/magia/vendor/laravel/framework/src/Illuminate/Pipeline/Pipeline.php(183): Illuminate\\Http\\Middleware\\HandleCors->handle()
#49 /home/agstudiodiital/public_html/magia/vendor/laravel/framework/src/Illuminate/Http/Middleware/TrustProxies.php(39): Illuminate\\Pipeline\\Pipeline->Illuminate\\Pipeline\\{closure}()
#50 /home/agstudiodiital/public_html/magia/vendor/laravel/framework/src/Illuminate/Pipeline/Pipeline.php(183): Illuminate\\Http\\Middleware\\TrustProxies->handle()
#51 /home/agstudiodiital/public_html/magia/vendor/laravel/framework/src/Illuminate/Pipeline/Pipeline.php(119): Illuminate\\Pipeline\\Pipeline->Illuminate\\Pipeline\\{closure}()
#52 /home/agstudiodiital/public_html/magia/vendor/laravel/framework/src/Illuminate/Foundation/Http/Kernel.php(175): Illuminate\\Pipeline\\Pipeline->then()
#53 /home/agstudiodiital/public_html/magia/vendor/laravel/framework/src/Illuminate/Foundation/Http/Kernel.php(144): Illuminate\\Foundation\\Http\\Kernel->sendRequestThroughRouter()
#54 /home/agstudiodiital/public_html/magia/public/index.php(52): Illuminate\\Foundation\\Http\\Kernel->handle()
#55 {main}

[previous exception] [object] (ErrorException(code: 0): Undefined variable $totaleClienti at /home/agstudiodiital/public_html/magia/storage/framework/views/a75176e0b179937379418d239b49e383.php:14)
[stacktrace]
#0 /home/agstudiodiital/public_html/magia/vendor/laravel/framework/src/Illuminate/Foundation/Bootstrap/HandleExceptions.php(255): Illuminate\\Foundation\\Bootstrap\\HandleExceptions->handleError()
#1 /home/agstudiodiital/public_html/magia/storage/framework/views/a75176e0b179937379418d239b49e383.php(14): Illuminate\\Foundation\\Bootstrap\\HandleExceptions->Illuminate\\Foundation\\Bootstrap\\{closure}()
#2 /home/agstudiodiital/public_html/magia/vendor/laravel/framework/src/Illuminate/Filesystem/Filesystem.php(123): require('/home/agstudiod...')
#3 /home/agstudiodiital/public_html/magia/vendor/laravel/framework/src/Illuminate/Filesystem/Filesystem.php(124): Illuminate\\Filesystem\\Filesystem::Illuminate\\Filesystem\\{closure}()
#4 /home/agstudiodiital/public_html/magia/vendor/laravel/framework/src/Illuminate/View/Engines/PhpEngine.php(58): Illuminate\\Filesystem\\Filesystem->getRequire()
#5 /home/agstudiodiital/public_html/magia/vendor/laravel/framework/src/Illuminate/View/Engines/CompilerEngine.php(72): Illuminate\\View\\Engines\\PhpEngine->evaluatePath()
#6 /home/agstudiodiital/public_html/magia/vendor/laravel/framework/src/Illuminate/View/View.php(207): Illuminate\\View\\Engines\\CompilerEngine->get()
#7 /home/agstudiodiital/public_html/magia/vendor/laravel/framework/src/Illuminate/View/View.php(190): Illuminate\\View\\View->getContents()
#8 /home/agstudiodiital/public_html/magia/vendor/laravel/framework/src/Illuminate/View/View.php(159): Illuminate\\View\\View->renderContents()
#9 /home/agstudiodiital/public_html/magia/vendor/laravel/framework/src/Illuminate/Http/Response.php(69): Illuminate\\View\\View->render()
#10 /home/agstudiodiital/public_html/magia/vendor/laravel/framework/src/Illuminate/Http/Response.php(35): Illuminate\\Http\\Response->setContent()
#11 /home/agstudiodiital/public_html/magia/vendor/laravel/framework/src/Illuminate/Routing/Router.php(918): Illuminate\\Http\\Response->__construct()
#12 /home/agstudiodiital/public_html/magia/vendor/laravel/framework/src/Illuminate/Routing/Router.php(885): Illuminate\\Routing\\Router::toResponse()
#13 /home/agstudiodiital/public_html/magia/vendor/laravel/framework/src/Illuminate/Routing/Router.php(806): Illuminate\\Routing\\Router->prepareResponse()
#14 /home/agstudiodiital/public_html/magia/vendor/laravel/framework/src/Illuminate/Pipeline/Pipeline.php(144): Illuminate\\Routing\\Router->Illuminate\\Routing\\{closure}()
#15 /home/agstudiodiital/public_html/magia/app/Http/Controllers/Admin/DashboardController.php(46): Illuminate\\Pipeline\\Pipeline->Illuminate\\Pipeline\\{closure}()
#16 /home/agstudiodiital/public_html/magia/vendor/laravel/framework/src/Illuminate/Pipeline/Pipeline.php(165): App\\Http\\Controllers\\Admin\\DashboardController->App\\Http\\Controllers\\Admin\\{closure}()
#17 /home/agstudiodiital/public_html/magia/vendor/laravel/framework/src/Illuminate/Routing/Middleware/SubstituteBindings.php(50): Illuminate\\Pipeline\\Pipeline->Illuminate\\Pipeline\\{closure}()
#18 /home/agstudiodiital/public_html/magia/vendor/laravel/framework/src/Illuminate/Pipeline/Pipeline.php(183): Illuminate\\Routing\\Middleware\\SubstituteBindings->handle()
#19 /home/agstudiodiital/public_html/magia/vendor/laravel/framework/src/Illuminate/Auth/Middleware/Authenticate.php(57): Illuminate\\Pipeline\\Pipeline->Illuminate\\Pipeline\\{closure}()
#20 /home/agstudiodiital/public_html/magia/vendor/laravel/framework/src/Illuminate/Pipeline/Pipeline.php(183): Illuminate\\Auth\\Middleware\\Authenticate->handle()
#21 /home/agstudiodiital/public_html/magia/vendor/laravel/framework/src/Illuminate/Foundation/Http/Middleware/VerifyCsrfToken.php(78): Illuminate\\Pipeline\\Pipeline->Illuminate\\Pipeline\\{closure}()
#22 /home/agstudiodiital/public_html/magia/vendor/laravel/framework/src/Illuminate/Pipeline/Pipeline.php(183): Illuminate\\Foundation\\Http\\Middleware\\VerifyCsrfToken->handle()
#23 /home/agstudiodiital/public_html/magia/vendor/laravel/framework/src/Illuminate/View/Middleware/ShareErrorsFromSession.php(49): Illuminate\\Pipeline\\Pipeline->Illuminate\\Pipeline\\{closure}()
#24 /home/agstudiodiital/public_html/magia/vendor/laravel/framework/src/Illuminate/Pipeline/Pipeline.php(183): Illuminate\\View\\Middleware\\ShareErrorsFromSession->handle()
#25 /home/agstudiodiital/public_html/magia/vendor/laravel/framework/src/Illuminate/Session/Middleware/StartSession.php(121): Illuminate\\Pipeline\\Pipeline->Illuminate\\Pipeline\\{closure}()
#26 /home/agstudiodiital/public_html/magia/vendor/laravel/framework/src/Illuminate/Session/Middleware/StartSession.php(64): Illuminate\\Session\\Middleware\\StartSession->handleStatefulRequest()
#27 /home/agstudiodiital/public_html/magia/vendor/laravel/framework/src/Illuminate/Pipeline/Pipeline.php(183): Illuminate\\Session\\Middleware\\StartSession->handle()
#28 /home/agstudiodiital/public_html/magia/vendor/laravel/framework/src/Illuminate/Cookie/Middleware/AddQueuedCookiesToResponse.php(37): Illuminate\\Pipeline\\Pipeline->Illuminate\\Pipeline\\{closure}()
#29 /home/agstudiodiital/public_html/magia/vendor/laravel/framework/src/Illuminate/Pipeline/Pipeline.php(183): Illuminate\\Cookie\\Middleware\\AddQueuedCookiesToResponse->handle()
#30 /home/agstudiodiital/public_html/magia/vendor/laravel/framework/src/Illuminate/Cookie/Middleware/EncryptCookies.php(67): Illuminate\\Pipeline\\Pipeline->Illuminate\\Pipeline\\{closure}()
#31 /home/agstudiodiital/public_html/magia/vendor/laravel/framework/src/Illuminate/Pipeline/Pipeline.php(183): Illuminate\\Cookie\\Middleware\\EncryptCookies->handle()
#32 /home/agstudiodiital/public_html/magia/vendor/laravel/framework/src/Illuminate/Pipeline/Pipeline.php(119): Illuminate\\Pipeline\\Pipeline->Illuminate\\Pipeline\\{closure}()
#33 /home/agstudiodiital/public_html/magia/vendor/laravel/framework/src/Illuminate/Routing/Router.php(807): Illuminate\\Pipeline\\Pipeline->then()
#34 /home/agstudiodiital/public_html/magia/vendor/laravel/framework/src/Illuminate/Routing/Router.php(784): Illuminate\\Routing\\Router->runRouteWithinStack()
#35 /home/agstudiodiital/public_html/magia/vendor/laravel/framework/src/Illuminate/Routing/Router.php(748): Illuminate\\Routing\\Router->runRoute()
#36 /home/agstudiodiital/public_html/magia/vendor/laravel/framework/src/Illuminate/Routing/Router.php(737): Illuminate\\Routing\\Router->dispatchToRoute()
#37 /home/agstudiodiital/public_html/magia/vendor/laravel/framework/src/Illuminate/Foundation/Http/Kernel.php(200): Illuminate\\Routing\\Router->dispatch()
#38 /home/agstudiodiital/public_html/magia/vendor/laravel/framework/src/Illuminate/Pipeline/Pipeline.php(144): Illuminate\\Foundation\\Http\\Kernel->Illuminate\\Foundation\\Http\\{closure}()
#39 /home/agstudiodiital/public_html/magia/vendor/laravel/framework/src/Illuminate/Foundation/Http/Middleware/TransformsRequest.php(21): Illuminate\\Pipeline\\Pipeline->Illuminate\\Pipeline\\{closure}()
#40 /home/agstudiodiital/public_html/magia/vendor/laravel/framework/src/Illuminate/Foundation/Http/Middleware/ConvertEmptyStringsToNull.php(31): Illuminate\\Foundation\\Http\\Middleware\\TransformsRequest->handle()
#41 /home/agstudiodiital/public_html/magia/vendor/laravel/framework/src/Illuminate/Pipeline/Pipeline.php(183): Illuminate\\Foundation\\Http\\Middleware\\ConvertEmptyStringsToNull->handle()
#42 /home/agstudiodiital/public_html/magia/vendor/laravel/framework/src/Illuminate/Foundation/Http/Middleware/TransformsRequest.php(21): Illuminate\\Pipeline\\Pipeline->Illuminate\\Pipeline\\{closure}()
#43 /home/agstudiodiital/public_html/magia/vendor/laravel/framework/src/Illuminate/Foundation/Http/Middleware/TrimStrings.php(40): Illuminate\\Foundation\\Http\\Middleware\\TransformsRequest->handle()
#44 /home/agstudiodiital/public_html/magia/vendor/laravel/framework/src/Illuminate/Pipeline/Pipeline.php(183): Illuminate\\Foundation\\Http\\Middleware\\TrimStrings->handle()
#45 /home/agstudiodiital/public_html/magia/vendor/laravel/framework/src/Illuminate/Foundation/Http/Middleware/ValidatePostSize.php(27): Illuminate\\Pipeline\\Pipeline->Illuminate\\Pipeline\\{closure}()
#46 /home/agstudiodiital/public_html/magia/vendor/laravel/framework/src/Illuminate/Pipeline/Pipeline.php(183): Illuminate\\Foundation\\Http\\Middleware\\ValidatePostSize->handle()
#47 /home/agstudiodiital/public_html/magia/vendor/laravel/framework/src/Illuminate/Foundation/Http/Middleware/PreventRequestsDuringMaintenance.php(99): Illuminate\\Pipeline\\Pipeline->Illuminate\\Pipeline\\{closure}()
#48 /home/agstudiodiital/public_html/magia/vendor/laravel/framework/src/Illuminate/Pipeline/Pipeline.php(183): Illuminate\\Foundation\\Http\\Middleware\\PreventRequestsDuringMaintenance->handle()
#49 /home/agstudiodiital/public_html/magia/vendor/laravel/framework/src/Illuminate/Http/Middleware/HandleCors.php(49): Illuminate\\Pipeline\\Pipeline->Illuminate\\Pipeline\\{closure}()
#50 /home/agstudiodiital/public_html/magia/vendor/laravel/framework/src/Illuminate/Pipeline/Pipeline.php(183): Illuminate\\Http\\Middleware\\HandleCors->handle()
#51 /home/agstudiodiital/public_html/magia/vendor/laravel/framework/src/Illuminate/Http/Middleware/TrustProxies.php(39): Illuminate\\Pipeline\\Pipeline->Illuminate\\Pipeline\\{closure}()
#52 /home/agstudiodiital/public_html/magia/vendor/laravel/framework/src/Illuminate/Pipeline/Pipeline.php(183): Illuminate\\Http\\Middleware\\TrustProxies->handle()
#53 /home/agstudiodiital/public_html/magia/vendor/laravel/framework/src/Illuminate/Pipeline/Pipeline.php(119): Illuminate\\Pipeline\\Pipeline->Illuminate\\Pipeline\\{closure}()
#54 /home/agstudiodiital/public_html/magia/vendor/laravel/framework/src/Illuminate/Foundation/Http/Kernel.php(175): Illuminate\\Pipeline\\Pipeline->then()
#55 /home/agstudiodiital/public_html/magia/vendor/laravel/framework/src/Illuminate/Foundation/Http/Kernel.php(144): Illuminate\\Foundation\\Http\\Kernel->sendRequestThroughRouter()
#56 /home/agstudiodiital/public_html/magia/public/index.php(52): Illuminate\\Foundation\\Http\\Kernel->handle()
#57 {main}
"} 
[2025-11-10 08:25:51] production.ERROR: Undefined variable $totaleClienti {"view":{"view":"/home/agstudiodiital/public_html/magia/resources/views/admin/dashboard.blade.php","data":[]},"userId":1,"exception":"[object] (Spatie\\LaravelIgnition\\Exceptions\\ViewException(code: 0): Undefined variable $totaleClienti at /home/agstudiodiital/public_html/magia/resources/views/admin/dashboard.blade.php:16)
[stacktrace]
#0 /home/agstudiodiital/public_html/magia/vendor/laravel/framework/src/Illuminate/Filesystem/Filesystem.php(123): require('/home/agstudiod...')
#1 /home/agstudiodiital/public_html/magia/vendor/laravel/framework/src/Illuminate/Filesystem/Filesystem.php(124): Illuminate\\Filesystem\\Filesystem::Illuminate\\Filesystem\\{closure}()
#2 /home/agstudiodiital/public_html/magia/vendor/laravel/framework/src/Illuminate/View/Engines/PhpEngine.php(58): Illuminate\\Filesystem\\Filesystem->getRequire()
#3 /home/agstudiodiital/public_html/magia/vendor/laravel/framework/src/Illuminate/View/Engines/CompilerEngine.php(72): Illuminate\\View\\Engines\\PhpEngine->evaluatePath()
#4 /home/agstudiodiital/public_html/magia/vendor/laravel/framework/src/Illuminate/View/View.php(207): Illuminate\\View\\Engines\\CompilerEngine->get()
#5 /home/agstudiodiital/public_html/magia/vendor/laravel/framework/src/Illuminate/View/View.php(190): Illuminate\\View\\View->getContents()
#6 /home/agstudiodiital/public_html/magia/vendor/laravel/framework/src/Illuminate/View/View.php(159): Illuminate\\View\\View->renderContents()
#7 /home/agstudiodiital/public_html/magia/vendor/laravel/framework/src/Illuminate/Http/Response.php(69): Illuminate\\View\\View->render()
#8 /home/agstudiodiital/public_html/magia/vendor/laravel/framework/src/Illuminate/Http/Response.php(35): Illuminate\\Http\\Response->setContent()
#9 /home/agstudiodiital/public_html/magia/vendor/laravel/framework/src/Illuminate/Routing/Router.php(918): Illuminate\\Http\\Response->__construct()
#10 /home/agstudiodiital/public_html/magia/vendor/laravel/framework/src/Illuminate/Routing/Router.php(885): Illuminate\\Routing\\Router::toResponse()
#11 /home/agstudiodiital/public_html/magia/vendor/laravel/framework/src/Illuminate/Routing/Router.php(806): Illuminate\\Routing\\Router->prepareResponse()
#12 /home/agstudiodiital/public_html/magia/vendor/laravel/framework/src/Illuminate/Pipeline/Pipeline.php(144): Illuminate\\Routing\\Router->Illuminate\\Routing\\{closure}()
#13 /home/agstudiodiital/public_html/magia/app/Http/Controllers/Admin/DashboardController.php(46): Illuminate\\Pipeline\\Pipeline->Illuminate\\Pipeline\\{closure}()
#14 /home/agstudiodiital/public_html/magia/vendor/laravel/framework/src/Illuminate/Pipeline/Pipeline.php(165): App\\Http\\Controllers\\Admin\\DashboardController->App\\Http\\Controllers\\Admin\\{closure}()
#15 /home/agstudiodiital/public_html/magia/vendor/laravel/framework/src/Illuminate/Routing/Middleware/SubstituteBindings.php(50): Illuminate\\Pipeline\\Pipeline->Illuminate\\Pipeline\\{closure}()
#16 /home/agstudiodiital/public_html/magia/vendor/laravel/framework/src/Illuminate/Pipeline/Pipeline.php(183): Illuminate\\Routing\\Middleware\\SubstituteBindings->handle()
#17 /home/agstudiodiital/public_html/magia/vendor/laravel/framework/src/Illuminate/Auth/Middleware/Authenticate.php(57): Illuminate\\Pipeline\\Pipeline->Illuminate\\Pipeline\\{closure}()
#18 /home/agstudiodiital/public_html/magia/vendor/laravel/framework/src/Illuminate/Pipeline/Pipeline.php(183): Illuminate\\Auth\\Middleware\\Authenticate->handle()
#19 /home/agstudiodiital/public_html/magia/vendor/laravel/framework/src/Illuminate/Foundation/Http/Middleware/VerifyCsrfToken.php(78): Illuminate\\Pipeline\\Pipeline->Illuminate\\Pipeline\\{closure}()
#20 /home/agstudiodiital/public_html/magia/vendor/laravel/framework/src/Illuminate/Pipeline/Pipeline.php(183): Illuminate\\Foundation\\Http\\Middleware\\VerifyCsrfToken->handle()
#21 /home/agstudiodiital/public_html/magia/vendor/laravel/framework/src/Illuminate/View/Middleware/ShareErrorsFromSession.php(49): Illuminate\\Pipeline\\Pipeline->Illuminate\\Pipeline\\{closure}()
#22 /home/agstudiodiital/public_html/magia/vendor/laravel/framework/src/Illuminate/Pipeline/Pipeline.php(183): Illuminate\\View\\Middleware\\ShareErrorsFromSession->handle()
#23 /home/agstudiodiital/public_html/magia/vendor/laravel/framework/src/Illuminate/Session/Middleware/StartSession.php(121): Illuminate\\Pipeline\\Pipeline->Illuminate\\Pipeline\\{closure}()
#24 /home/agstudiodiital/public_html/magia/vendor/laravel/framework/src/Illuminate/Session/Middleware/StartSession.php(64): Illuminate\\Session\\Middleware\\StartSession->handleStatefulRequest()
#25 /home/agstudiodiital/public_html/magia/vendor/laravel/framework/src/Illuminate/Pipeline/Pipeline.php(183): Illuminate\\Session\\Middleware\\StartSession->handle()
#26 /home/agstudiodiital/public_html/magia/vendor/laravel/framework/src/Illuminate/Cookie/Middleware/AddQueuedCookiesToResponse.php(37): Illuminate\\Pipeline\\Pipeline->Illuminate\\Pipeline\\{closure}()
#27 /home/agstudiodiital/public_html/magia/vendor/laravel/framework/src/Illuminate/Pipeline/Pipeline.php(183): Illuminate\\Cookie\\Middleware\\AddQueuedCookiesToResponse->handle()
#28 /home/agstudiodiital/public_html/magia/vendor/laravel/framework/src/Illuminate/Cookie/Middleware/EncryptCookies.php(67): Illuminate\\Pipeline\\Pipeline->Illuminate\\Pipeline\\{closure}()
#29 /home/agstudiodiital/public_html/magia/vendor/laravel/framework/src/Illuminate/Pipeline/Pipeline.php(183): Illuminate\\Cookie\\Middleware\\EncryptCookies->handle()
#30 /home/agstudiodiital/public_html/magia/vendor/laravel/framework/src/Illuminate/Pipeline/Pipeline.php(119): Illuminate\\Pipeline\\Pipeline->Illuminate\\Pipeline\\{closure}()
#31 /home/agstudiodiital/public_html/magia/vendor/laravel/framework/src/Illuminate/Routing/Router.php(807): Illuminate\\Pipeline\\Pipeline->then()
#32 /home/agstudiodiital/public_html/magia/vendor/laravel/framework/src/Illuminate/Routing/Router.php(784): Illuminate\\Routing\\Router->runRouteWithinStack()
#33 /home/agstudiodiital/public_html/magia/vendor/laravel/framework/src/Illuminate/Routing/Router.php(748): Illuminate\\Routing\\Router->runRoute()
#34 /home/agstudiodiital/public_html/magia/vendor/laravel/framework/src/Illuminate/Routing/Router.php(737): Illuminate\\Routing\\Router->dispatchToRoute()
#35 /home/agstudiodiital/public_html/magia/vendor/laravel/framework/src/Illuminate/Foundation/Http/Kernel.php(200): Illuminate\\Routing\\Router->dispatch()
#36 /home/agstudiodiital/public_html/magia/vendor/laravel/framework/src/Illuminate/Pipeline/Pipeline.php(144): Illuminate\\Foundation\\Http\\Kernel->Illuminate\\Foundation\\Http\\{closure}()
#37 /home/agstudiodiital/public_html/magia/vendor/laravel/framework/src/Illuminate/Foundation/Http/Middleware/TransformsRequest.php(21): Illuminate\\Pipeline\\Pipeline->Illuminate\\Pipeline\\{closure}()
#38 /home/agstudiodiital/public_html/magia/vendor/laravel/framework/src/Illuminate/Foundation/Http/Middleware/ConvertEmptyStringsToNull.php(31): Illuminate\\Foundation\\Http\\Middleware\\TransformsRequest->handle()
#39 /home/agstudiodiital/public_html/magia/vendor/laravel/framework/src/Illuminate/Pipeline/Pipeline.php(183): Illuminate\\Foundation\\Http\\Middleware\\ConvertEmptyStringsToNull->handle()
#40 /home/agstudiodiital/public_html/magia/vendor/laravel/framework/src/Illuminate/Foundation/Http/Middleware/TransformsRequest.php(21): Illuminate\\Pipeline\\Pipeline->Illuminate\\Pipeline\\{closure}()
#41 /home/agstudiodiital/public_html/magia/vendor/laravel/framework/src/Illuminate/Foundation/Http/Middleware/TrimStrings.php(40): Illuminate\\Foundation\\Http\\Middleware\\TransformsRequest->handle()
#42 /home/agstudiodiital/public_html/magia/vendor/laravel/framework/src/Illuminate/Pipeline/Pipeline.php(183): Illuminate\\Foundation\\Http\\Middleware\\TrimStrings->handle()
#43 /home/agstudiodiital/public_html/magia/vendor/laravel/framework/src/Illuminate/Foundation/Http/Middleware/ValidatePostSize.php(27): Illuminate\\Pipeline\\Pipeline->Illuminate\\Pipeline\\{closure}()
#44 /home/agstudiodiital/public_html/magia/vendor/laravel/framework/src/Illuminate/Pipeline/Pipeline.php(183): Illuminate\\Foundation\\Http\\Middleware\\ValidatePostSize->handle()
#45 /home/agstudiodiital/public_html/magia/vendor/laravel/framework/src/Illuminate/Foundation/Http/Middleware/PreventRequestsDuringMaintenance.php(99): Illuminate\\Pipeline\\Pipeline->Illuminate\\Pipeline\\{closure}()
#46 /home/agstudiodiital/public_html/magia/vendor/laravel/framework/src/Illuminate/Pipeline/Pipeline.php(183): Illuminate\\Foundation\\Http\\Middleware\\PreventRequestsDuringMaintenance->handle()
#47 /home/agstudiodiital/public_html/magia/vendor/laravel/framework/src/Illuminate/Http/Middleware/HandleCors.php(49): Illuminate\\Pipeline\\Pipeline->Illuminate\\Pipeline\\{closure}()
#48 /home/agstudiodiital/public_html/magia/vendor/laravel/framework/src/Illuminate/Pipeline/Pipeline.php(183): Illuminate\\Http\\Middleware\\HandleCors->handle()
#49 /home/agstudiodiital/public_html/magia/vendor/laravel/framework/src/Illuminate/Http/Middleware/TrustProxies.php(39): Illuminate\\Pipeline\\Pipeline->Illuminate\\Pipeline\\{closure}()
#50 /home/agstudiodiital/public_html/magia/vendor/laravel/framework/src/Illuminate/Pipeline/Pipeline.php(183): Illuminate\\Http\\Middleware\\TrustProxies->handle()
#51 /home/agstudiodiital/public_html/magia/vendor/laravel/framework/src/Illuminate/Pipeline/Pipeline.php(119): Illuminate\\Pipeline\\Pipeline->Illuminate\\Pipeline\\{closure}()
#52 /home/agstudiodiital/public_html/magia/vendor/laravel/framework/src/Illuminate/Foundation/Http/Kernel.php(175): Illuminate\\Pipeline\\Pipeline->then()
#53 /home/agstudiodiital/public_html/magia/vendor/laravel/framework/src/Illuminate/Foundation/Http/Kernel.php(144): Illuminate\\Foundation\\Http\\Kernel->sendRequestThroughRouter()
#54 /home/agstudiodiital/public_html/magia/public/index.php(52): Illuminate\\Foundation\\Http\\Kernel->handle()
#55 {main}

[previous exception] [object] (ErrorException(code: 0): Undefined variable $totaleClienti at /home/agstudiodiital/public_html/magia/storage/framework/views/a75176e0b179937379418d239b49e383.php:14)
[stacktrace]
#0 /home/agstudiodiital/public_html/magia/vendor/laravel/framework/src/Illuminate/Foundation/Bootstrap/HandleExceptions.php(255): Illuminate\\Foundation\\Bootstrap\\HandleExceptions->handleError()
#1 /home/agstudiodiital/public_html/magia/storage/framework/views/a75176e0b179937379418d239b49e383.php(14): Illuminate\\Foundation\\Bootstrap\\HandleExceptions->Illuminate\\Foundation\\Bootstrap\\{closure}()
#2 /home/agstudiodiital/public_html/magia/vendor/laravel/framework/src/Illuminate/Filesystem/Filesystem.php(123): require('/home/agstudiod...')
#3 /home/agstudiodiital/public_html/magia/vendor/laravel/framework/src/Illuminate/Filesystem/Filesystem.php(124): Illuminate\\Filesystem\\Filesystem::Illuminate\\Filesystem\\{closure}()
#4 /home/agstudiodiital/public_html/magia/vendor/laravel/framework/src/Illuminate/View/Engines/PhpEngine.php(58): Illuminate\\Filesystem\\Filesystem->getRequire()
#5 /home/agstudiodiital/public_html/magia/vendor/laravel/framework/src/Illuminate/View/Engines/CompilerEngine.php(72): Illuminate\\View\\Engines\\PhpEngine->evaluatePath()
#6 /home/agstudiodiital/public_html/magia/vendor/laravel/framework/src/Illuminate/View/View.php(207): Illuminate\\View\\Engines\\CompilerEngine->get()
#7 /home/agstudiodiital/public_html/magia/vendor/laravel/framework/src/Illuminate/View/View.php(190): Illuminate\\View\\View->getContents()
#8 /home/agstudiodiital/public_html/magia/vendor/laravel/framework/src/Illuminate/View/View.php(159): Illuminate\\View\\View->renderContents()
#9 /home/agstudiodiital/public_html/magia/vendor/laravel/framework/src/Illuminate/Http/Response.php(69): Illuminate\\View\\View->render()
#10 /home/agstudiodiital/public_html/magia/vendor/laravel/framework/src/Illuminate/Http/Response.php(35): Illuminate\\Http\\Response->setContent()
#11 /home/agstudiodiital/public_html/magia/vendor/laravel/framework/src/Illuminate/Routing/Router.php(918): Illuminate\\Http\\Response->__construct()
#12 /home/agstudiodiital/public_html/magia/vendor/laravel/framework/src/Illuminate/Routing/Router.php(885): Illuminate\\Routing\\Router::toResponse()
#13 /home/agstudiodiital/public_html/magia/vendor/laravel/framework/src/Illuminate/Routing/Router.php(806): Illuminate\\Routing\\Router->prepareResponse()
#14 /home/agstudiodiital/public_html/magia/vendor/laravel/framework/src/Illuminate/Pipeline/Pipeline.php(144): Illuminate\\Routing\\Router->Illuminate\\Routing\\{closure}()
#15 /home/agstudiodiital/public_html/magia/app/Http/Controllers/Admin/DashboardController.php(46): Illuminate\\Pipeline\\Pipeline->Illuminate\\Pipeline\\{closure}()
#16 /home/agstudiodiital/public_html/magia/vendor/laravel/framework/src/Illuminate/Pipeline/Pipeline.php(165): App\\Http\\Controllers\\Admin\\DashboardController->App\\Http\\Controllers\\Admin\\{closure}()
#17 /home/agstudiodiital/public_html/magia/vendor/laravel/framework/src/Illuminate/Routing/Middleware/SubstituteBindings.php(50): Illuminate\\Pipeline\\Pipeline->Illuminate\\Pipeline\\{closure}()
#18 /home/agstudiodiital/public_html/magia/vendor/laravel/framework/src/Illuminate/Pipeline/Pipeline.php(183): Illuminate\\Routing\\Middleware\\SubstituteBindings->handle()
#19 /home/agstudiodiital/public_html/magia/vendor/laravel/framework/src/Illuminate/Auth/Middleware/Authenticate.php(57): Illuminate\\Pipeline\\Pipeline->Illuminate\\Pipeline\\{closure}()
#20 /home/agstudiodiital/public_html/magia/vendor/laravel/framework/src/Illuminate/Pipeline/Pipeline.php(183): Illuminate\\Auth\\Middleware\\Authenticate->handle()
#21 /home/agstudiodiital/public_html/magia/vendor/laravel/framework/src/Illuminate/Foundation/Http/Middleware/VerifyCsrfToken.php(78): Illuminate\\Pipeline\\Pipeline->Illuminate\\Pipeline\\{closure}()
#22 /home/agstudiodiital/public_html/magia/vendor/laravel/framework/src/Illuminate/Pipeline/Pipeline.php(183): Illuminate\\Foundation\\Http\\Middleware\\VerifyCsrfToken->handle()
#23 /home/agstudiodiital/public_html/magia/vendor/laravel/framework/src/Illuminate/View/Middleware/ShareErrorsFromSession.php(49): Illuminate\\Pipeline\\Pipeline->Illuminate\\Pipeline\\{closure}()
#24 /home/agstudiodiital/public_html/magia/vendor/laravel/framework/src/Illuminate/Pipeline/Pipeline.php(183): Illuminate\\View\\Middleware\\ShareErrorsFromSession->handle()
#25 /home/agstudiodiital/public_html/magia/vendor/laravel/framework/src/Illuminate/Session/Middleware/StartSession.php(121): Illuminate\\Pipeline\\Pipeline->Illuminate\\Pipeline\\{closure}()
#26 /home/agstudiodiital/public_html/magia/vendor/laravel/framework/src/Illuminate/Session/Middleware/StartSession.php(64): Illuminate\\Session\\Middleware\\StartSession->handleStatefulRequest()
#27 /home/agstudiodiital/public_html/magia/vendor/laravel/framework/src/Illuminate/Pipeline/Pipeline.php(183): Illuminate\\Session\\Middleware\\StartSession->handle()
#28 /home/agstudiodiital/public_html/magia/vendor/laravel/framework/src/Illuminate/Cookie/Middleware/AddQueuedCookiesToResponse.php(37): Illuminate\\Pipeline\\Pipeline->Illuminate\\Pipeline\\{closure}()
#29 /home/agstudiodiital/public_html/magia/vendor/laravel/framework/src/Illuminate/Pipeline/Pipeline.php(183): Illuminate\\Cookie\\Middleware\\AddQueuedCookiesToResponse->handle()
#30 /home/agstudiodiital/public_html/magia/vendor/laravel/framework/src/Illuminate/Cookie/Middleware/EncryptCookies.php(67): Illuminate\\Pipeline\\Pipeline->Illuminate\\Pipeline\\{closure}()
#31 /home/agstudiodiital/public_html/magia/vendor/laravel/framework/src/Illuminate/Pipeline/Pipeline.php(183): Illuminate\\Cookie\\Middleware\\EncryptCookies->handle()
#32 /home/agstudiodiital/public_html/magia/vendor/laravel/framework/src/Illuminate/Pipeline/Pipeline.php(119): Illuminate\\Pipeline\\Pipeline->Illuminate\\Pipeline\\{closure}()
#33 /home/agstudiodiital/public_html/magia/vendor/laravel/framework/src/Illuminate/Routing/Router.php(807): Illuminate\\Pipeline\\Pipeline->then()
#34 /home/agstudiodiital/public_html/magia/vendor/laravel/framework/src/Illuminate/Routing/Router.php(784): Illuminate\\Routing\\Router->runRouteWithinStack()
#35 /home/agstudiodiital/public_html/magia/vendor/laravel/framework/src/Illuminate/Routing/Router.php(748): Illuminate\\Routing\\Router->runRoute()
#36 /home/agstudiodiital/public_html/magia/vendor/laravel/framework/src/Illuminate/Routing/Router.php(737): Illuminate\\Routing\\Router->dispatchToRoute()
#37 /home/agstudiodiital/public_html/magia/vendor/laravel/framework/src/Illuminate/Foundation/Http/Kernel.php(200): Illuminate\\Routing\\Router->dispatch()
#38 /home/agstudiodiital/public_html/magia/vendor/laravel/framework/src/Illuminate/Pipeline/Pipeline.php(144): Illuminate\\Foundation\\Http\\Kernel->Illuminate\\Foundation\\Http\\{closure}()
#39 /home/agstudiodiital/public_html/magia/vendor/laravel/framework/src/Illuminate/Foundation/Http/Middleware/TransformsRequest.php(21): Illuminate\\Pipeline\\Pipeline->Illuminate\\Pipeline\\{closure}()
#40 /home/agstudiodiital/public_html/magia/vendor/laravel/framework/src/Illuminate/Foundation/Http/Middleware/ConvertEmptyStringsToNull.php(31): Illuminate\\Foundation\\Http\\Middleware\\TransformsRequest->handle()
#41 /home/agstudiodiital/public_html/magia/vendor/laravel/framework/src/Illuminate/Pipeline/Pipeline.php(183): Illuminate\\Foundation\\Http\\Middleware\\ConvertEmptyStringsToNull->handle()
#42 /home/agstudiodiital/public_html/magia/vendor/laravel/framework/src/Illuminate/Foundation/Http/Middleware/TransformsRequest.php(21): Illuminate\\Pipeline\\Pipeline->Illuminate\\Pipeline\\{closure}()
#43 /home/agstudiodiital/public_html/magia/vendor/laravel/framework/src/Illuminate/Foundation/Http/Middleware/TrimStrings.php(40): Illuminate\\Foundation\\Http\\Middleware\\TransformsRequest->handle()
#44 /home/agstudiodiital/public_html/magia/vendor/laravel/framework/src/Illuminate/Pipeline/Pipeline.php(183): Illuminate\\Foundation\\Http\\Middleware\\TrimStrings->handle()
#45 /home/agstudiodiital/public_html/magia/vendor/laravel/framework/src/Illuminate/Foundation/Http/Middleware/ValidatePostSize.php(27): Illuminate\\Pipeline\\Pipeline->Illuminate\\Pipeline\\{closure}()
#46 /home/agstudiodiital/public_html/magia/vendor/laravel/framework/src/Illuminate/Pipeline/Pipeline.php(183): Illuminate\\Foundation\\Http\\Middleware\\ValidatePostSize->handle()
#47 /home/agstudiodiital/public_html/magia/vendor/laravel/framework/src/Illuminate/Foundation/Http/Middleware/PreventRequestsDuringMaintenance.php(99): Illuminate\\Pipeline\\Pipeline->Illuminate\\Pipeline\\{closure}()
#48 /home/agstudiodiital/public_html/magia/vendor/laravel/framework/src/Illuminate/Pipeline/Pipeline.php(183): Illuminate\\Foundation\\Http\\Middleware\\PreventRequestsDuringMaintenance->handle()
#49 /home/agstudiodiital/public_html/magia/vendor/laravel/framework/src/Illuminate/Http/Middleware/HandleCors.php(49): Illuminate\\Pipeline\\Pipeline->Illuminate\\Pipeline\\{closure}()
#50 /home/agstudiodiital/public_html/magia/vendor/laravel/framework/src/Illuminate/Pipeline/Pipeline.php(183): Illuminate\\Http\\Middleware\\HandleCors->handle()
#51 /home/agstudiodiital/public_html/magia/vendor/laravel/framework/src/Illuminate/Http/Middleware/TrustProxies.php(39): Illuminate\\Pipeline\\Pipeline->Illuminate\\Pipeline\\{closure}()
#52 /home/agstudiodiital/public_html/magia/vendor/laravel/framework/src/Illuminate/Pipeline/Pipeline.php(183): Illuminate\\Http\\Middleware\\TrustProxies->handle()
#53 /home/agstudiodiital/public_html/magia/vendor/laravel/framework/src/Illuminate/Pipeline/Pipeline.php(119): Illuminate\\Pipeline\\Pipeline->Illuminate\\Pipeline\\{closure}()
#54 /home/agstudiodiital/public_html/magia/vendor/laravel/framework/src/Illuminate/Foundation/Http/Kernel.php(175): Illuminate\\Pipeline\\Pipeline->then()
#55 /home/agstudiodiital/public_html/magia/vendor/laravel/framework/src/Illuminate/Foundation/Http/Kernel.php(144): Illuminate\\Foundation\\Http\\Kernel->sendRequestThroughRouter()
#56 /home/agstudiodiital/public_html/magia/public/index.php(52): Illuminate\\Foundation\\Http\\Kernel->handle()
#57 {main}
"} 
[2025-11-10 08:25:52] production.ERROR: Undefined variable $totaleClienti {"view":{"view":"/home/agstudiodiital/public_html/magia/resources/views/admin/dashboard.blade.php","data":[]},"userId":1,"exception":"[object] (Spatie\\LaravelIgnition\\Exceptions\\ViewException(code: 0): Undefined variable $totaleClienti at /home/agstudiodiital/public_html/magia/resources/views/admin/dashboard.blade.php:16)
[stacktrace]
#0 /home/agstudiodiital/public_html/magia/vendor/laravel/framework/src/Illuminate/Filesystem/Filesystem.php(123): require('/home/agstudiod...')
#1 /home/agstudiodiital/public_html/magia/vendor/laravel/framework/src/Illuminate/Filesystem/Filesystem.php(124): Illuminate\\Filesystem\\Filesystem::Illuminate\\Filesystem\\{closure}()
#2 /home/agstudiodiital/public_html/magia/vendor/laravel/framework/src/Illuminate/View/Engines/PhpEngine.php(58): Illuminate\\Filesystem\\Filesystem->getRequire()
#3 /home/agstudiodiital/public_html/magia/vendor/laravel/framework/src/Illuminate/View/Engines/CompilerEngine.php(72): Illuminate\\View\\Engines\\PhpEngine->evaluatePath()
#4 /home/agstudiodiital/public_html/magia/vendor/laravel/framework/src/Illuminate/View/View.php(207): Illuminate\\View\\Engines\\CompilerEngine->get()
#5 /home/agstudiodiital/public_html/magia/vendor/laravel/framework/src/Illuminate/View/View.php(190): Illuminate\\View\\View->getContents()
#6 /home/agstudiodiital/public_html/magia/vendor/laravel/framework/src/Illuminate/View/View.php(159): Illuminate\\View\\View->renderContents()
#7 /home/agstudiodiital/public_html/magia/vendor/laravel/framework/src/Illuminate/Http/Response.php(69): Illuminate\\View\\View->render()
#8 /home/agstudiodiital/public_html/magia/vendor/laravel/framework/src/Illuminate/Http/Response.php(35): Illuminate\\Http\\Response->setContent()
#9 /home/agstudiodiital/public_html/magia/vendor/laravel/framework/src/Illuminate/Routing/Router.php(918): Illuminate\\Http\\Response->__construct()
#10 /home/agstudiodiital/public_html/magia/vendor/laravel/framework/src/Illuminate/Routing/Router.php(885): Illuminate\\Routing\\Router::toResponse()
#11 /home/agstudiodiital/public_html/magia/vendor/laravel/framework/src/Illuminate/Routing/Router.php(806): Illuminate\\Routing\\Router->prepareResponse()
#12 /home/agstudiodiital/public_html/magia/vendor/laravel/framework/src/Illuminate/Pipeline/Pipeline.php(144): Illuminate\\Routing\\Router->Illuminate\\Routing\\{closure}()
#13 /home/agstudiodiital/public_html/magia/app/Http/Controllers/Admin/DashboardController.php(46): Illuminate\\Pipeline\\Pipeline->Illuminate\\Pipeline\\{closure}()
#14 /home/agstudiodiital/public_html/magia/vendor/laravel/framework/src/Illuminate/Pipeline/Pipeline.php(165): App\\Http\\Controllers\\Admin\\DashboardController->App\\Http\\Controllers\\Admin\\{closure}()
#15 /home/agstudiodiital/public_html/magia/vendor/laravel/framework/src/Illuminate/Routing/Middleware/SubstituteBindings.php(50): Illuminate\\Pipeline\\Pipeline->Illuminate\\Pipeline\\{closure}()
#16 /home/agstudiodiital/public_html/magia/vendor/laravel/framework/src/Illuminate/Pipeline/Pipeline.php(183): Illuminate\\Routing\\Middleware\\SubstituteBindings->handle()
#17 /home/agstudiodiital/public_html/magia/vendor/laravel/framework/src/Illuminate/Auth/Middleware/Authenticate.php(57): Illuminate\\Pipeline\\Pipeline->Illuminate\\Pipeline\\{closure}()
#18 /home/agstudiodiital/public_html/magia/vendor/laravel/framework/src/Illuminate/Pipeline/Pipeline.php(183): Illuminate\\Auth\\Middleware\\Authenticate->handle()
#19 /home/agstudiodiital/public_html/magia/vendor/laravel/framework/src/Illuminate/Foundation/Http/Middleware/VerifyCsrfToken.php(78): Illuminate\\Pipeline\\Pipeline->Illuminate\\Pipeline\\{closure}()
#20 /home/agstudiodiital/public_html/magia/vendor/laravel/framework/src/Illuminate/Pipeline/Pipeline.php(183): Illuminate\\Foundation\\Http\\Middleware\\VerifyCsrfToken->handle()
#21 /home/agstudiodiital/public_html/magia/vendor/laravel/framework/src/Illuminate/View/Middleware/ShareErrorsFromSession.php(49): Illuminate\\Pipeline\\Pipeline->Illuminate\\Pipeline\\{closure}()
#22 /home/agstudiodiital/public_html/magia/vendor/laravel/framework/src/Illuminate/Pipeline/Pipeline.php(183): Illuminate\\View\\Middleware\\ShareErrorsFromSession->handle()
#23 /home/agstudiodiital/public_html/magia/vendor/laravel/framework/src/Illuminate/Session/Middleware/StartSession.php(121): Illuminate\\Pipeline\\Pipeline->Illuminate\\Pipeline\\{closure}()
#24 /home/agstudiodiital/public_html/magia/vendor/laravel/framework/src/Illuminate/Session/Middleware/StartSession.php(64): Illuminate\\Session\\Middleware\\StartSession->handleStatefulRequest()
#25 /home/agstudiodiital/public_html/magia/vendor/laravel/framework/src/Illuminate/Pipeline/Pipeline.php(183): Illuminate\\Session\\Middleware\\StartSession->handle()
#26 /home/agstudiodiital/public_html/magia/vendor/laravel/framework/src/Illuminate/Cookie/Middleware/AddQueuedCookiesToResponse.php(37): Illuminate\\Pipeline\\Pipeline->Illuminate\\Pipeline\\{closure}()
#27 /home/agstudiodiital/public_html/magia/vendor/laravel/framework/src/Illuminate/Pipeline/Pipeline.php(183): Illuminate\\Cookie\\Middleware\\AddQueuedCookiesToResponse->handle()
#28 /home/agstudiodiital/public_html/magia/vendor/laravel/framework/src/Illuminate/Cookie/Middleware/EncryptCookies.php(67): Illuminate\\Pipeline\\Pipeline->Illuminate\\Pipeline\\{closure}()
#29 /home/agstudiodiital/public_html/magia/vendor/laravel/framework/src/Illuminate/Pipeline/Pipeline.php(183): Illuminate\\Cookie\\Middleware\\EncryptCookies->handle()
#30 /home/agstudiodiital/public_html/magia/vendor/laravel/framework/src/Illuminate/Pipeline/Pipeline.php(119): Illuminate\\Pipeline\\Pipeline->Illuminate\\Pipeline\\{closure}()
#31 /home/agstudiodiital/public_html/magia/vendor/laravel/framework/src/Illuminate/Routing/Router.php(807): Illuminate\\Pipeline\\Pipeline->then()
#32 /home/agstudiodiital/public_html/magia/vendor/laravel/framework/src/Illuminate/Routing/Router.php(784): Illuminate\\Routing\\Router->runRouteWithinStack()
#33 /home/agstudiodiital/public_html/magia/vendor/laravel/framework/src/Illuminate/Routing/Router.php(748): Illuminate\\Routing\\Router->runRoute()
#34 /home/agstudiodiital/public_html/magia/vendor/laravel/framework/src/Illuminate/Routing/Router.php(737): Illuminate\\Routing\\Router->dispatchToRoute()
#35 /home/agstudiodiital/public_html/magia/vendor/laravel/framework/src/Illuminate/Foundation/Http/Kernel.php(200): Illuminate\\Routing\\Router->dispatch()
#36 /home/agstudiodiital/public_html/magia/vendor/laravel/framework/src/Illuminate/Pipeline/Pipeline.php(144): Illuminate\\Foundation\\Http\\Kernel->Illuminate\\Foundation\\Http\\{closure}()
#37 /home/agstudiodiital/public_html/magia/vendor/laravel/framework/src/Illuminate/Foundation/Http/Middleware/TransformsRequest.php(21): Illuminate\\Pipeline\\Pipeline->Illuminate\\Pipeline\\{closure}()
#38 /home/agstudiodiital/public_html/magia/vendor/laravel/framework/src/Illuminate/Foundation/Http/Middleware/ConvertEmptyStringsToNull.php(31): Illuminate\\Foundation\\Http\\Middleware\\TransformsRequest->handle()
#39 /home/agstudiodiital/public_html/magia/vendor/laravel/framework/src/Illuminate/Pipeline/Pipeline.php(183): Illuminate\\Foundation\\Http\\Middleware\\ConvertEmptyStringsToNull->handle()
#40 /home/agstudiodiital/public_html/magia/vendor/laravel/framework/src/Illuminate/Foundation/Http/Middleware/TransformsRequest.php(21): Illuminate\\Pipeline\\Pipeline->Illuminate\\Pipeline\\{closure}()
#41 /home/agstudiodiital/public_html/magia/vendor/laravel/framework/src/Illuminate/Foundation/Http/Middleware/TrimStrings.php(40): Illuminate\\Foundation\\Http\\Middleware\\TransformsRequest->handle()
#42 /home/agstudiodiital/public_html/magia/vendor/laravel/framework/src/Illuminate/Pipeline/Pipeline.php(183): Illuminate\\Foundation\\Http\\Middleware\\TrimStrings->handle()
#43 /home/agstudiodiital/public_html/magia/vendor/laravel/framework/src/Illuminate/Foundation/Http/Middleware/ValidatePostSize.php(27): Illuminate\\Pipeline\\Pipeline->Illuminate\\Pipeline\\{closure}()
#44 /home/agstudiodiital/public_html/magia/vendor/laravel/framework/src/Illuminate/Pipeline/Pipeline.php(183): Illuminate\\Foundation\\Http\\Middleware\\ValidatePostSize->handle()
#45 /home/agstudiodiital/public_html/magia/vendor/laravel/framework/src/Illuminate/Foundation/Http/Middleware/PreventRequestsDuringMaintenance.php(99): Illuminate\\Pipeline\\Pipeline->Illuminate\\Pipeline\\{closure}()
#46 /home/agstudiodiital/public_html/magia/vendor/laravel/framework/src/Illuminate/Pipeline/Pipeline.php(183): Illuminate\\Foundation\\Http\\Middleware\\PreventRequestsDuringMaintenance->handle()
#47 /home/agstudiodiital/public_html/magia/vendor/laravel/framework/src/Illuminate/Http/Middleware/HandleCors.php(49): Illuminate\\Pipeline\\Pipeline->Illuminate\\Pipeline\\{closure}()
#48 /home/agstudiodiital/public_html/magia/vendor/laravel/framework/src/Illuminate/Pipeline/Pipeline.php(183): Illuminate\\Http\\Middleware\\HandleCors->handle()
#49 /home/agstudiodiital/public_html/magia/vendor/laravel/framework/src/Illuminate/Http/Middleware/TrustProxies.php(39): Illuminate\\Pipeline\\Pipeline->Illuminate\\Pipeline\\{closure}()
#50 /home/agstudiodiital/public_html/magia/vendor/laravel/framework/src/Illuminate/Pipeline/Pipeline.php(183): Illuminate\\Http\\Middleware\\TrustProxies->handle()
#51 /home/agstudiodiital/public_html/magia/vendor/laravel/framework/src/Illuminate/Pipeline/Pipeline.php(119): Illuminate\\Pipeline\\Pipeline->Illuminate\\Pipeline\\{closure}()
#52 /home/agstudiodiital/public_html/magia/vendor/laravel/framework/src/Illuminate/Foundation/Http/Kernel.php(175): Illuminate\\Pipeline\\Pipeline->then()
#53 /home/agstudiodiital/public_html/magia/vendor/laravel/framework/src/Illuminate/Foundation/Http/Kernel.php(144): Illuminate\\Foundation\\Http\\Kernel->sendRequestThroughRouter()
#54 /home/agstudiodiital/public_html/magia/public/index.php(52): Illuminate\\Foundation\\Http\\Kernel->handle()
#55 {main}

[previous exception] [object] (ErrorException(code: 0): Undefined variable $totaleClienti at /home/agstudiodiital/public_html/magia/storage/framework/views/a75176e0b179937379418d239b49e383.php:14)
[stacktrace]
#0 /home/agstudiodiital/public_html/magia/vendor/laravel/framework/src/Illuminate/Foundation/Bootstrap/HandleExceptions.php(255): Illuminate\\Foundation\\Bootstrap\\HandleExceptions->handleError()
#1 /home/agstudiodiital/public_html/magia/storage/framework/views/a75176e0b179937379418d239b49e383.php(14): Illuminate\\Foundation\\Bootstrap\\HandleExceptions->Illuminate\\Foundation\\Bootstrap\\{closure}()
#2 /home/agstudiodiital/public_html/magia/vendor/laravel/framework/src/Illuminate/Filesystem/Filesystem.php(123): require('/home/agstudiod...')
#3 /home/agstudiodiital/public_html/magia/vendor/laravel/framework/src/Illuminate/Filesystem/Filesystem.php(124): Illuminate\\Filesystem\\Filesystem::Illuminate\\Filesystem\\{closure}()
#4 /home/agstudiodiital/public_html/magia/vendor/laravel/framework/src/Illuminate/View/Engines/PhpEngine.php(58): Illuminate\\Filesystem\\Filesystem->getRequire()
#5 /home/agstudiodiital/public_html/magia/vendor/laravel/framework/src/Illuminate/View/Engines/CompilerEngine.php(72): Illuminate\\View\\Engines\\PhpEngine->evaluatePath()
#6 /home/agstudiodiital/public_html/magia/vendor/laravel/framework/src/Illuminate/View/View.php(207): Illuminate\\View\\Engines\\CompilerEngine->get()
#7 /home/agstudiodiital/public_html/magia/vendor/laravel/framework/src/Illuminate/View/View.php(190): Illuminate\\View\\View->getContents()
#8 /home/agstudiodiital/public_html/magia/vendor/laravel/framework/src/Illuminate/View/View.php(159): Illuminate\\View\\View->renderContents()
#9 /home/agstudiodiital/public_html/magia/vendor/laravel/framework/src/Illuminate/Http/Response.php(69): Illuminate\\View\\View->render()
#10 /home/agstudiodiital/public_html/magia/vendor/laravel/framework/src/Illuminate/Http/Response.php(35): Illuminate\\Http\\Response->setContent()
#11 /home/agstudiodiital/public_html/magia/vendor/laravel/framework/src/Illuminate/Routing/Router.php(918): Illuminate\\Http\\Response->__construct()
#12 /home/agstudiodiital/public_html/magia/vendor/laravel/framework/src/Illuminate/Routing/Router.php(885): Illuminate\\Routing\\Router::toResponse()
#13 /home/agstudiodiital/public_html/magia/vendor/laravel/framework/src/Illuminate/Routing/Router.php(806): Illuminate\\Routing\\Router->prepareResponse()
#14 /home/agstudiodiital/public_html/magia/vendor/laravel/framework/src/Illuminate/Pipeline/Pipeline.php(144): Illuminate\\Routing\\Router->Illuminate\\Routing\\{closure}()
#15 /home/agstudiodiital/public_html/magia/app/Http/Controllers/Admin/DashboardController.php(46): Illuminate\\Pipeline\\Pipeline->Illuminate\\Pipeline\\{closure}()
#16 /home/agstudiodiital/public_html/magia/vendor/laravel/framework/src/Illuminate/Pipeline/Pipeline.php(165): App\\Http\\Controllers\\Admin\\DashboardController->App\\Http\\Controllers\\Admin\\{closure}()
#17 /home/agstudiodiital/public_html/magia/vendor/laravel/framework/src/Illuminate/Routing/Middleware/SubstituteBindings.php(50): Illuminate\\Pipeline\\Pipeline->Illuminate\\Pipeline\\{closure}()
#18 /home/agstudiodiital/public_html/magia/vendor/laravel/framework/src/Illuminate/Pipeline/Pipeline.php(183): Illuminate\\Routing\\Middleware\\SubstituteBindings->handle()
#19 /home/agstudiodiital/public_html/magia/vendor/laravel/framework/src/Illuminate/Auth/Middleware/Authenticate.php(57): Illuminate\\Pipeline\\Pipeline->Illuminate\\Pipeline\\{closure}()
#20 /home/agstudiodiital/public_html/magia/vendor/laravel/framework/src/Illuminate/Pipeline/Pipeline.php(183): Illuminate\\Auth\\Middleware\\Authenticate->handle()
#21 /home/agstudiodiital/public_html/magia/vendor/laravel/framework/src/Illuminate/Foundation/Http/Middleware/VerifyCsrfToken.php(78): Illuminate\\Pipeline\\Pipeline->Illuminate\\Pipeline\\{closure}()
#22 /home/agstudiodiital/public_html/magia/vendor/laravel/framework/src/Illuminate/Pipeline/Pipeline.php(183): Illuminate\\Foundation\\Http\\Middleware\\VerifyCsrfToken->handle()
#23 /home/agstudiodiital/public_html/magia/vendor/laravel/framework/src/Illuminate/View/Middleware/ShareErrorsFromSession.php(49): Illuminate\\Pipeline\\Pipeline->Illuminate\\Pipeline\\{closure}()
#24 /home/agstudiodiital/public_html/magia/vendor/laravel/framework/src/Illuminate/Pipeline/Pipeline.php(183): Illuminate\\View\\Middleware\\ShareErrorsFromSession->handle()
#25 /home/agstudiodiital/public_html/magia/vendor/laravel/framework/src/Illuminate/Session/Middleware/StartSession.php(121): Illuminate\\Pipeline\\Pipeline->Illuminate\\Pipeline\\{closure}()
#26 /home/agstudiodiital/public_html/magia/vendor/laravel/framework/src/Illuminate/Session/Middleware/StartSession.php(64): Illuminate\\Session\\Middleware\\StartSession->handleStatefulRequest()
#27 /home/agstudiodiital/public_html/magia/vendor/laravel/framework/src/Illuminate/Pipeline/Pipeline.php(183): Illuminate\\Session\\Middleware\\StartSession->handle()
#28 /home/agstudiodiital/public_html/magia/vendor/laravel/framework/src/Illuminate/Cookie/Middleware/AddQueuedCookiesToResponse.php(37): Illuminate\\Pipeline\\Pipeline->Illuminate\\Pipeline\\{closure}()
#29 /home/agstudiodiital/public_html/magia/vendor/laravel/framework/src/Illuminate/Pipeline/Pipeline.php(183): Illuminate\\Cookie\\Middleware\\AddQueuedCookiesToResponse->handle()
#30 /home/agstudiodiital/public_html/magia/vendor/laravel/framework/src/Illuminate/Cookie/Middleware/EncryptCookies.php(67): Illuminate\\Pipeline\\Pipeline->Illuminate\\Pipeline\\{closure}()
#31 /home/agstudiodiital/public_html/magia/vendor/laravel/framework/src/Illuminate/Pipeline/Pipeline.php(183): Illuminate\\Cookie\\Middleware\\EncryptCookies->handle()
#32 /home/agstudiodiital/public_html/magia/vendor/laravel/framework/src/Illuminate/Pipeline/Pipeline.php(119): Illuminate\\Pipeline\\Pipeline->Illuminate\\Pipeline\\{closure}()
#33 /home/agstudiodiital/public_html/magia/vendor/laravel/framework/src/Illuminate/Routing/Router.php(807): Illuminate\\Pipeline\\Pipeline->then()
#34 /home/agstudiodiital/public_html/magia/vendor/laravel/framework/src/Illuminate/Routing/Router.php(784): Illuminate\\Routing\\Router->runRouteWithinStack()
#35 /home/agstudiodiital/public_html/magia/vendor/laravel/framework/src/Illuminate/Routing/Router.php(748): Illuminate\\Routing\\Router->runRoute()
#36 /home/agstudiodiital/public_html/magia/vendor/laravel/framework/src/Illuminate/Routing/Router.php(737): Illuminate\\Routing\\Router->dispatchToRoute()
#37 /home/agstudiodiital/public_html/magia/vendor/laravel/framework/src/Illuminate/Foundation/Http/Kernel.php(200): Illuminate\\Routing\\Router->dispatch()
#38 /home/agstudiodiital/public_html/magia/vendor/laravel/framework/src/Illuminate/Pipeline/Pipeline.php(144): Illuminate\\Foundation\\Http\\Kernel->Illuminate\\Foundation\\Http\\{closure}()
#39 /home/agstudiodiital/public_html/magia/vendor/laravel/framework/src/Illuminate/Foundation/Http/Middleware/TransformsRequest.php(21): Illuminate\\Pipeline\\Pipeline->Illuminate\\Pipeline\\{closure}()
#40 /home/agstudiodiital/public_html/magia/vendor/laravel/framework/src/Illuminate/Foundation/Http/Middleware/ConvertEmptyStringsToNull.php(31): Illuminate\\Foundation\\Http\\Middleware\\TransformsRequest->handle()
#41 /home/agstudiodiital/public_html/magia/vendor/laravel/framework/src/Illuminate/Pipeline/Pipeline.php(183): Illuminate\\Foundation\\Http\\Middleware\\ConvertEmptyStringsToNull->handle()
#42 /home/agstudiodiital/public_html/magia/vendor/laravel/framework/src/Illuminate/Foundation/Http/Middleware/TransformsRequest.php(21): Illuminate\\Pipeline\\Pipeline->Illuminate\\Pipeline\\{closure}()
#43 /home/agstudiodiital/public_html/magia/vendor/laravel/framework/src/Illuminate/Foundation/Http/Middleware/TrimStrings.php(40): Illuminate\\Foundation\\Http\\Middleware\\TransformsRequest->handle()
#44 /home/agstudiodiital/public_html/magia/vendor/laravel/framework/src/Illuminate/Pipeline/Pipeline.php(183): Illuminate\\Foundation\\Http\\Middleware\\TrimStrings->handle()
#45 /home/agstudiodiital/public_html/magia/vendor/laravel/framework/src/Illuminate/Foundation/Http/Middleware/ValidatePostSize.php(27): Illuminate\\Pipeline\\Pipeline->Illuminate\\Pipeline\\{closure}()
#46 /home/agstudiodiital/public_html/magia/vendor/laravel/framework/src/Illuminate/Pipeline/Pipeline.php(183): Illuminate\\Foundation\\Http\\Middleware\\ValidatePostSize->handle()
#47 /home/agstudiodiital/public_html/magia/vendor/laravel/framework/src/Illuminate/Foundation/Http/Middleware/PreventRequestsDuringMaintenance.php(99): Illuminate\\Pipeline\\Pipeline->Illuminate\\Pipeline\\{closure}()
#48 /home/agstudiodiital/public_html/magia/vendor/laravel/framework/src/Illuminate/Pipeline/Pipeline.php(183): Illuminate\\Foundation\\Http\\Middleware\\PreventRequestsDuringMaintenance->handle()
#49 /home/agstudiodiital/public_html/magia/vendor/laravel/framework/src/Illuminate/Http/Middleware/HandleCors.php(49): Illuminate\\Pipeline\\Pipeline->Illuminate\\Pipeline\\{closure}()
#50 /home/agstudiodiital/public_html/magia/vendor/laravel/framework/src/Illuminate/Pipeline/Pipeline.php(183): Illuminate\\Http\\Middleware\\HandleCors->handle()
#51 /home/agstudiodiital/public_html/magia/vendor/laravel/framework/src/Illuminate/Http/Middleware/TrustProxies.php(39): Illuminate\\Pipeline\\Pipeline->Illuminate\\Pipeline\\{closure}()
#52 /home/agstudiodiital/public_html/magia/vendor/laravel/framework/src/Illuminate/Pipeline/Pipeline.php(183): Illuminate\\Http\\Middleware\\TrustProxies->handle()
#53 /home/agstudiodiital/public_html/magia/vendor/laravel/framework/src/Illuminate/Pipeline/Pipeline.php(119): Illuminate\\Pipeline\\Pipeline->Illuminate\\Pipeline\\{closure}()
#54 /home/agstudiodiital/public_html/magia/vendor/laravel/framework/src/Illuminate/Foundation/Http/Kernel.php(175): Illuminate\\Pipeline\\Pipeline->then()
#55 /home/agstudiodiital/public_html/magia/vendor/laravel/framework/src/Illuminate/Foundation/Http/Kernel.php(144): Illuminate\\Foundation\\Http\\Kernel->sendRequestThroughRouter()
#56 /home/agstudiodiital/public_html/magia/public/index.php(52): Illuminate\\Foundation\\Http\\Kernel->handle()
#57 {main}
"} 
[2025-11-10 08:25:54] production.ERROR: Undefined variable $totaleClienti {"view":{"view":"/home/agstudiodiital/public_html/magia/resources/views/admin/dashboard.blade.php","data":[]},"userId":1,"exception":"[object] (Spatie\\LaravelIgnition\\Exceptions\\ViewException(code: 0): Undefined variable $totaleClienti at /home/agstudiodiital/public_html/magia/resources/views/admin/dashboard.blade.php:16)
[stacktrace]
#0 /home/agstudiodiital/public_html/magia/vendor/laravel/framework/src/Illuminate/Filesystem/Filesystem.php(123): require('/home/agstudiod...')
#1 /home/agstudiodiital/public_html/magia/vendor/laravel/framework/src/Illuminate/Filesystem/Filesystem.php(124): Illuminate\\Filesystem\\Filesystem::Illuminate\\Filesystem\\{closure}()
#2 /home/agstudiodiital/public_html/magia/vendor/laravel/framework/src/Illuminate/View/Engines/PhpEngine.php(58): Illuminate\\Filesystem\\Filesystem->getRequire()
#3 /home/agstudiodiital/public_html/magia/vendor/laravel/framework/src/Illuminate/View/Engines/CompilerEngine.php(72): Illuminate\\View\\Engines\\PhpEngine->evaluatePath()
#4 /home/agstudiodiital/public_html/magia/vendor/laravel/framework/src/Illuminate/View/View.php(207): Illuminate\\View\\Engines\\CompilerEngine->get()
#5 /home/agstudiodiital/public_html/magia/vendor/laravel/framework/src/Illuminate/View/View.php(190): Illuminate\\View\\View->getContents()
#6 /home/agstudiodiital/public_html/magia/vendor/laravel/framework/src/Illuminate/View/View.php(159): Illuminate\\View\\View->renderContents()
#7 /home/agstudiodiital/public_html/magia/vendor/laravel/framework/src/Illuminate/Http/Response.php(69): Illuminate\\View\\View->render()
#8 /home/agstudiodiital/public_html/magia/vendor/laravel/framework/src/Illuminate/Http/Response.php(35): Illuminate\\Http\\Response->setContent()
#9 /home/agstudiodiital/public_html/magia/vendor/laravel/framework/src/Illuminate/Routing/Router.php(918): Illuminate\\Http\\Response->__construct()
#10 /home/agstudiodiital/public_html/magia/vendor/laravel/framework/src/Illuminate/Routing/Router.php(885): Illuminate\\Routing\\Router::toResponse()
#11 /home/agstudiodiital/public_html/magia/vendor/laravel/framework/src/Illuminate/Routing/Router.php(806): Illuminate\\Routing\\Router->prepareResponse()
#12 /home/agstudiodiital/public_html/magia/vendor/laravel/framework/src/Illuminate/Pipeline/Pipeline.php(144): Illuminate\\Routing\\Router->Illuminate\\Routing\\{closure}()
#13 /home/agstudiodiital/public_html/magia/app/Http/Controllers/Admin/DashboardController.php(46): Illuminate\\Pipeline\\Pipeline->Illuminate\\Pipeline\\{closure}()
#14 /home/agstudiodiital/public_html/magia/vendor/laravel/framework/src/Illuminate/Pipeline/Pipeline.php(165): App\\Http\\Controllers\\Admin\\DashboardController->App\\Http\\Controllers\\Admin\\{closure}()
#15 /home/agstudiodiital/public_html/magia/vendor/laravel/framework/src/Illuminate/Routing/Middleware/SubstituteBindings.php(50): Illuminate\\Pipeline\\Pipeline->Illuminate\\Pipeline\\{closure}()
#16 /home/agstudiodiital/public_html/magia/vendor/laravel/framework/src/Illuminate/Pipeline/Pipeline.php(183): Illuminate\\Routing\\Middleware\\SubstituteBindings->handle()
#17 /home/agstudiodiital/public_html/magia/vendor/laravel/framework/src/Illuminate/Auth/Middleware/Authenticate.php(57): Illuminate\\Pipeline\\Pipeline->Illuminate\\Pipeline\\{closure}()
#18 /home/agstudiodiital/public_html/magia/vendor/laravel/framework/src/Illuminate/Pipeline/Pipeline.php(183): Illuminate\\Auth\\Middleware\\Authenticate->handle()
#19 /home/agstudiodiital/public_html/magia/vendor/laravel/framework/src/Illuminate/Foundation/Http/Middleware/VerifyCsrfToken.php(78): Illuminate\\Pipeline\\Pipeline->Illuminate\\Pipeline\\{closure}()
#20 /home/agstudiodiital/public_html/magia/vendor/laravel/framework/src/Illuminate/Pipeline/Pipeline.php(183): Illuminate\\Foundation\\Http\\Middleware\\VerifyCsrfToken->handle()
#21 /home/agstudiodiital/public_html/magia/vendor/laravel/framework/src/Illuminate/View/Middleware/ShareErrorsFromSession.php(49): Illuminate\\Pipeline\\Pipeline->Illuminate\\Pipeline\\{closure}()
#22 /home/agstudiodiital/public_html/magia/vendor/laravel/framework/src/Illuminate/Pipeline/Pipeline.php(183): Illuminate\\View\\Middleware\\ShareErrorsFromSession->handle()
#23 /home/agstudiodiital/public_html/magia/vendor/laravel/framework/src/Illuminate/Session/Middleware/StartSession.php(121): Illuminate\\Pipeline\\Pipeline->Illuminate\\Pipeline\\{closure}()
#24 /home/agstudiodiital/public_html/magia/vendor/laravel/framework/src/Illuminate/Session/Middleware/StartSession.php(64): Illuminate\\Session\\Middleware\\StartSession->handleStatefulRequest()
#25 /home/agstudiodiital/public_html/magia/vendor/laravel/framework/src/Illuminate/Pipeline/Pipeline.php(183): Illuminate\\Session\\Middleware\\StartSession->handle()
#26 /home/agstudiodiital/public_html/magia/vendor/laravel/framework/src/Illuminate/Cookie/Middleware/AddQueuedCookiesToResponse.php(37): Illuminate\\Pipeline\\Pipeline->Illuminate\\Pipeline\\{closure}()
#27 /home/agstudiodiital/public_html/magia/vendor/laravel/framework/src/Illuminate/Pipeline/Pipeline.php(183): Illuminate\\Cookie\\Middleware\\AddQueuedCookiesToResponse->handle()
#28 /home/agstudiodiital/public_html/magia/vendor/laravel/framework/src/Illuminate/Cookie/Middleware/EncryptCookies.php(67): Illuminate\\Pipeline\\Pipeline->Illuminate\\Pipeline\\{closure}()
#29 /home/agstudiodiital/public_html/magia/vendor/laravel/framework/src/Illuminate/Pipeline/Pipeline.php(183): Illuminate\\Cookie\\Middleware\\EncryptCookies->handle()
#30 /home/agstudiodiital/public_html/magia/vendor/laravel/framework/src/Illuminate/Pipeline/Pipeline.php(119): Illuminate\\Pipeline\\Pipeline->Illuminate\\Pipeline\\{closure}()
#31 /home/agstudiodiital/public_html/magia/vendor/laravel/framework/src/Illuminate/Routing/Router.php(807): Illuminate\\Pipeline\\Pipeline->then()
#32 /home/agstudiodiital/public_html/magia/vendor/laravel/framework/src/Illuminate/Routing/Router.php(784): Illuminate\\Routing\\Router->runRouteWithinStack()
#33 /home/agstudiodiital/public_html/magia/vendor/laravel/framework/src/Illuminate/Routing/Router.php(748): Illuminate\\Routing\\Router->runRoute()
#34 /home/agstudiodiital/public_html/magia/vendor/laravel/framework/src/Illuminate/Routing/Router.php(737): Illuminate\\Routing\\Router->dispatchToRoute()
#35 /home/agstudiodiital/public_html/magia/vendor/laravel/framework/src/Illuminate/Foundation/Http/Kernel.php(200): Illuminate\\Routing\\Router->dispatch()
#36 /home/agstudiodiital/public_html/magia/vendor/laravel/framework/src/Illuminate/Pipeline/Pipeline.php(144): Illuminate\\Foundation\\Http\\Kernel->Illuminate\\Foundation\\Http\\{closure}()
#37 /home/agstudiodiital/public_html/magia/vendor/laravel/framework/src/Illuminate/Foundation/Http/Middleware/TransformsRequest.php(21): Illuminate\\Pipeline\\Pipeline->Illuminate\\Pipeline\\{closure}()
#38 /home/agstudiodiital/public_html/magia/vendor/laravel/framework/src/Illuminate/Foundation/Http/Middleware/ConvertEmptyStringsToNull.php(31): Illuminate\\Foundation\\Http\\Middleware\\TransformsRequest->handle()
#39 /home/agstudiodiital/public_html/magia/vendor/laravel/framework/src/Illuminate/Pipeline/Pipeline.php(183): Illuminate\\Foundation\\Http\\Middleware\\ConvertEmptyStringsToNull->handle()
#40 /home/agstudiodiital/public_html/magia/vendor/laravel/framework/src/Illuminate/Foundation/Http/Middleware/TransformsRequest.php(21): Illuminate\\Pipeline\\Pipeline->Illuminate\\Pipeline\\{closure}()
#41 /home/agstudiodiital/public_html/magia/vendor/laravel/framework/src/Illuminate/Foundation/Http/Middleware/TrimStrings.php(40): Illuminate\\Foundation\\Http\\Middleware\\TransformsRequest->handle()
#42 /home/agstudiodiital/public_html/magia/vendor/laravel/framework/src/Illuminate/Pipeline/Pipeline.php(183): Illuminate\\Foundation\\Http\\Middleware\\TrimStrings->handle()
#43 /home/agstudiodiital/public_html/magia/vendor/laravel/framework/src/Illuminate/Foundation/Http/Middleware/ValidatePostSize.php(27): Illuminate\\Pipeline\\Pipeline->Illuminate\\Pipeline\\{closure}()
#44 /home/agstudiodiital/public_html/magia/vendor/laravel/framework/src/Illuminate/Pipeline/Pipeline.php(183): Illuminate\\Foundation\\Http\\Middleware\\ValidatePostSize->handle()
#45 /home/agstudiodiital/public_html/magia/vendor/laravel/framework/src/Illuminate/Foundation/Http/Middleware/PreventRequestsDuringMaintenance.php(99): Illuminate\\Pipeline\\Pipeline->Illuminate\\Pipeline\\{closure}()
#46 /home/agstudiodiital/public_html/magia/vendor/laravel/framework/src/Illuminate/Pipeline/Pipeline.php(183): Illuminate\\Foundation\\Http\\Middleware\\PreventRequestsDuringMaintenance->handle()
#47 /home/agstudiodiital/public_html/magia/vendor/laravel/framework/src/Illuminate/Http/Middleware/HandleCors.php(49): Illuminate\\Pipeline\\Pipeline->Illuminate\\Pipeline\\{closure}()
#48 /home/agstudiodiital/public_html/magia/vendor/laravel/framework/src/Illuminate/Pipeline/Pipeline.php(183): Illuminate\\Http\\Middleware\\HandleCors->handle()
#49 /home/agstudiodiital/public_html/magia/vendor/laravel/framework/src/Illuminate/Http/Middleware/TrustProxies.php(39): Illuminate\\Pipeline\\Pipeline->Illuminate\\Pipeline\\{closure}()
#50 /home/agstudiodiital/public_html/magia/vendor/laravel/framework/src/Illuminate/Pipeline/Pipeline.php(183): Illuminate\\Http\\Middleware\\TrustProxies->handle()
#51 /home/agstudiodiital/public_html/magia/vendor/laravel/framework/src/Illuminate/Pipeline/Pipeline.php(119): Illuminate\\Pipeline\\Pipeline->Illuminate\\Pipeline\\{closure}()
#52 /home/agstudiodiital/public_html/magia/vendor/laravel/framework/src/Illuminate/Foundation/Http/Kernel.php(175): Illuminate\\Pipeline\\Pipeline->then()
#53 /home/agstudiodiital/public_html/magia/vendor/laravel/framework/src/Illuminate/Foundation/Http/Kernel.php(144): Illuminate\\Foundation\\Http\\Kernel->sendRequestThroughRouter()
#54 /home/agstudiodiital/public_html/magia/public/index.php(52): Illuminate\\Foundation\\Http\\Kernel->handle()
#55 {main}

[previous exception] [object] (ErrorException(code: 0): Undefined variable $totaleClienti at /home/agstudiodiital/public_html/magia/storage/framework/views/a75176e0b179937379418d239b49e383.php:14)
[stacktrace]
#0 /home/agstudiodiital/public_html/magia/vendor/laravel/framework/src/Illuminate/Foundation/Bootstrap/HandleExceptions.php(255): Illuminate\\Foundation\\Bootstrap\\HandleExceptions->handleError()
#1 /home/agstudiodiital/public_html/magia/storage/framework/views/a75176e0b179937379418d239b49e383.php(14): Illuminate\\Foundation\\Bootstrap\\HandleExceptions->Illuminate\\Foundation\\Bootstrap\\{closure}()
#2 /home/agstudiodiital/public_html/magia/vendor/laravel/framework/src/Illuminate/Filesystem/Filesystem.php(123): require('/home/agstudiod...')
#3 /home/agstudiodiital/public_html/magia/vendor/laravel/framework/src/Illuminate/Filesystem/Filesystem.php(124): Illuminate\\Filesystem\\Filesystem::Illuminate\\Filesystem\\{closure}()
#4 /home/agstudiodiital/public_html/magia/vendor/laravel/framework/src/Illuminate/View/Engines/PhpEngine.php(58): Illuminate\\Filesystem\\Filesystem->getRequire()
#5 /home/agstudiodiital/public_html/magia/vendor/laravel/framework/src/Illuminate/View/Engines/CompilerEngine.php(72): Illuminate\\View\\Engines\\PhpEngine->evaluatePath()
#6 /home/agstudiodiital/public_html/magia/vendor/laravel/framework/src/Illuminate/View/View.php(207): Illuminate\\View\\Engines\\CompilerEngine->get()
#7 /home/agstudiodiital/public_html/magia/vendor/laravel/framework/src/Illuminate/View/View.php(190): Illuminate\\View\\View->getContents()
#8 /home/agstudiodiital/public_html/magia/vendor/laravel/framework/src/Illuminate/View/View.php(159): Illuminate\\View\\View->renderContents()
#9 /home/agstudiodiital/public_html/magia/vendor/laravel/framework/src/Illuminate/Http/Response.php(69): Illuminate\\View\\View->render()
#10 /home/agstudiodiital/public_html/magia/vendor/laravel/framework/src/Illuminate/Http/Response.php(35): Illuminate\\Http\\Response->setContent()
#11 /home/agstudiodiital/public_html/magia/vendor/laravel/framework/src/Illuminate/Routing/Router.php(918): Illuminate\\Http\\Response->__construct()
#12 /home/agstudiodiital/public_html/magia/vendor/laravel/framework/src/Illuminate/Routing/Router.php(885): Illuminate\\Routing\\Router::toResponse()
#13 /home/agstudiodiital/public_html/magia/vendor/laravel/framework/src/Illuminate/Routing/Router.php(806): Illuminate\\Routing\\Router->prepareResponse()
#14 /home/agstudiodiital/public_html/magia/vendor/laravel/framework/src/Illuminate/Pipeline/Pipeline.php(144): Illuminate\\Routing\\Router->Illuminate\\Routing\\{closure}()
#15 /home/agstudiodiital/public_html/magia/app/Http/Controllers/Admin/DashboardController.php(46): Illuminate\\Pipeline\\Pipeline->Illuminate\\Pipeline\\{closure}()
#16 /home/agstudiodiital/public_html/magia/vendor/laravel/framework/src/Illuminate/Pipeline/Pipeline.php(165): App\\Http\\Controllers\\Admin\\DashboardController->App\\Http\\Controllers\\Admin\\{closure}()
#17 /home/agstudiodiital/public_html/magia/vendor/laravel/framework/src/Illuminate/Routing/Middleware/SubstituteBindings.php(50): Illuminate\\Pipeline\\Pipeline->Illuminate\\Pipeline\\{closure}()
#18 /home/agstudiodiital/public_html/magia/vendor/laravel/framework/src/Illuminate/Pipeline/Pipeline.php(183): Illuminate\\Routing\\Middleware\\SubstituteBindings->handle()
#19 /home/agstudiodiital/public_html/magia/vendor/laravel/framework/src/Illuminate/Auth/Middleware/Authenticate.php(57): Illuminate\\Pipeline\\Pipeline->Illuminate\\Pipeline\\{closure}()
#20 /home/agstudiodiital/public_html/magia/vendor/laravel/framework/src/Illuminate/Pipeline/Pipeline.php(183): Illuminate\\Auth\\Middleware\\Authenticate->handle()
#21 /home/agstudiodiital/public_html/magia/vendor/laravel/framework/src/Illuminate/Foundation/Http/Middleware/VerifyCsrfToken.php(78): Illuminate\\Pipeline\\Pipeline->Illuminate\\Pipeline\\{closure}()
#22 /home/agstudiodiital/public_html/magia/vendor/laravel/framework/src/Illuminate/Pipeline/Pipeline.php(183): Illuminate\\Foundation\\Http\\Middleware\\VerifyCsrfToken->handle()
#23 /home/agstudiodiital/public_html/magia/vendor/laravel/framework/src/Illuminate/View/Middleware/ShareErrorsFromSession.php(49): Illuminate\\Pipeline\\Pipeline->Illuminate\\Pipeline\\{closure}()
#24 /home/agstudiodiital/public_html/magia/vendor/laravel/framework/src/Illuminate/Pipeline/Pipeline.php(183): Illuminate\\View\\Middleware\\ShareErrorsFromSession->handle()
#25 /home/agstudiodiital/public_html/magia/vendor/laravel/framework/src/Illuminate/Session/Middleware/StartSession.php(121): Illuminate\\Pipeline\\Pipeline->Illuminate\\Pipeline\\{closure}()
#26 /home/agstudiodiital/public_html/magia/vendor/laravel/framework/src/Illuminate/Session/Middleware/StartSession.php(64): Illuminate\\Session\\Middleware\\StartSession->handleStatefulRequest()
#27 /home/agstudiodiital/public_html/magia/vendor/laravel/framework/src/Illuminate/Pipeline/Pipeline.php(183): Illuminate\\Session\\Middleware\\StartSession->handle()
#28 /home/agstudiodiital/public_html/magia/vendor/laravel/framework/src/Illuminate/Cookie/Middleware/AddQueuedCookiesToResponse.php(37): Illuminate\\Pipeline\\Pipeline->Illuminate\\Pipeline\\{closure}()
#29 /home/agstudiodiital/public_html/magia/vendor/laravel/framework/src/Illuminate/Pipeline/Pipeline.php(183): Illuminate\\Cookie\\Middleware\\AddQueuedCookiesToResponse->handle()
#30 /home/agstudiodiital/public_html/magia/vendor/laravel/framework/src/Illuminate/Cookie/Middleware/EncryptCookies.php(67): Illuminate\\Pipeline\\Pipeline->Illuminate\\Pipeline\\{closure}()
#31 /home/agstudiodiital/public_html/magia/vendor/laravel/framework/src/Illuminate/Pipeline/Pipeline.php(183): Illuminate\\Cookie\\Middleware\\EncryptCookies->handle()
#32 /home/agstudiodiital/public_html/magia/vendor/laravel/framework/src/Illuminate/Pipeline/Pipeline.php(119): Illuminate\\Pipeline\\Pipeline->Illuminate\\Pipeline\\{closure}()
#33 /home/agstudiodiital/public_html/magia/vendor/laravel/framework/src/Illuminate/Routing/Router.php(807): Illuminate\\Pipeline\\Pipeline->then()
#34 /home/agstudiodiital/public_html/magia/vendor/laravel/framework/src/Illuminate/Routing/Router.php(784): Illuminate\\Routing\\Router->runRouteWithinStack()
#35 /home/agstudiodiital/public_html/magia/vendor/laravel/framework/src/Illuminate/Routing/Router.php(748): Illuminate\\Routing\\Router->runRoute()
#36 /home/agstudiodiital/public_html/magia/vendor/laravel/framework/src/Illuminate/Routing/Router.php(737): Illuminate\\Routing\\Router->dispatchToRoute()
#37 /home/agstudiodiital/public_html/magia/vendor/laravel/framework/src/Illuminate/Foundation/Http/Kernel.php(200): Illuminate\\Routing\\Router->dispatch()
#38 /home/agstudiodiital/public_html/magia/vendor/laravel/framework/src/Illuminate/Pipeline/Pipeline.php(144): Illuminate\\Foundation\\Http\\Kernel->Illuminate\\Foundation\\Http\\{closure}()
#39 /home/agstudiodiital/public_html/magia/vendor/laravel/framework/src/Illuminate/Foundation/Http/Middleware/TransformsRequest.php(21): Illuminate\\Pipeline\\Pipeline->Illuminate\\Pipeline\\{closure}()
#40 /home/agstudiodiital/public_html/magia/vendor/laravel/framework/src/Illuminate/Foundation/Http/Middleware/ConvertEmptyStringsToNull.php(31): Illuminate\\Foundation\\Http\\Middleware\\TransformsRequest->handle()
#41 /home/agstudiodiital/public_html/magia/vendor/laravel/framework/src/Illuminate/Pipeline/Pipeline.php(183): Illuminate\\Foundation\\Http\\Middleware\\ConvertEmptyStringsToNull->handle()
#42 /home/agstudiodiital/public_html/magia/vendor/laravel/framework/src/Illuminate/Foundation/Http/Middleware/TransformsRequest.php(21): Illuminate\\Pipeline\\Pipeline->Illuminate\\Pipeline\\{closure}()
#43 /home/agstudiodiital/public_html/magia/vendor/laravel/framework/src/Illuminate/Foundation/Http/Middleware/TrimStrings.php(40): Illuminate\\Foundation\\Http\\Middleware\\TransformsRequest->handle()
#44 /home/agstudiodiital/public_html/magia/vendor/laravel/framework/src/Illuminate/Pipeline/Pipeline.php(183): Illuminate\\Foundation\\Http\\Middleware\\TrimStrings->handle()
#45 /home/agstudiodiital/public_html/magia/vendor/laravel/framework/src/Illuminate/Foundation/Http/Middleware/ValidatePostSize.php(27): Illuminate\\Pipeline\\Pipeline->Illuminate\\Pipeline\\{closure}()
#46 /home/agstudiodiital/public_html/magia/vendor/laravel/framework/src/Illuminate/Pipeline/Pipeline.php(183): Illuminate\\Foundation\\Http\\Middleware\\ValidatePostSize->handle()
#47 /home/agstudiodiital/public_html/magia/vendor/laravel/framework/src/Illuminate/Foundation/Http/Middleware/PreventRequestsDuringMaintenance.php(99): Illuminate\\Pipeline\\Pipeline->Illuminate\\Pipeline\\{closure}()
#48 /home/agstudiodiital/public_html/magia/vendor/laravel/framework/src/Illuminate/Pipeline/Pipeline.php(183): Illuminate\\Foundation\\Http\\Middleware\\PreventRequestsDuringMaintenance->handle()
#49 /home/agstudiodiital/public_html/magia/vendor/laravel/framework/src/Illuminate/Http/Middleware/HandleCors.php(49): Illuminate\\Pipeline\\Pipeline->Illuminate\\Pipeline\\{closure}()
#50 /home/agstudiodiital/public_html/magia/vendor/laravel/framework/src/Illuminate/Pipeline/Pipeline.php(183): Illuminate\\Http\\Middleware\\HandleCors->handle()
#51 /home/agstudiodiital/public_html/magia/vendor/laravel/framework/src/Illuminate/Http/Middleware/TrustProxies.php(39): Illuminate\\Pipeline\\Pipeline->Illuminate\\Pipeline\\{closure}()
#52 /home/agstudiodiital/public_html/magia/vendor/laravel/framework/src/Illuminate/Pipeline/Pipeline.php(183): Illuminate\\Http\\Middleware\\TrustProxies->handle()
#53 /home/agstudiodiital/public_html/magia/vendor/laravel/framework/src/Illuminate/Pipeline/Pipeline.php(119): Illuminate\\Pipeline\\Pipeline->Illuminate\\Pipeline\\{closure}()
#54 /home/agstudiodiital/public_html/magia/vendor/laravel/framework/src/Illuminate/Foundation/Http/Kernel.php(175): Illuminate\\Pipeline\\Pipeline->then()
#55 /home/agstudiodiital/public_html/magia/vendor/laravel/framework/src/Illuminate/Foundation/Http/Kernel.php(144): Illuminate\\Foundation\\Http\\Kernel->sendRequestThroughRouter()
#56 /home/agstudiodiital/public_html/magia/public/index.php(52): Illuminate\\Foundation\\Http\\Kernel->handle()
#57 {main}
"} 
[2025-11-10 08:26:02] production.ERROR: View [errors.404] not found. {"userId":1,"exception":"[object] (InvalidArgumentException(code: 0): View [errors.404] not found. at /home/agstudiodiital/public_html/magia/vendor/laravel/framework/src/Illuminate/View/FileViewFinder.php:137)
[stacktrace]
#0 /home/agstudiodiital/public_html/magia/vendor/laravel/framework/src/Illuminate/View/FileViewFinder.php(79): Illuminate\\View\\FileViewFinder->findInPaths()
#1 /home/agstudiodiital/public_html/magia/vendor/laravel/framework/src/Illuminate/View/Factory.php(138): Illuminate\\View\\FileViewFinder->find()
#2 /home/agstudiodiital/public_html/magia/vendor/laravel/framework/src/Illuminate/Routing/ResponseFactory.php(88): Illuminate\\View\\Factory->make()
#3 /home/agstudiodiital/public_html/magia/routes/web.php(147): Illuminate\\Routing\\ResponseFactory->view()
#4 /home/agstudiodiital/public_html/magia/vendor/laravel/framework/src/Illuminate/Routing/CallableDispatcher.php(40): Illuminate\\Routing\\RouteFileRegistrar->{closure}()
#5 /home/agstudiodiital/public_html/magia/vendor/laravel/framework/src/Illuminate/Routing/Route.php(237): Illuminate\\Routing\\CallableDispatcher->dispatch()
#6 /home/agstudiodiital/public_html/magia/vendor/laravel/framework/src/Illuminate/Routing/Route.php(208): Illuminate\\Routing\\Route->runCallable()
#7 /home/agstudiodiital/public_html/magia/vendor/laravel/framework/src/Illuminate/Routing/Router.php(806): Illuminate\\Routing\\Route->run()
#8 /home/agstudiodiital/public_html/magia/vendor/laravel/framework/src/Illuminate/Pipeline/Pipeline.php(144): Illuminate\\Routing\\Router->Illuminate\\Routing\\{closure}()
#9 /home/agstudiodiital/public_html/magia/vendor/laravel/framework/src/Illuminate/Routing/Middleware/SubstituteBindings.php(50): Illuminate\\Pipeline\\Pipeline->Illuminate\\Pipeline\\{closure}()
#10 /home/agstudiodiital/public_html/magia/vendor/laravel/framework/src/Illuminate/Pipeline/Pipeline.php(183): Illuminate\\Routing\\Middleware\\SubstituteBindings->handle()
#11 /home/agstudiodiital/public_html/magia/vendor/laravel/framework/src/Illuminate/Foundation/Http/Middleware/VerifyCsrfToken.php(78): Illuminate\\Pipeline\\Pipeline->Illuminate\\Pipeline\\{closure}()
#12 /home/agstudiodiital/public_html/magia/vendor/laravel/framework/src/Illuminate/Pipeline/Pipeline.php(183): Illuminate\\Foundation\\Http\\Middleware\\VerifyCsrfToken->handle()
#13 /home/agstudiodiital/public_html/magia/vendor/laravel/framework/src/Illuminate/View/Middleware/ShareErrorsFromSession.php(49): Illuminate\\Pipeline\\Pipeline->Illuminate\\Pipeline\\{closure}()
#14 /home/agstudiodiital/public_html/magia/vendor/laravel/framework/src/Illuminate/Pipeline/Pipeline.php(183): Illuminate\\View\\Middleware\\ShareErrorsFromSession->handle()
#15 /home/agstudiodiital/public_html/magia/vendor/laravel/framework/src/Illuminate/Session/Middleware/StartSession.php(121): Illuminate\\Pipeline\\Pipeline->Illuminate\\Pipeline\\{closure}()
#16 /home/agstudiodiital/public_html/magia/vendor/laravel/framework/src/Illuminate/Session/Middleware/StartSession.php(64): Illuminate\\Session\\Middleware\\StartSession->handleStatefulRequest()
#17 /home/agstudiodiital/public_html/magia/vendor/laravel/framework/src/Illuminate/Pipeline/Pipeline.php(183): Illuminate\\Session\\Middleware\\StartSession->handle()
#18 /home/agstudiodiital/public_html/magia/vendor/laravel/framework/src/Illuminate/Cookie/Middleware/AddQueuedCookiesToResponse.php(37): Illuminate\\Pipeline\\Pipeline->Illuminate\\Pipeline\\{closure}()
#19 /home/agstudiodiital/public_html/magia/vendor/laravel/framework/src/Illuminate/Pipeline/Pipeline.php(183): Illuminate\\Cookie\\Middleware\\AddQueuedCookiesToResponse->handle()
#20 /home/agstudiodiital/public_html/magia/vendor/laravel/framework/src/Illuminate/Cookie/Middleware/EncryptCookies.php(67): Illuminate\\Pipeline\\Pipeline->Illuminate\\Pipeline\\{closure}()
#21 /home/agstudiodiital/public_html/magia/vendor/laravel/framework/src/Illuminate/Pipeline/Pipeline.php(183): Illuminate\\Cookie\\Middleware\\EncryptCookies->handle()
#22 /home/agstudiodiital/public_html/magia/vendor/laravel/framework/src/Illuminate/Pipeline/Pipeline.php(119): Illuminate\\Pipeline\\Pipeline->Illuminate\\Pipeline\\{closure}()
#23 /home/agstudiodiital/public_html/magia/vendor/laravel/framework/src/Illuminate/Routing/Router.php(807): Illuminate\\Pipeline\\Pipeline->then()
#24 /home/agstudiodiital/public_html/magia/vendor/laravel/framework/src/Illuminate/Routing/Router.php(784): Illuminate\\Routing\\Router->runRouteWithinStack()
#25 /home/agstudiodiital/public_html/magia/vendor/laravel/framework/src/Illuminate/Routing/Router.php(748): Illuminate\\Routing\\Router->runRoute()
#26 /home/agstudiodiital/public_html/magia/vendor/laravel/framework/src/Illuminate/Routing/Router.php(737): Illuminate\\Routing\\Router->dispatchToRoute()
#27 /home/agstudiodiital/public_html/magia/vendor/laravel/framework/src/Illuminate/Foundation/Http/Kernel.php(200): Illuminate\\Routing\\Router->dispatch()
#28 /home/agstudiodiital/public_html/magia/vendor/laravel/framework/src/Illuminate/Pipeline/Pipeline.php(144): Illuminate\\Foundation\\Http\\Kernel->Illuminate\\Foundation\\Http\\{closure}()
#29 /home/agstudiodiital/public_html/magia/vendor/laravel/framework/src/Illuminate/Foundation/Http/Middleware/TransformsRequest.php(21): Illuminate\\Pipeline\\Pipeline->Illuminate\\Pipeline\\{closure}()
#30 /home/agstudiodiital/public_html/magia/vendor/laravel/framework/src/Illuminate/Foundation/Http/Middleware/ConvertEmptyStringsToNull.php(31): Illuminate\\Foundation\\Http\\Middleware\\TransformsRequest->handle()
#31 /home/agstudiodiital/public_html/magia/vendor/laravel/framework/src/Illuminate/Pipeline/Pipeline.php(183): Illuminate\\Foundation\\Http\\Middleware\\ConvertEmptyStringsToNull->handle()
#32 /home/agstudiodiital/public_html/magia/vendor/laravel/framework/src/Illuminate/Foundation/Http/Middleware/TransformsRequest.php(21): Illuminate\\Pipeline\\Pipeline->Illuminate\\Pipeline\\{closure}()
#33 /home/agstudiodiital/public_html/magia/vendor/laravel/framework/src/Illuminate/Foundation/Http/Middleware/TrimStrings.php(40): Illuminate\\Foundation\\Http\\Middleware\\TransformsRequest->handle()
#34 /home/agstudiodiital/public_html/magia/vendor/laravel/framework/src/Illuminate/Pipeline/Pipeline.php(183): Illuminate\\Foundation\\Http\\Middleware\\TrimStrings->handle()
#35 /home/agstudiodiital/public_html/magia/vendor/laravel/framework/src/Illuminate/Foundation/Http/Middleware/ValidatePostSize.php(27): Illuminate\\Pipeline\\Pipeline->Illuminate\\Pipeline\\{closure}()
#36 /home/agstudiodiital/public_html/magia/vendor/laravel/framework/src/Illuminate/Pipeline/Pipeline.php(183): Illuminate\\Foundation\\Http\\Middleware\\ValidatePostSize->handle()
#37 /home/agstudiodiital/public_html/magia/vendor/laravel/framework/src/Illuminate/Foundation/Http/Middleware/PreventRequestsDuringMaintenance.php(99): Illuminate\\Pipeline\\Pipeline->Illuminate\\Pipeline\\{closure}()
#38 /home/agstudiodiital/public_html/magia/vendor/laravel/framework/src/Illuminate/Pipeline/Pipeline.php(183): Illuminate\\Foundation\\Http\\Middleware\\PreventRequestsDuringMaintenance->handle()
#39 /home/agstudiodiital/public_html/magia/vendor/laravel/framework/src/Illuminate/Http/Middleware/HandleCors.php(49): Illuminate\\Pipeline\\Pipeline->Illuminate\\Pipeline\\{closure}()
#40 /home/agstudiodiital/public_html/magia/vendor/laravel/framework/src/Illuminate/Pipeline/Pipeline.php(183): Illuminate\\Http\\Middleware\\HandleCors->handle()
#41 /home/agstudiodiital/public_html/magia/vendor/laravel/framework/src/Illuminate/Http/Middleware/TrustProxies.php(39): Illuminate\\Pipeline\\Pipeline->Illuminate\\Pipeline\\{closure}()
#42 /home/agstudiodiital/public_html/magia/vendor/laravel/framework/src/Illuminate/Pipeline/Pipeline.php(183): Illuminate\\Http\\Middleware\\TrustProxies->handle()
#43 /home/agstudiodiital/public_html/magia/vendor/laravel/framework/src/Illuminate/Pipeline/Pipeline.php(119): Illuminate\\Pipeline\\Pipeline->Illuminate\\Pipeline\\{closure}()
#44 /home/agstudiodiital/public_html/magia/vendor/laravel/framework/src/Illuminate/Foundation/Http/Kernel.php(175): Illuminate\\Pipeline\\Pipeline->then()
#45 /home/agstudiodiital/public_html/magia/vendor/laravel/framework/src/Illuminate/Foundation/Http/Kernel.php(144): Illuminate\\Foundation\\Http\\Kernel->sendRequestThroughRouter()
#46 /home/agstudiodiital/public_html/magia/public/index.php(52): Illuminate\\Foundation\\Http\\Kernel->handle()
#47 {main}
"} 
[2025-11-10 08:26:47] production.ERROR: View [errors.404] not found. {"userId":1,"exception":"[object] (InvalidArgumentException(code: 0): View [errors.404] not found. at /home/agstudiodiital/public_html/magia/vendor/laravel/framework/src/Illuminate/View/FileViewFinder.php:137)
[stacktrace]
#0 /home/agstudiodiital/public_html/magia/vendor/laravel/framework/src/Illuminate/View/FileViewFinder.php(79): Illuminate\\View\\FileViewFinder->findInPaths()
#1 /home/agstudiodiital/public_html/magia/vendor/laravel/framework/src/Illuminate/View/Factory.php(138): Illuminate\\View\\FileViewFinder->find()
#2 /home/agstudiodiital/public_html/magia/vendor/laravel/framework/src/Illuminate/Routing/ResponseFactory.php(88): Illuminate\\View\\Factory->make()
#3 /home/agstudiodiital/public_html/magia/routes/web.php(147): Illuminate\\Routing\\ResponseFactory->view()
#4 /home/agstudiodiital/public_html/magia/vendor/laravel/framework/src/Illuminate/Routing/CallableDispatcher.php(40): Illuminate\\Routing\\RouteFileRegistrar->{closure}()
#5 /home/agstudiodiital/public_html/magia/vendor/laravel/framework/src/Illuminate/Routing/Route.php(237): Illuminate\\Routing\\CallableDispatcher->dispatch()
#6 /home/agstudiodiital/public_html/magia/vendor/laravel/framework/src/Illuminate/Routing/Route.php(208): Illuminate\\Routing\\Route->runCallable()
#7 /home/agstudiodiital/public_html/magia/vendor/laravel/framework/src/Illuminate/Routing/Router.php(806): Illuminate\\Routing\\Route->run()
#8 /home/agstudiodiital/public_html/magia/vendor/laravel/framework/src/Illuminate/Pipeline/Pipeline.php(144): Illuminate\\Routing\\Router->Illuminate\\Routing\\{closure}()
#9 /home/agstudiodiital/public_html/magia/vendor/laravel/framework/src/Illuminate/Routing/Middleware/SubstituteBindings.php(50): Illuminate\\Pipeline\\Pipeline->Illuminate\\Pipeline\\{closure}()
#10 /home/agstudiodiital/public_html/magia/vendor/laravel/framework/src/Illuminate/Pipeline/Pipeline.php(183): Illuminate\\Routing\\Middleware\\SubstituteBindings->handle()
#11 /home/agstudiodiital/public_html/magia/vendor/laravel/framework/src/Illuminate/Foundation/Http/Middleware/VerifyCsrfToken.php(78): Illuminate\\Pipeline\\Pipeline->Illuminate\\Pipeline\\{closure}()
#12 /home/agstudiodiital/public_html/magia/vendor/laravel/framework/src/Illuminate/Pipeline/Pipeline.php(183): Illuminate\\Foundation\\Http\\Middleware\\VerifyCsrfToken->handle()
#13 /home/agstudiodiital/public_html/magia/vendor/laravel/framework/src/Illuminate/View/Middleware/ShareErrorsFromSession.php(49): Illuminate\\Pipeline\\Pipeline->Illuminate\\Pipeline\\{closure}()
#14 /home/agstudiodiital/public_html/magia/vendor/laravel/framework/src/Illuminate/Pipeline/Pipeline.php(183): Illuminate\\View\\Middleware\\ShareErrorsFromSession->handle()
#15 /home/agstudiodiital/public_html/magia/vendor/laravel/framework/src/Illuminate/Session/Middleware/StartSession.php(121): Illuminate\\Pipeline\\Pipeline->Illuminate\\Pipeline\\{closure}()
#16 /home/agstudiodiital/public_html/magia/vendor/laravel/framework/src/Illuminate/Session/Middleware/StartSession.php(64): Illuminate\\Session\\Middleware\\StartSession->handleStatefulRequest()
#17 /home/agstudiodiital/public_html/magia/vendor/laravel/framework/src/Illuminate/Pipeline/Pipeline.php(183): Illuminate\\Session\\Middleware\\StartSession->handle()
#18 /home/agstudiodiital/public_html/magia/vendor/laravel/framework/src/Illuminate/Cookie/Middleware/AddQueuedCookiesToResponse.php(37): Illuminate\\Pipeline\\Pipeline->Illuminate\\Pipeline\\{closure}()
#19 /home/agstudiodiital/public_html/magia/vendor/laravel/framework/src/Illuminate/Pipeline/Pipeline.php(183): Illuminate\\Cookie\\Middleware\\AddQueuedCookiesToResponse->handle()
#20 /home/agstudiodiital/public_html/magia/vendor/laravel/framework/src/Illuminate/Cookie/Middleware/EncryptCookies.php(67): Illuminate\\Pipeline\\Pipeline->Illuminate\\Pipeline\\{closure}()
#21 /home/agstudiodiital/public_html/magia/vendor/laravel/framework/src/Illuminate/Pipeline/Pipeline.php(183): Illuminate\\Cookie\\Middleware\\EncryptCookies->handle()
#22 /home/agstudiodiital/public_html/magia/vendor/laravel/framework/src/Illuminate/Pipeline/Pipeline.php(119): Illuminate\\Pipeline\\Pipeline->Illuminate\\Pipeline\\{closure}()
#23 /home/agstudiodiital/public_html/magia/vendor/laravel/framework/src/Illuminate/Routing/Router.php(807): Illuminate\\Pipeline\\Pipeline->then()
#24 /home/agstudiodiital/public_html/magia/vendor/laravel/framework/src/Illuminate/Routing/Router.php(784): Illuminate\\Routing\\Router->runRouteWithinStack()
#25 /home/agstudiodiital/public_html/magia/vendor/laravel/framework/src/Illuminate/Routing/Router.php(748): Illuminate\\Routing\\Router->runRoute()
#26 /home/agstudiodiital/public_html/magia/vendor/laravel/framework/src/Illuminate/Routing/Router.php(737): Illuminate\\Routing\\Router->dispatchToRoute()
#27 /home/agstudiodiital/public_html/magia/vendor/laravel/framework/src/Illuminate/Foundation/Http/Kernel.php(200): Illuminate\\Routing\\Router->dispatch()
#28 /home/agstudiodiital/public_html/magia/vendor/laravel/framework/src/Illuminate/Pipeline/Pipeline.php(144): Illuminate\\Foundation\\Http\\Kernel->Illuminate\\Foundation\\Http\\{closure}()
#29 /home/agstudiodiital/public_html/magia/vendor/laravel/framework/src/Illuminate/Foundation/Http/Middleware/TransformsRequest.php(21): Illuminate\\Pipeline\\Pipeline->Illuminate\\Pipeline\\{closure}()
#30 /home/agstudiodiital/public_html/magia/vendor/laravel/framework/src/Illuminate/Foundation/Http/Middleware/ConvertEmptyStringsToNull.php(31): Illuminate\\Foundation\\Http\\Middleware\\TransformsRequest->handle()
#31 /home/agstudiodiital/public_html/magia/vendor/laravel/framework/src/Illuminate/Pipeline/Pipeline.php(183): Illuminate\\Foundation\\Http\\Middleware\\ConvertEmptyStringsToNull->handle()
#32 /home/agstudiodiital/public_html/magia/vendor/laravel/framework/src/Illuminate/Foundation/Http/Middleware/TransformsRequest.php(21): Illuminate\\Pipeline\\Pipeline->Illuminate\\Pipeline\\{closure}()
#33 /home/agstudiodiital/public_html/magia/vendor/laravel/framework/src/Illuminate/Foundation/Http/Middleware/TrimStrings.php(40): Illuminate\\Foundation\\Http\\Middleware\\TransformsRequest->handle()
#34 /home/agstudiodiital/public_html/magia/vendor/laravel/framework/src/Illuminate/Pipeline/Pipeline.php(183): Illuminate\\Foundation\\Http\\Middleware\\TrimStrings->handle()
#35 /home/agstudiodiital/public_html/magia/vendor/laravel/framework/src/Illuminate/Foundation/Http/Middleware/ValidatePostSize.php(27): Illuminate\\Pipeline\\Pipeline->Illuminate\\Pipeline\\{closure}()
#36 /home/agstudiodiital/public_html/magia/vendor/laravel/framework/src/Illuminate/Pipeline/Pipeline.php(183): Illuminate\\Foundation\\Http\\Middleware\\ValidatePostSize->handle()
#37 /home/agstudiodiital/public_html/magia/vendor/laravel/framework/src/Illuminate/Foundation/Http/Middleware/PreventRequestsDuringMaintenance.php(99): Illuminate\\Pipeline\\Pipeline->Illuminate\\Pipeline\\{closure}()
#38 /home/agstudiodiital/public_html/magia/vendor/laravel/framework/src/Illuminate/Pipeline/Pipeline.php(183): Illuminate\\Foundation\\Http\\Middleware\\PreventRequestsDuringMaintenance->handle()
#39 /home/agstudiodiital/public_html/magia/vendor/laravel/framework/src/Illuminate/Http/Middleware/HandleCors.php(49): Illuminate\\Pipeline\\Pipeline->Illuminate\\Pipeline\\{closure}()
#40 /home/agstudiodiital/public_html/magia/vendor/laravel/framework/src/Illuminate/Pipeline/Pipeline.php(183): Illuminate\\Http\\Middleware\\HandleCors->handle()
#41 /home/agstudiodiital/public_html/magia/vendor/laravel/framework/src/Illuminate/Http/Middleware/TrustProxies.php(39): Illuminate\\Pipeline\\Pipeline->Illuminate\\Pipeline\\{closure}()
#42 /home/agstudiodiital/public_html/magia/vendor/laravel/framework/src/Illuminate/Pipeline/Pipeline.php(183): Illuminate\\Http\\Middleware\\TrustProxies->handle()
#43 /home/agstudiodiital/public_html/magia/vendor/laravel/framework/src/Illuminate/Pipeline/Pipeline.php(119): Illuminate\\Pipeline\\Pipeline->Illuminate\\Pipeline\\{closure}()
#44 /home/agstudiodiital/public_html/magia/vendor/laravel/framework/src/Illuminate/Foundation/Http/Kernel.php(175): Illuminate\\Pipeline\\Pipeline->then()
#45 /home/agstudiodiital/public_html/magia/vendor/laravel/framework/src/Illuminate/Foundation/Http/Kernel.php(144): Illuminate\\Foundation\\Http\\Kernel->sendRequestThroughRouter()
#46 /home/agstudiodiital/public_html/magia/public/index.php(52): Illuminate\\Foundation\\Http\\Kernel->handle()
#47 {main}
"} 
[2025-11-10 08:27:51] production.ERROR: View [errors.404] not found. {"userId":1,"exception":"[object] (InvalidArgumentException(code: 0): View [errors.404] not found. at /home/agstudiodiital/public_html/magia/vendor/laravel/framework/src/Illuminate/View/FileViewFinder.php:137)
[stacktrace]
#0 /home/agstudiodiital/public_html/magia/vendor/laravel/framework/src/Illuminate/View/FileViewFinder.php(79): Illuminate\\View\\FileViewFinder->findInPaths()
#1 /home/agstudiodiital/public_html/magia/vendor/laravel/framework/src/Illuminate/View/Factory.php(138): Illuminate\\View\\FileViewFinder->find()
#2 /home/agstudiodiital/public_html/magia/vendor/laravel/framework/src/Illuminate/Routing/ResponseFactory.php(88): Illuminate\\View\\Factory->make()
#3 /home/agstudiodiital/public_html/magia/routes/web.php(147): Illuminate\\Routing\\ResponseFactory->view()
#4 /home/agstudiodiital/public_html/magia/vendor/laravel/framework/src/Illuminate/Routing/CallableDispatcher.php(40): Illuminate\\Routing\\RouteFileRegistrar->{closure}()
#5 /home/agstudiodiital/public_html/magia/vendor/laravel/framework/src/Illuminate/Routing/Route.php(237): Illuminate\\Routing\\CallableDispatcher->dispatch()
#6 /home/agstudiodiital/public_html/magia/vendor/laravel/framework/src/Illuminate/Routing/Route.php(208): Illuminate\\Routing\\Route->runCallable()
#7 /home/agstudiodiital/public_html/magia/vendor/laravel/framework/src/Illuminate/Routing/Router.php(806): Illuminate\\Routing\\Route->run()
#8 /home/agstudiodiital/public_html/magia/vendor/laravel/framework/src/Illuminate/Pipeline/Pipeline.php(144): Illuminate\\Routing\\Router->Illuminate\\Routing\\{closure}()
#9 /home/agstudiodiital/public_html/magia/vendor/laravel/framework/src/Illuminate/Routing/Middleware/SubstituteBindings.php(50): Illuminate\\Pipeline\\Pipeline->Illuminate\\Pipeline\\{closure}()
#10 /home/agstudiodiital/public_html/magia/vendor/laravel/framework/src/Illuminate/Pipeline/Pipeline.php(183): Illuminate\\Routing\\Middleware\\SubstituteBindings->handle()
#11 /home/agstudiodiital/public_html/magia/vendor/laravel/framework/src/Illuminate/Foundation/Http/Middleware/VerifyCsrfToken.php(78): Illuminate\\Pipeline\\Pipeline->Illuminate\\Pipeline\\{closure}()
#12 /home/agstudiodiital/public_html/magia/vendor/laravel/framework/src/Illuminate/Pipeline/Pipeline.php(183): Illuminate\\Foundation\\Http\\Middleware\\VerifyCsrfToken->handle()
#13 /home/agstudiodiital/public_html/magia/vendor/laravel/framework/src/Illuminate/View/Middleware/ShareErrorsFromSession.php(49): Illuminate\\Pipeline\\Pipeline->Illuminate\\Pipeline\\{closure}()
#14 /home/agstudiodiital/public_html/magia/vendor/laravel/framework/src/Illuminate/Pipeline/Pipeline.php(183): Illuminate\\View\\Middleware\\ShareErrorsFromSession->handle()
#15 /home/agstudiodiital/public_html/magia/vendor/laravel/framework/src/Illuminate/Session/Middleware/StartSession.php(121): Illuminate\\Pipeline\\Pipeline->Illuminate\\Pipeline\\{closure}()
#16 /home/agstudiodiital/public_html/magia/vendor/laravel/framework/src/Illuminate/Session/Middleware/StartSession.php(64): Illuminate\\Session\\Middleware\\StartSession->handleStatefulRequest()
#17 /home/agstudiodiital/public_html/magia/vendor/laravel/framework/src/Illuminate/Pipeline/Pipeline.php(183): Illuminate\\Session\\Middleware\\StartSession->handle()
#18 /home/agstudiodiital/public_html/magia/vendor/laravel/framework/src/Illuminate/Cookie/Middleware/AddQueuedCookiesToResponse.php(37): Illuminate\\Pipeline\\Pipeline->Illuminate\\Pipeline\\{closure}()
#19 /home/agstudiodiital/public_html/magia/vendor/laravel/framework/src/Illuminate/Pipeline/Pipeline.php(183): Illuminate\\Cookie\\Middleware\\AddQueuedCookiesToResponse->handle()
#20 /home/agstudiodiital/public_html/magia/vendor/laravel/framework/src/Illuminate/Cookie/Middleware/EncryptCookies.php(67): Illuminate\\Pipeline\\Pipeline->Illuminate\\Pipeline\\{closure}()
#21 /home/agstudiodiital/public_html/magia/vendor/laravel/framework/src/Illuminate/Pipeline/Pipeline.php(183): Illuminate\\Cookie\\Middleware\\EncryptCookies->handle()
#22 /home/agstudiodiital/public_html/magia/vendor/laravel/framework/src/Illuminate/Pipeline/Pipeline.php(119): Illuminate\\Pipeline\\Pipeline->Illuminate\\Pipeline\\{closure}()
#23 /home/agstudiodiital/public_html/magia/vendor/laravel/framework/src/Illuminate/Routing/Router.php(807): Illuminate\\Pipeline\\Pipeline->then()
#24 /home/agstudiodiital/public_html/magia/vendor/laravel/framework/src/Illuminate/Routing/Router.php(784): Illuminate\\Routing\\Router->runRouteWithinStack()
#25 /home/agstudiodiital/public_html/magia/vendor/laravel/framework/src/Illuminate/Routing/Router.php(748): Illuminate\\Routing\\Router->runRoute()
#26 /home/agstudiodiital/public_html/magia/vendor/laravel/framework/src/Illuminate/Routing/Router.php(737): Illuminate\\Routing\\Router->dispatchToRoute()
#27 /home/agstudiodiital/public_html/magia/vendor/laravel/framework/src/Illuminate/Foundation/Http/Kernel.php(200): Illuminate\\Routing\\Router->dispatch()
#28 /home/agstudiodiital/public_html/magia/vendor/laravel/framework/src/Illuminate/Pipeline/Pipeline.php(144): Illuminate\\Foundation\\Http\\Kernel->Illuminate\\Foundation\\Http\\{closure}()
#29 /home/agstudiodiital/public_html/magia/vendor/laravel/framework/src/Illuminate/Foundation/Http/Middleware/TransformsRequest.php(21): Illuminate\\Pipeline\\Pipeline->Illuminate\\Pipeline\\{closure}()
#30 /home/agstudiodiital/public_html/magia/vendor/laravel/framework/src/Illuminate/Foundation/Http/Middleware/ConvertEmptyStringsToNull.php(31): Illuminate\\Foundation\\Http\\Middleware\\TransformsRequest->handle()
#31 /home/agstudiodiital/public_html/magia/vendor/laravel/framework/src/Illuminate/Pipeline/Pipeline.php(183): Illuminate\\Foundation\\Http\\Middleware\\ConvertEmptyStringsToNull->handle()
#32 /home/agstudiodiital/public_html/magia/vendor/laravel/framework/src/Illuminate/Foundation/Http/Middleware/TransformsRequest.php(21): Illuminate\\Pipeline\\Pipeline->Illuminate\\Pipeline\\{closure}()
#33 /home/agstudiodiital/public_html/magia/vendor/laravel/framework/src/Illuminate/Foundation/Http/Middleware/TrimStrings.php(40): Illuminate\\Foundation\\Http\\Middleware\\TransformsRequest->handle()
#34 /home/agstudiodiital/public_html/magia/vendor/laravel/framework/src/Illuminate/Pipeline/Pipeline.php(183): Illuminate\\Foundation\\Http\\Middleware\\TrimStrings->handle()
#35 /home/agstudiodiital/public_html/magia/vendor/laravel/framework/src/Illuminate/Foundation/Http/Middleware/ValidatePostSize.php(27): Illuminate\\Pipeline\\Pipeline->Illuminate\\Pipeline\\{closure}()
#36 /home/agstudiodiital/public_html/magia/vendor/laravel/framework/src/Illuminate/Pipeline/Pipeline.php(183): Illuminate\\Foundation\\Http\\Middleware\\ValidatePostSize->handle()
#37 /home/agstudiodiital/public_html/magia/vendor/laravel/framework/src/Illuminate/Foundation/Http/Middleware/PreventRequestsDuringMaintenance.php(99): Illuminate\\Pipeline\\Pipeline->Illuminate\\Pipeline\\{closure}()
#38 /home/agstudiodiital/public_html/magia/vendor/laravel/framework/src/Illuminate/Pipeline/Pipeline.php(183): Illuminate\\Foundation\\Http\\Middleware\\PreventRequestsDuringMaintenance->handle()
#39 /home/agstudiodiital/public_html/magia/vendor/laravel/framework/src/Illuminate/Http/Middleware/HandleCors.php(49): Illuminate\\Pipeline\\Pipeline->Illuminate\\Pipeline\\{closure}()
#40 /home/agstudiodiital/public_html/magia/vendor/laravel/framework/src/Illuminate/Pipeline/Pipeline.php(183): Illuminate\\Http\\Middleware\\HandleCors->handle()
#41 /home/agstudiodiital/public_html/magia/vendor/laravel/framework/src/Illuminate/Http/Middleware/TrustProxies.php(39): Illuminate\\Pipeline\\Pipeline->Illuminate\\Pipeline\\{closure}()
#42 /home/agstudiodiital/public_html/magia/vendor/laravel/framework/src/Illuminate/Pipeline/Pipeline.php(183): Illuminate\\Http\\Middleware\\TrustProxies->handle()
#43 /home/agstudiodiital/public_html/magia/vendor/laravel/framework/src/Illuminate/Pipeline/Pipeline.php(119): Illuminate\\Pipeline\\Pipeline->Illuminate\\Pipeline\\{closure}()
#44 /home/agstudiodiital/public_html/magia/vendor/laravel/framework/src/Illuminate/Foundation/Http/Kernel.php(175): Illuminate\\Pipeline\\Pipeline->then()
#45 /home/agstudiodiital/public_html/magia/vendor/laravel/framework/src/Illuminate/Foundation/Http/Kernel.php(144): Illuminate\\Foundation\\Http\\Kernel->sendRequestThroughRouter()
#46 /home/agstudiodiital/public_html/magia/public/index.php(52): Illuminate\\Foundation\\Http\\Kernel->handle()
#47 {main}
"} 
[2025-11-10 08:27:53] production.ERROR: View [errors.404] not found. {"userId":1,"exception":"[object] (InvalidArgumentException(code: 0): View [errors.404] not found. at /home/agstudiodiital/public_html/magia/vendor/laravel/framework/src/Illuminate/View/FileViewFinder.php:137)
[stacktrace]
#0 /home/agstudiodiital/public_html/magia/vendor/laravel/framework/src/Illuminate/View/FileViewFinder.php(79): Illuminate\\View\\FileViewFinder->findInPaths()
#1 /home/agstudiodiital/public_html/magia/vendor/laravel/framework/src/Illuminate/View/Factory.php(138): Illuminate\\View\\FileViewFinder->find()
#2 /home/agstudiodiital/public_html/magia/vendor/laravel/framework/src/Illuminate/Routing/ResponseFactory.php(88): Illuminate\\View\\Factory->make()
#3 /home/agstudiodiital/public_html/magia/routes/web.php(147): Illuminate\\Routing\\ResponseFactory->view()
#4 /home/agstudiodiital/public_html/magia/vendor/laravel/framework/src/Illuminate/Routing/CallableDispatcher.php(40): Illuminate\\Routing\\RouteFileRegistrar->{closure}()
#5 /home/agstudiodiital/public_html/magia/vendor/laravel/framework/src/Illuminate/Routing/Route.php(237): Illuminate\\Routing\\CallableDispatcher->dispatch()
#6 /home/agstudiodiital/public_html/magia/vendor/laravel/framework/src/Illuminate/Routing/Route.php(208): Illuminate\\Routing\\Route->runCallable()
#7 /home/agstudiodiital/public_html/magia/vendor/laravel/framework/src/Illuminate/Routing/Router.php(806): Illuminate\\Routing\\Route->run()
#8 /home/agstudiodiital/public_html/magia/vendor/laravel/framework/src/Illuminate/Pipeline/Pipeline.php(144): Illuminate\\Routing\\Router->Illuminate\\Routing\\{closure}()
#9 /home/agstudiodiital/public_html/magia/vendor/laravel/framework/src/Illuminate/Routing/Middleware/SubstituteBindings.php(50): Illuminate\\Pipeline\\Pipeline->Illuminate\\Pipeline\\{closure}()
#10 /home/agstudiodiital/public_html/magia/vendor/laravel/framework/src/Illuminate/Pipeline/Pipeline.php(183): Illuminate\\Routing\\Middleware\\SubstituteBindings->handle()
#11 /home/agstudiodiital/public_html/magia/vendor/laravel/framework/src/Illuminate/Foundation/Http/Middleware/VerifyCsrfToken.php(78): Illuminate\\Pipeline\\Pipeline->Illuminate\\Pipeline\\{closure}()
#12 /home/agstudiodiital/public_html/magia/vendor/laravel/framework/src/Illuminate/Pipeline/Pipeline.php(183): Illuminate\\Foundation\\Http\\Middleware\\VerifyCsrfToken->handle()
#13 /home/agstudiodiital/public_html/magia/vendor/laravel/framework/src/Illuminate/View/Middleware/ShareErrorsFromSession.php(49): Illuminate\\Pipeline\\Pipeline->Illuminate\\Pipeline\\{closure}()
#14 /home/agstudiodiital/public_html/magia/vendor/laravel/framework/src/Illuminate/Pipeline/Pipeline.php(183): Illuminate\\View\\Middleware\\ShareErrorsFromSession->handle()
#15 /home/agstudiodiital/public_html/magia/vendor/laravel/framework/src/Illuminate/Session/Middleware/StartSession.php(121): Illuminate\\Pipeline\\Pipeline->Illuminate\\Pipeline\\{closure}()
#16 /home/agstudiodiital/public_html/magia/vendor/laravel/framework/src/Illuminate/Session/Middleware/StartSession.php(64): Illuminate\\Session\\Middleware\\StartSession->handleStatefulRequest()
#17 /home/agstudiodiital/public_html/magia/vendor/laravel/framework/src/Illuminate/Pipeline/Pipeline.php(183): Illuminate\\Session\\Middleware\\StartSession->handle()
#18 /home/agstudiodiital/public_html/magia/vendor/laravel/framework/src/Illuminate/Cookie/Middleware/AddQueuedCookiesToResponse.php(37): Illuminate\\Pipeline\\Pipeline->Illuminate\\Pipeline\\{closure}()
#19 /home/agstudiodiital/public_html/magia/vendor/laravel/framework/src/Illuminate/Pipeline/Pipeline.php(183): Illuminate\\Cookie\\Middleware\\AddQueuedCookiesToResponse->handle()
#20 /home/agstudiodiital/public_html/magia/vendor/laravel/framework/src/Illuminate/Cookie/Middleware/EncryptCookies.php(67): Illuminate\\Pipeline\\Pipeline->Illuminate\\Pipeline\\{closure}()
#21 /home/agstudiodiital/public_html/magia/vendor/laravel/framework/src/Illuminate/Pipeline/Pipeline.php(183): Illuminate\\Cookie\\Middleware\\EncryptCookies->handle()
#22 /home/agstudiodiital/public_html/magia/vendor/laravel/framework/src/Illuminate/Pipeline/Pipeline.php(119): Illuminate\\Pipeline\\Pipeline->Illuminate\\Pipeline\\{closure}()
#23 /home/agstudiodiital/public_html/magia/vendor/laravel/framework/src/Illuminate/Routing/Router.php(807): Illuminate\\Pipeline\\Pipeline->then()
#24 /home/agstudiodiital/public_html/magia/vendor/laravel/framework/src/Illuminate/Routing/Router.php(784): Illuminate\\Routing\\Router->runRouteWithinStack()
#25 /home/agstudiodiital/public_html/magia/vendor/laravel/framework/src/Illuminate/Routing/Router.php(748): Illuminate\\Routing\\Router->runRoute()
#26 /home/agstudiodiital/public_html/magia/vendor/laravel/framework/src/Illuminate/Routing/Router.php(737): Illuminate\\Routing\\Router->dispatchToRoute()
#27 /home/agstudiodiital/public_html/magia/vendor/laravel/framework/src/Illuminate/Foundation/Http/Kernel.php(200): Illuminate\\Routing\\Router->dispatch()
#28 /home/agstudiodiital/public_html/magia/vendor/laravel/framework/src/Illuminate/Pipeline/Pipeline.php(144): Illuminate\\Foundation\\Http\\Kernel->Illuminate\\Foundation\\Http\\{closure}()
#29 /home/agstudiodiital/public_html/magia/vendor/laravel/framework/src/Illuminate/Foundation/Http/Middleware/TransformsRequest.php(21): Illuminate\\Pipeline\\Pipeline->Illuminate\\Pipeline\\{closure}()
#30 /home/agstudiodiital/public_html/magia/vendor/laravel/framework/src/Illuminate/Foundation/Http/Middleware/ConvertEmptyStringsToNull.php(31): Illuminate\\Foundation\\Http\\Middleware\\TransformsRequest->handle()
#31 /home/agstudiodiital/public_html/magia/vendor/laravel/framework/src/Illuminate/Pipeline/Pipeline.php(183): Illuminate\\Foundation\\Http\\Middleware\\ConvertEmptyStringsToNull->handle()
#32 /home/agstudiodiital/public_html/magia/vendor/laravel/framework/src/Illuminate/Foundation/Http/Middleware/TransformsRequest.php(21): Illuminate\\Pipeline\\Pipeline->Illuminate\\Pipeline\\{closure}()
#33 /home/agstudiodiital/public_html/magia/vendor/laravel/framework/src/Illuminate/Foundation/Http/Middleware/TrimStrings.php(40): Illuminate\\Foundation\\Http\\Middleware\\TransformsRequest->handle()
#34 /home/agstudiodiital/public_html/magia/vendor/laravel/framework/src/Illuminate/Pipeline/Pipeline.php(183): Illuminate\\Foundation\\Http\\Middleware\\TrimStrings->handle()
#35 /home/agstudiodiital/public_html/magia/vendor/laravel/framework/src/Illuminate/Foundation/Http/Middleware/ValidatePostSize.php(27): Illuminate\\Pipeline\\Pipeline->Illuminate\\Pipeline\\{closure}()
#36 /home/agstudiodiital/public_html/magia/vendor/laravel/framework/src/Illuminate/Pipeline/Pipeline.php(183): Illuminate\\Foundation\\Http\\Middleware\\ValidatePostSize->handle()
#37 /home/agstudiodiital/public_html/magia/vendor/laravel/framework/src/Illuminate/Foundation/Http/Middleware/PreventRequestsDuringMaintenance.php(99): Illuminate\\Pipeline\\Pipeline->Illuminate\\Pipeline\\{closure}()
#38 /home/agstudiodiital/public_html/magia/vendor/laravel/framework/src/Illuminate/Pipeline/Pipeline.php(183): Illuminate\\Foundation\\Http\\Middleware\\PreventRequestsDuringMaintenance->handle()
#39 /home/agstudiodiital/public_html/magia/vendor/laravel/framework/src/Illuminate/Http/Middleware/HandleCors.php(49): Illuminate\\Pipeline\\Pipeline->Illuminate\\Pipeline\\{closure}()
#40 /home/agstudiodiital/public_html/magia/vendor/laravel/framework/src/Illuminate/Pipeline/Pipeline.php(183): Illuminate\\Http\\Middleware\\HandleCors->handle()
#41 /home/agstudiodiital/public_html/magia/vendor/laravel/framework/src/Illuminate/Http/Middleware/TrustProxies.php(39): Illuminate\\Pipeline\\Pipeline->Illuminate\\Pipeline\\{closure}()
#42 /home/agstudiodiital/public_html/magia/vendor/laravel/framework/src/Illuminate/Pipeline/Pipeline.php(183): Illuminate\\Http\\Middleware\\TrustProxies->handle()
#43 /home/agstudiodiital/public_html/magia/vendor/laravel/framework/src/Illuminate/Pipeline/Pipeline.php(119): Illuminate\\Pipeline\\Pipeline->Illuminate\\Pipeline\\{closure}()
#44 /home/agstudiodiital/public_html/magia/vendor/laravel/framework/src/Illuminate/Foundation/Http/Kernel.php(175): Illuminate\\Pipeline\\Pipeline->then()
#45 /home/agstudiodiital/public_html/magia/vendor/laravel/framework/src/Illuminate/Foundation/Http/Kernel.php(144): Illuminate\\Foundation\\Http\\Kernel->sendRequestThroughRouter()
#46 /home/agstudiodiital/public_html/magia/public/index.php(52): Illuminate\\Foundation\\Http\\Kernel->handle()
#47 {main}
"} 
[2025-11-10 08:27:56] production.ERROR: View [errors.404] not found. {"userId":1,"exception":"[object] (InvalidArgumentException(code: 0): View [errors.404] not found. at /home/agstudiodiital/public_html/magia/vendor/laravel/framework/src/Illuminate/View/FileViewFinder.php:137)
[stacktrace]
#0 /home/agstudiodiital/public_html/magia/vendor/laravel/framework/src/Illuminate/View/FileViewFinder.php(79): Illuminate\\View\\FileViewFinder->findInPaths()
#1 /home/agstudiodiital/public_html/magia/vendor/laravel/framework/src/Illuminate/View/Factory.php(138): Illuminate\\View\\FileViewFinder->find()
#2 /home/agstudiodiital/public_html/magia/vendor/laravel/framework/src/Illuminate/Routing/ResponseFactory.php(88): Illuminate\\View\\Factory->make()
#3 /home/agstudiodiital/public_html/magia/routes/web.php(147): Illuminate\\Routing\\ResponseFactory->view()
#4 /home/agstudiodiital/public_html/magia/vendor/laravel/framework/src/Illuminate/Routing/CallableDispatcher.php(40): Illuminate\\Routing\\RouteFileRegistrar->{closure}()
#5 /home/agstudiodiital/public_html/magia/vendor/laravel/framework/src/Illuminate/Routing/Route.php(237): Illuminate\\Routing\\CallableDispatcher->dispatch()
#6 /home/agstudiodiital/public_html/magia/vendor/laravel/framework/src/Illuminate/Routing/Route.php(208): Illuminate\\Routing\\Route->runCallable()
#7 /home/agstudiodiital/public_html/magia/vendor/laravel/framework/src/Illuminate/Routing/Router.php(806): Illuminate\\Routing\\Route->run()
#8 /home/agstudiodiital/public_html/magia/vendor/laravel/framework/src/Illuminate/Pipeline/Pipeline.php(144): Illuminate\\Routing\\Router->Illuminate\\Routing\\{closure}()
#9 /home/agstudiodiital/public_html/magia/vendor/laravel/framework/src/Illuminate/Routing/Middleware/SubstituteBindings.php(50): Illuminate\\Pipeline\\Pipeline->Illuminate\\Pipeline\\{closure}()
#10 /home/agstudiodiital/public_html/magia/vendor/laravel/framework/src/Illuminate/Pipeline/Pipeline.php(183): Illuminate\\Routing\\Middleware\\SubstituteBindings->handle()
#11 /home/agstudiodiital/public_html/magia/vendor/laravel/framework/src/Illuminate/Foundation/Http/Middleware/VerifyCsrfToken.php(78): Illuminate\\Pipeline\\Pipeline->Illuminate\\Pipeline\\{closure}()
#12 /home/agstudiodiital/public_html/magia/vendor/laravel/framework/src/Illuminate/Pipeline/Pipeline.php(183): Illuminate\\Foundation\\Http\\Middleware\\VerifyCsrfToken->handle()
#13 /home/agstudiodiital/public_html/magia/vendor/laravel/framework/src/Illuminate/View/Middleware/ShareErrorsFromSession.php(49): Illuminate\\Pipeline\\Pipeline->Illuminate\\Pipeline\\{closure}()
#14 /home/agstudiodiital/public_html/magia/vendor/laravel/framework/src/Illuminate/Pipeline/Pipeline.php(183): Illuminate\\View\\Middleware\\ShareErrorsFromSession->handle()
#15 /home/agstudiodiital/public_html/magia/vendor/laravel/framework/src/Illuminate/Session/Middleware/StartSession.php(121): Illuminate\\Pipeline\\Pipeline->Illuminate\\Pipeline\\{closure}()
#16 /home/agstudiodiital/public_html/magia/vendor/laravel/framework/src/Illuminate/Session/Middleware/StartSession.php(64): Illuminate\\Session\\Middleware\\StartSession->handleStatefulRequest()
#17 /home/agstudiodiital/public_html/magia/vendor/laravel/framework/src/Illuminate/Pipeline/Pipeline.php(183): Illuminate\\Session\\Middleware\\StartSession->handle()
#18 /home/agstudiodiital/public_html/magia/vendor/laravel/framework/src/Illuminate/Cookie/Middleware/AddQueuedCookiesToResponse.php(37): Illuminate\\Pipeline\\Pipeline->Illuminate\\Pipeline\\{closure}()
#19 /home/agstudiodiital/public_html/magia/vendor/laravel/framework/src/Illuminate/Pipeline/Pipeline.php(183): Illuminate\\Cookie\\Middleware\\AddQueuedCookiesToResponse->handle()
#20 /home/agstudiodiital/public_html/magia/vendor/laravel/framework/src/Illuminate/Cookie/Middleware/EncryptCookies.php(67): Illuminate\\Pipeline\\Pipeline->Illuminate\\Pipeline\\{closure}()
#21 /home/agstudiodiital/public_html/magia/vendor/laravel/framework/src/Illuminate/Pipeline/Pipeline.php(183): Illuminate\\Cookie\\Middleware\\EncryptCookies->handle()
#22 /home/agstudiodiital/public_html/magia/vendor/laravel/framework/src/Illuminate/Pipeline/Pipeline.php(119): Illuminate\\Pipeline\\Pipeline->Illuminate\\Pipeline\\{closure}()
#23 /home/agstudiodiital/public_html/magia/vendor/laravel/framework/src/Illuminate/Routing/Router.php(807): Illuminate\\Pipeline\\Pipeline->then()
#24 /home/agstudiodiital/public_html/magia/vendor/laravel/framework/src/Illuminate/Routing/Router.php(784): Illuminate\\Routing\\Router->runRouteWithinStack()
#25 /home/agstudiodiital/public_html/magia/vendor/laravel/framework/src/Illuminate/Routing/Router.php(748): Illuminate\\Routing\\Router->runRoute()
#26 /home/agstudiodiital/public_html/magia/vendor/laravel/framework/src/Illuminate/Routing/Router.php(737): Illuminate\\Routing\\Router->dispatchToRoute()
#27 /home/agstudiodiital/public_html/magia/vendor/laravel/framework/src/Illuminate/Foundation/Http/Kernel.php(200): Illuminate\\Routing\\Router->dispatch()
#28 /home/agstudiodiital/public_html/magia/vendor/laravel/framework/src/Illuminate/Pipeline/Pipeline.php(144): Illuminate\\Foundation\\Http\\Kernel->Illuminate\\Foundation\\Http\\{closure}()
#29 /home/agstudiodiital/public_html/magia/vendor/laravel/framework/src/Illuminate/Foundation/Http/Middleware/TransformsRequest.php(21): Illuminate\\Pipeline\\Pipeline->Illuminate\\Pipeline\\{closure}()
#30 /home/agstudiodiital/public_html/magia/vendor/laravel/framework/src/Illuminate/Foundation/Http/Middleware/ConvertEmptyStringsToNull.php(31): Illuminate\\Foundation\\Http\\Middleware\\TransformsRequest->handle()
#31 /home/agstudiodiital/public_html/magia/vendor/laravel/framework/src/Illuminate/Pipeline/Pipeline.php(183): Illuminate\\Foundation\\Http\\Middleware\\ConvertEmptyStringsToNull->handle()
#32 /home/agstudiodiital/public_html/magia/vendor/laravel/framework/src/Illuminate/Foundation/Http/Middleware/TransformsRequest.php(21): Illuminate\\Pipeline\\Pipeline->Illuminate\\Pipeline\\{closure}()
#33 /home/agstudiodiital/public_html/magia/vendor/laravel/framework/src/Illuminate/Foundation/Http/Middleware/TrimStrings.php(40): Illuminate\\Foundation\\Http\\Middleware\\TransformsRequest->handle()
#34 /home/agstudiodiital/public_html/magia/vendor/laravel/framework/src/Illuminate/Pipeline/Pipeline.php(183): Illuminate\\Foundation\\Http\\Middleware\\TrimStrings->handle()
#35 /home/agstudiodiital/public_html/magia/vendor/laravel/framework/src/Illuminate/Foundation/Http/Middleware/ValidatePostSize.php(27): Illuminate\\Pipeline\\Pipeline->Illuminate\\Pipeline\\{closure}()
#36 /home/agstudiodiital/public_html/magia/vendor/laravel/framework/src/Illuminate/Pipeline/Pipeline.php(183): Illuminate\\Foundation\\Http\\Middleware\\ValidatePostSize->handle()
#37 /home/agstudiodiital/public_html/magia/vendor/laravel/framework/src/Illuminate/Foundation/Http/Middleware/PreventRequestsDuringMaintenance.php(99): Illuminate\\Pipeline\\Pipeline->Illuminate\\Pipeline\\{closure}()
#38 /home/agstudiodiital/public_html/magia/vendor/laravel/framework/src/Illuminate/Pipeline/Pipeline.php(183): Illuminate\\Foundation\\Http\\Middleware\\PreventRequestsDuringMaintenance->handle()
#39 /home/agstudiodiital/public_html/magia/vendor/laravel/framework/src/Illuminate/Http/Middleware/HandleCors.php(49): Illuminate\\Pipeline\\Pipeline->Illuminate\\Pipeline\\{closure}()
#40 /home/agstudiodiital/public_html/magia/vendor/laravel/framework/src/Illuminate/Pipeline/Pipeline.php(183): Illuminate\\Http\\Middleware\\HandleCors->handle()
#41 /home/agstudiodiital/public_html/magia/vendor/laravel/framework/src/Illuminate/Http/Middleware/TrustProxies.php(39): Illuminate\\Pipeline\\Pipeline->Illuminate\\Pipeline\\{closure}()
#42 /home/agstudiodiital/public_html/magia/vendor/laravel/framework/src/Illuminate/Pipeline/Pipeline.php(183): Illuminate\\Http\\Middleware\\TrustProxies->handle()
#43 /home/agstudiodiital/public_html/magia/vendor/laravel/framework/src/Illuminate/Pipeline/Pipeline.php(119): Illuminate\\Pipeline\\Pipeline->Illuminate\\Pipeline\\{closure}()
#44 /home/agstudiodiital/public_html/magia/vendor/laravel/framework/src/Illuminate/Foundation/Http/Kernel.php(175): Illuminate\\Pipeline\\Pipeline->then()
#45 /home/agstudiodiital/public_html/magia/vendor/laravel/framework/src/Illuminate/Foundation/Http/Kernel.php(144): Illuminate\\Foundation\\Http\\Kernel->sendRequestThroughRouter()
#46 /home/agstudiodiital/public_html/magia/public/index.php(52): Illuminate\\Foundation\\Http\\Kernel->handle()
#47 {main}
"} 
[2025-11-10 08:27:56] production.ERROR: View [errors.404] not found. {"userId":1,"exception":"[object] (InvalidArgumentException(code: 0): View [errors.404] not found. at /home/agstudiodiital/public_html/magia/vendor/laravel/framework/src/Illuminate/View/FileViewFinder.php:137)
[stacktrace]
#0 /home/agstudiodiital/public_html/magia/vendor/laravel/framework/src/Illuminate/View/FileViewFinder.php(79): Illuminate\\View\\FileViewFinder->findInPaths()
#1 /home/agstudiodiital/public_html/magia/vendor/laravel/framework/src/Illuminate/View/Factory.php(138): Illuminate\\View\\FileViewFinder->find()
#2 /home/agstudiodiital/public_html/magia/vendor/laravel/framework/src/Illuminate/Routing/ResponseFactory.php(88): Illuminate\\View\\Factory->make()
#3 /home/agstudiodiital/public_html/magia/routes/web.php(147): Illuminate\\Routing\\ResponseFactory->view()
#4 /home/agstudiodiital/public_html/magia/vendor/laravel/framework/src/Illuminate/Routing/CallableDispatcher.php(40): Illuminate\\Routing\\RouteFileRegistrar->{closure}()
#5 /home/agstudiodiital/public_html/magia/vendor/laravel/framework/src/Illuminate/Routing/Route.php(237): Illuminate\\Routing\\CallableDispatcher->dispatch()
#6 /home/agstudiodiital/public_html/magia/vendor/laravel/framework/src/Illuminate/Routing/Route.php(208): Illuminate\\Routing\\Route->runCallable()
#7 /home/agstudiodiital/public_html/magia/vendor/laravel/framework/src/Illuminate/Routing/Router.php(806): Illuminate\\Routing\\Route->run()
#8 /home/agstudiodiital/public_html/magia/vendor/laravel/framework/src/Illuminate/Pipeline/Pipeline.php(144): Illuminate\\Routing\\Router->Illuminate\\Routing\\{closure}()
#9 /home/agstudiodiital/public_html/magia/vendor/laravel/framework/src/Illuminate/Routing/Middleware/SubstituteBindings.php(50): Illuminate\\Pipeline\\Pipeline->Illuminate\\Pipeline\\{closure}()
#10 /home/agstudiodiital/public_html/magia/vendor/laravel/framework/src/Illuminate/Pipeline/Pipeline.php(183): Illuminate\\Routing\\Middleware\\SubstituteBindings->handle()
#11 /home/agstudiodiital/public_html/magia/vendor/laravel/framework/src/Illuminate/Foundation/Http/Middleware/VerifyCsrfToken.php(78): Illuminate\\Pipeline\\Pipeline->Illuminate\\Pipeline\\{closure}()
#12 /home/agstudiodiital/public_html/magia/vendor/laravel/framework/src/Illuminate/Pipeline/Pipeline.php(183): Illuminate\\Foundation\\Http\\Middleware\\VerifyCsrfToken->handle()
#13 /home/agstudiodiital/public_html/magia/vendor/laravel/framework/src/Illuminate/View/Middleware/ShareErrorsFromSession.php(49): Illuminate\\Pipeline\\Pipeline->Illuminate\\Pipeline\\{closure}()
#14 /home/agstudiodiital/public_html/magia/vendor/laravel/framework/src/Illuminate/Pipeline/Pipeline.php(183): Illuminate\\View\\Middleware\\ShareErrorsFromSession->handle()
#15 /home/agstudiodiital/public_html/magia/vendor/laravel/framework/src/Illuminate/Session/Middleware/StartSession.php(121): Illuminate\\Pipeline\\Pipeline->Illuminate\\Pipeline\\{closure}()
#16 /home/agstudiodiital/public_html/magia/vendor/laravel/framework/src/Illuminate/Session/Middleware/StartSession.php(64): Illuminate\\Session\\Middleware\\StartSession->handleStatefulRequest()
#17 /home/agstudiodiital/public_html/magia/vendor/laravel/framework/src/Illuminate/Pipeline/Pipeline.php(183): Illuminate\\Session\\Middleware\\StartSession->handle()
#18 /home/agstudiodiital/public_html/magia/vendor/laravel/framework/src/Illuminate/Cookie/Middleware/AddQueuedCookiesToResponse.php(37): Illuminate\\Pipeline\\Pipeline->Illuminate\\Pipeline\\{closure}()
#19 /home/agstudiodiital/public_html/magia/vendor/laravel/framework/src/Illuminate/Pipeline/Pipeline.php(183): Illuminate\\Cookie\\Middleware\\AddQueuedCookiesToResponse->handle()
#20 /home/agstudiodiital/public_html/magia/vendor/laravel/framework/src/Illuminate/Cookie/Middleware/EncryptCookies.php(67): Illuminate\\Pipeline\\Pipeline->Illuminate\\Pipeline\\{closure}()
#21 /home/agstudiodiital/public_html/magia/vendor/laravel/framework/src/Illuminate/Pipeline/Pipeline.php(183): Illuminate\\Cookie\\Middleware\\EncryptCookies->handle()
#22 /home/agstudiodiital/public_html/magia/vendor/laravel/framework/src/Illuminate/Pipeline/Pipeline.php(119): Illuminate\\Pipeline\\Pipeline->Illuminate\\Pipeline\\{closure}()
#23 /home/agstudiodiital/public_html/magia/vendor/laravel/framework/src/Illuminate/Routing/Router.php(807): Illuminate\\Pipeline\\Pipeline->then()
#24 /home/agstudiodiital/public_html/magia/vendor/laravel/framework/src/Illuminate/Routing/Router.php(784): Illuminate\\Routing\\Router->runRouteWithinStack()
#25 /home/agstudiodiital/public_html/magia/vendor/laravel/framework/src/Illuminate/Routing/Router.php(748): Illuminate\\Routing\\Router->runRoute()
#26 /home/agstudiodiital/public_html/magia/vendor/laravel/framework/src/Illuminate/Routing/Router.php(737): Illuminate\\Routing\\Router->dispatchToRoute()
#27 /home/agstudiodiital/public_html/magia/vendor/laravel/framework/src/Illuminate/Foundation/Http/Kernel.php(200): Illuminate\\Routing\\Router->dispatch()
#28 /home/agstudiodiital/public_html/magia/vendor/laravel/framework/src/Illuminate/Pipeline/Pipeline.php(144): Illuminate\\Foundation\\Http\\Kernel->Illuminate\\Foundation\\Http\\{closure}()
#29 /home/agstudiodiital/public_html/magia/vendor/laravel/framework/src/Illuminate/Foundation/Http/Middleware/TransformsRequest.php(21): Illuminate\\Pipeline\\Pipeline->Illuminate\\Pipeline\\{closure}()
#30 /home/agstudiodiital/public_html/magia/vendor/laravel/framework/src/Illuminate/Foundation/Http/Middleware/ConvertEmptyStringsToNull.php(31): Illuminate\\Foundation\\Http\\Middleware\\TransformsRequest->handle()
#31 /home/agstudiodiital/public_html/magia/vendor/laravel/framework/src/Illuminate/Pipeline/Pipeline.php(183): Illuminate\\Foundation\\Http\\Middleware\\ConvertEmptyStringsToNull->handle()
#32 /home/agstudiodiital/public_html/magia/vendor/laravel/framework/src/Illuminate/Foundation/Http/Middleware/TransformsRequest.php(21): Illuminate\\Pipeline\\Pipeline->Illuminate\\Pipeline\\{closure}()
#33 /home/agstudiodiital/public_html/magia/vendor/laravel/framework/src/Illuminate/Foundation/Http/Middleware/TrimStrings.php(40): Illuminate\\Foundation\\Http\\Middleware\\TransformsRequest->handle()
#34 /home/agstudiodiital/public_html/magia/vendor/laravel/framework/src/Illuminate/Pipeline/Pipeline.php(183): Illuminate\\Foundation\\Http\\Middleware\\TrimStrings->handle()
#35 /home/agstudiodiital/public_html/magia/vendor/laravel/framework/src/Illuminate/Foundation/Http/Middleware/ValidatePostSize.php(27): Illuminate\\Pipeline\\Pipeline->Illuminate\\Pipeline\\{closure}()
#36 /home/agstudiodiital/public_html/magia/vendor/laravel/framework/src/Illuminate/Pipeline/Pipeline.php(183): Illuminate\\Foundation\\Http\\Middleware\\ValidatePostSize->handle()
#37 /home/agstudiodiital/public_html/magia/vendor/laravel/framework/src/Illuminate/Foundation/Http/Middleware/PreventRequestsDuringMaintenance.php(99): Illuminate\\Pipeline\\Pipeline->Illuminate\\Pipeline\\{closure}()
#38 /home/agstudiodiital/public_html/magia/vendor/laravel/framework/src/Illuminate/Pipeline/Pipeline.php(183): Illuminate\\Foundation\\Http\\Middleware\\PreventRequestsDuringMaintenance->handle()
#39 /home/agstudiodiital/public_html/magia/vendor/laravel/framework/src/Illuminate/Http/Middleware/HandleCors.php(49): Illuminate\\Pipeline\\Pipeline->Illuminate\\Pipeline\\{closure}()
#40 /home/agstudiodiital/public_html/magia/vendor/laravel/framework/src/Illuminate/Pipeline/Pipeline.php(183): Illuminate\\Http\\Middleware\\HandleCors->handle()
#41 /home/agstudiodiital/public_html/magia/vendor/laravel/framework/src/Illuminate/Http/Middleware/TrustProxies.php(39): Illuminate\\Pipeline\\Pipeline->Illuminate\\Pipeline\\{closure}()
#42 /home/agstudiodiital/public_html/magia/vendor/laravel/framework/src/Illuminate/Pipeline/Pipeline.php(183): Illuminate\\Http\\Middleware\\TrustProxies->handle()
#43 /home/agstudiodiital/public_html/magia/vendor/laravel/framework/src/Illuminate/Pipeline/Pipeline.php(119): Illuminate\\Pipeline\\Pipeline->Illuminate\\Pipeline\\{closure}()
#44 /home/agstudiodiital/public_html/magia/vendor/laravel/framework/src/Illuminate/Foundation/Http/Kernel.php(175): Illuminate\\Pipeline\\Pipeline->then()
#45 /home/agstudiodiital/public_html/magia/vendor/laravel/framework/src/Illuminate/Foundation/Http/Kernel.php(144): Illuminate\\Foundation\\Http\\Kernel->sendRequestThroughRouter()
#46 /home/agstudiodiital/public_html/magia/public/index.php(52): Illuminate\\Foundation\\Http\\Kernel->handle()
#47 {main}
"} 
[2025-11-10 08:27:56] production.ERROR: View [errors.404] not found. {"userId":1,"exception":"[object] (InvalidArgumentException(code: 0): View [errors.404] not found. at /home/agstudiodiital/public_html/magia/vendor/laravel/framework/src/Illuminate/View/FileViewFinder.php:137)
[stacktrace]
#0 /home/agstudiodiital/public_html/magia/vendor/laravel/framework/src/Illuminate/View/FileViewFinder.php(79): Illuminate\\View\\FileViewFinder->findInPaths()
#1 /home/agstudiodiital/public_html/magia/vendor/laravel/framework/src/Illuminate/View/Factory.php(138): Illuminate\\View\\FileViewFinder->find()
#2 /home/agstudiodiital/public_html/magia/vendor/laravel/framework/src/Illuminate/Routing/ResponseFactory.php(88): Illuminate\\View\\Factory->make()
#3 /home/agstudiodiital/public_html/magia/routes/web.php(147): Illuminate\\Routing\\ResponseFactory->view()
#4 /home/agstudiodiital/public_html/magia/vendor/laravel/framework/src/Illuminate/Routing/CallableDispatcher.php(40): Illuminate\\Routing\\RouteFileRegistrar->{closure}()
#5 /home/agstudiodiital/public_html/magia/vendor/laravel/framework/src/Illuminate/Routing/Route.php(237): Illuminate\\Routing\\CallableDispatcher->dispatch()
#6 /home/agstudiodiital/public_html/magia/vendor/laravel/framework/src/Illuminate/Routing/Route.php(208): Illuminate\\Routing\\Route->runCallable()
#7 /home/agstudiodiital/public_html/magia/vendor/laravel/framework/src/Illuminate/Routing/Router.php(806): Illuminate\\Routing\\Route->run()
#8 /home/agstudiodiital/public_html/magia/vendor/laravel/framework/src/Illuminate/Pipeline/Pipeline.php(144): Illuminate\\Routing\\Router->Illuminate\\Routing\\{closure}()
#9 /home/agstudiodiital/public_html/magia/vendor/laravel/framework/src/Illuminate/Routing/Middleware/SubstituteBindings.php(50): Illuminate\\Pipeline\\Pipeline->Illuminate\\Pipeline\\{closure}()
#10 /home/agstudiodiital/public_html/magia/vendor/laravel/framework/src/Illuminate/Pipeline/Pipeline.php(183): Illuminate\\Routing\\Middleware\\SubstituteBindings->handle()
#11 /home/agstudiodiital/public_html/magia/vendor/laravel/framework/src/Illuminate/Foundation/Http/Middleware/VerifyCsrfToken.php(78): Illuminate\\Pipeline\\Pipeline->Illuminate\\Pipeline\\{closure}()
#12 /home/agstudiodiital/public_html/magia/vendor/laravel/framework/src/Illuminate/Pipeline/Pipeline.php(183): Illuminate\\Foundation\\Http\\Middleware\\VerifyCsrfToken->handle()
#13 /home/agstudiodiital/public_html/magia/vendor/laravel/framework/src/Illuminate/View/Middleware/ShareErrorsFromSession.php(49): Illuminate\\Pipeline\\Pipeline->Illuminate\\Pipeline\\{closure}()
#14 /home/agstudiodiital/public_html/magia/vendor/laravel/framework/src/Illuminate/Pipeline/Pipeline.php(183): Illuminate\\View\\Middleware\\ShareErrorsFromSession->handle()
#15 /home/agstudiodiital/public_html/magia/vendor/laravel/framework/src/Illuminate/Session/Middleware/StartSession.php(121): Illuminate\\Pipeline\\Pipeline->Illuminate\\Pipeline\\{closure}()
#16 /home/agstudiodiital/public_html/magia/vendor/laravel/framework/src/Illuminate/Session/Middleware/StartSession.php(64): Illuminate\\Session\\Middleware\\StartSession->handleStatefulRequest()
#17 /home/agstudiodiital/public_html/magia/vendor/laravel/framework/src/Illuminate/Pipeline/Pipeline.php(183): Illuminate\\Session\\Middleware\\StartSession->handle()
#18 /home/agstudiodiital/public_html/magia/vendor/laravel/framework/src/Illuminate/Cookie/Middleware/AddQueuedCookiesToResponse.php(37): Illuminate\\Pipeline\\Pipeline->Illuminate\\Pipeline\\{closure}()
#19 /home/agstudiodiital/public_html/magia/vendor/laravel/framework/src/Illuminate/Pipeline/Pipeline.php(183): Illuminate\\Cookie\\Middleware\\AddQueuedCookiesToResponse->handle()
#20 /home/agstudiodiital/public_html/magia/vendor/laravel/framework/src/Illuminate/Cookie/Middleware/EncryptCookies.php(67): Illuminate\\Pipeline\\Pipeline->Illuminate\\Pipeline\\{closure}()
#21 /home/agstudiodiital/public_html/magia/vendor/laravel/framework/src/Illuminate/Pipeline/Pipeline.php(183): Illuminate\\Cookie\\Middleware\\EncryptCookies->handle()
#22 /home/agstudiodiital/public_html/magia/vendor/laravel/framework/src/Illuminate/Pipeline/Pipeline.php(119): Illuminate\\Pipeline\\Pipeline->Illuminate\\Pipeline\\{closure}()
#23 /home/agstudiodiital/public_html/magia/vendor/laravel/framework/src/Illuminate/Routing/Router.php(807): Illuminate\\Pipeline\\Pipeline->then()
#24 /home/agstudiodiital/public_html/magia/vendor/laravel/framework/src/Illuminate/Routing/Router.php(784): Illuminate\\Routing\\Router->runRouteWithinStack()
#25 /home/agstudiodiital/public_html/magia/vendor/laravel/framework/src/Illuminate/Routing/Router.php(748): Illuminate\\Routing\\Router->runRoute()
#26 /home/agstudiodiital/public_html/magia/vendor/laravel/framework/src/Illuminate/Routing/Router.php(737): Illuminate\\Routing\\Router->dispatchToRoute()
#27 /home/agstudiodiital/public_html/magia/vendor/laravel/framework/src/Illuminate/Foundation/Http/Kernel.php(200): Illuminate\\Routing\\Router->dispatch()
#28 /home/agstudiodiital/public_html/magia/vendor/laravel/framework/src/Illuminate/Pipeline/Pipeline.php(144): Illuminate\\Foundation\\Http\\Kernel->Illuminate\\Foundation\\Http\\{closure}()
#29 /home/agstudiodiital/public_html/magia/vendor/laravel/framework/src/Illuminate/Foundation/Http/Middleware/TransformsRequest.php(21): Illuminate\\Pipeline\\Pipeline->Illuminate\\Pipeline\\{closure}()
#30 /home/agstudiodiital/public_html/magia/vendor/laravel/framework/src/Illuminate/Foundation/Http/Middleware/ConvertEmptyStringsToNull.php(31): Illuminate\\Foundation\\Http\\Middleware\\TransformsRequest->handle()
#31 /home/agstudiodiital/public_html/magia/vendor/laravel/framework/src/Illuminate/Pipeline/Pipeline.php(183): Illuminate\\Foundation\\Http\\Middleware\\ConvertEmptyStringsToNull->handle()
#32 /home/agstudiodiital/public_html/magia/vendor/laravel/framework/src/Illuminate/Foundation/Http/Middleware/TransformsRequest.php(21): Illuminate\\Pipeline\\Pipeline->Illuminate\\Pipeline\\{closure}()
#33 /home/agstudiodiital/public_html/magia/vendor/laravel/framework/src/Illuminate/Foundation/Http/Middleware/TrimStrings.php(40): Illuminate\\Foundation\\Http\\Middleware\\TransformsRequest->handle()
#34 /home/agstudiodiital/public_html/magia/vendor/laravel/framework/src/Illuminate/Pipeline/Pipeline.php(183): Illuminate\\Foundation\\Http\\Middleware\\TrimStrings->handle()
#35 /home/agstudiodiital/public_html/magia/vendor/laravel/framework/src/Illuminate/Foundation/Http/Middleware/ValidatePostSize.php(27): Illuminate\\Pipeline\\Pipeline->Illuminate\\Pipeline\\{closure}()
#36 /home/agstudiodiital/public_html/magia/vendor/laravel/framework/src/Illuminate/Pipeline/Pipeline.php(183): Illuminate\\Foundation\\Http\\Middleware\\ValidatePostSize->handle()
#37 /home/agstudiodiital/public_html/magia/vendor/laravel/framework/src/Illuminate/Foundation/Http/Middleware/PreventRequestsDuringMaintenance.php(99): Illuminate\\Pipeline\\Pipeline->Illuminate\\Pipeline\\{closure}()
#38 /home/agstudiodiital/public_html/magia/vendor/laravel/framework/src/Illuminate/Pipeline/Pipeline.php(183): Illuminate\\Foundation\\Http\\Middleware\\PreventRequestsDuringMaintenance->handle()
#39 /home/agstudiodiital/public_html/magia/vendor/laravel/framework/src/Illuminate/Http/Middleware/HandleCors.php(49): Illuminate\\Pipeline\\Pipeline->Illuminate\\Pipeline\\{closure}()
#40 /home/agstudiodiital/public_html/magia/vendor/laravel/framework/src/Illuminate/Pipeline/Pipeline.php(183): Illuminate\\Http\\Middleware\\HandleCors->handle()
#41 /home/agstudiodiital/public_html/magia/vendor/laravel/framework/src/Illuminate/Http/Middleware/TrustProxies.php(39): Illuminate\\Pipeline\\Pipeline->Illuminate\\Pipeline\\{closure}()
#42 /home/agstudiodiital/public_html/magia/vendor/laravel/framework/src/Illuminate/Pipeline/Pipeline.php(183): Illuminate\\Http\\Middleware\\TrustProxies->handle()
#43 /home/agstudiodiital/public_html/magia/vendor/laravel/framework/src/Illuminate/Pipeline/Pipeline.php(119): Illuminate\\Pipeline\\Pipeline->Illuminate\\Pipeline\\{closure}()
#44 /home/agstudiodiital/public_html/magia/vendor/laravel/framework/src/Illuminate/Foundation/Http/Kernel.php(175): Illuminate\\Pipeline\\Pipeline->then()
#45 /home/agstudiodiital/public_html/magia/vendor/laravel/framework/src/Illuminate/Foundation/Http/Kernel.php(144): Illuminate\\Foundation\\Http\\Kernel->sendRequestThroughRouter()
#46 /home/agstudiodiital/public_html/magia/public/index.php(52): Illuminate\\Foundation\\Http\\Kernel->handle()
#47 {main}
"} 
[2025-11-10 08:27:56] production.ERROR: View [errors.404] not found. {"userId":1,"exception":"[object] (InvalidArgumentException(code: 0): View [errors.404] not found. at /home/agstudiodiital/public_html/magia/vendor/laravel/framework/src/Illuminate/View/FileViewFinder.php:137)
[stacktrace]
#0 /home/agstudiodiital/public_html/magia/vendor/laravel/framework/src/Illuminate/View/FileViewFinder.php(79): Illuminate\\View\\FileViewFinder->findInPaths()
#1 /home/agstudiodiital/public_html/magia/vendor/laravel/framework/src/Illuminate/View/Factory.php(138): Illuminate\\View\\FileViewFinder->find()
#2 /home/agstudiodiital/public_html/magia/vendor/laravel/framework/src/Illuminate/Routing/ResponseFactory.php(88): Illuminate\\View\\Factory->make()
#3 /home/agstudiodiital/public_html/magia/routes/web.php(147): Illuminate\\Routing\\ResponseFactory->view()
#4 /home/agstudiodiital/public_html/magia/vendor/laravel/framework/src/Illuminate/Routing/CallableDispatcher.php(40): Illuminate\\Routing\\RouteFileRegistrar->{closure}()
#5 /home/agstudiodiital/public_html/magia/vendor/laravel/framework/src/Illuminate/Routing/Route.php(237): Illuminate\\Routing\\CallableDispatcher->dispatch()
#6 /home/agstudiodiital/public_html/magia/vendor/laravel/framework/src/Illuminate/Routing/Route.php(208): Illuminate\\Routing\\Route->runCallable()
#7 /home/agstudiodiital/public_html/magia/vendor/laravel/framework/src/Illuminate/Routing/Router.php(806): Illuminate\\Routing\\Route->run()
#8 /home/agstudiodiital/public_html/magia/vendor/laravel/framework/src/Illuminate/Pipeline/Pipeline.php(144): Illuminate\\Routing\\Router->Illuminate\\Routing\\{closure}()
#9 /home/agstudiodiital/public_html/magia/vendor/laravel/framework/src/Illuminate/Routing/Middleware/SubstituteBindings.php(50): Illuminate\\Pipeline\\Pipeline->Illuminate\\Pipeline\\{closure}()
#10 /home/agstudiodiital/public_html/magia/vendor/laravel/framework/src/Illuminate/Pipeline/Pipeline.php(183): Illuminate\\Routing\\Middleware\\SubstituteBindings->handle()
#11 /home/agstudiodiital/public_html/magia/vendor/laravel/framework/src/Illuminate/Foundation/Http/Middleware/VerifyCsrfToken.php(78): Illuminate\\Pipeline\\Pipeline->Illuminate\\Pipeline\\{closure}()
#12 /home/agstudiodiital/public_html/magia/vendor/laravel/framework/src/Illuminate/Pipeline/Pipeline.php(183): Illuminate\\Foundation\\Http\\Middleware\\VerifyCsrfToken->handle()
#13 /home/agstudiodiital/public_html/magia/vendor/laravel/framework/src/Illuminate/View/Middleware/ShareErrorsFromSession.php(49): Illuminate\\Pipeline\\Pipeline->Illuminate\\Pipeline\\{closure}()
#14 /home/agstudiodiital/public_html/magia/vendor/laravel/framework/src/Illuminate/Pipeline/Pipeline.php(183): Illuminate\\View\\Middleware\\ShareErrorsFromSession->handle()
#15 /home/agstudiodiital/public_html/magia/vendor/laravel/framework/src/Illuminate/Session/Middleware/StartSession.php(121): Illuminate\\Pipeline\\Pipeline->Illuminate\\Pipeline\\{closure}()
#16 /home/agstudiodiital/public_html/magia/vendor/laravel/framework/src/Illuminate/Session/Middleware/StartSession.php(64): Illuminate\\Session\\Middleware\\StartSession->handleStatefulRequest()
#17 /home/agstudiodiital/public_html/magia/vendor/laravel/framework/src/Illuminate/Pipeline/Pipeline.php(183): Illuminate\\Session\\Middleware\\StartSession->handle()
#18 /home/agstudiodiital/public_html/magia/vendor/laravel/framework/src/Illuminate/Cookie/Middleware/AddQueuedCookiesToResponse.php(37): Illuminate\\Pipeline\\Pipeline->Illuminate\\Pipeline\\{closure}()
#19 /home/agstudiodiital/public_html/magia/vendor/laravel/framework/src/Illuminate/Pipeline/Pipeline.php(183): Illuminate\\Cookie\\Middleware\\AddQueuedCookiesToResponse->handle()
#20 /home/agstudiodiital/public_html/magia/vendor/laravel/framework/src/Illuminate/Cookie/Middleware/EncryptCookies.php(67): Illuminate\\Pipeline\\Pipeline->Illuminate\\Pipeline\\{closure}()
#21 /home/agstudiodiital/public_html/magia/vendor/laravel/framework/src/Illuminate/Pipeline/Pipeline.php(183): Illuminate\\Cookie\\Middleware\\EncryptCookies->handle()
#22 /home/agstudiodiital/public_html/magia/vendor/laravel/framework/src/Illuminate/Pipeline/Pipeline.php(119): Illuminate\\Pipeline\\Pipeline->Illuminate\\Pipeline\\{closure}()
#23 /home/agstudiodiital/public_html/magia/vendor/laravel/framework/src/Illuminate/Routing/Router.php(807): Illuminate\\Pipeline\\Pipeline->then()
#24 /home/agstudiodiital/public_html/magia/vendor/laravel/framework/src/Illuminate/Routing/Router.php(784): Illuminate\\Routing\\Router->runRouteWithinStack()
#25 /home/agstudiodiital/public_html/magia/vendor/laravel/framework/src/Illuminate/Routing/Router.php(748): Illuminate\\Routing\\Router->runRoute()
#26 /home/agstudiodiital/public_html/magia/vendor/laravel/framework/src/Illuminate/Routing/Router.php(737): Illuminate\\Routing\\Router->dispatchToRoute()
#27 /home/agstudiodiital/public_html/magia/vendor/laravel/framework/src/Illuminate/Foundation/Http/Kernel.php(200): Illuminate\\Routing\\Router->dispatch()
#28 /home/agstudiodiital/public_html/magia/vendor/laravel/framework/src/Illuminate/Pipeline/Pipeline.php(144): Illuminate\\Foundation\\Http\\Kernel->Illuminate\\Foundation\\Http\\{closure}()
#29 /home/agstudiodiital/public_html/magia/vendor/laravel/framework/src/Illuminate/Foundation/Http/Middleware/TransformsRequest.php(21): Illuminate\\Pipeline\\Pipeline->Illuminate\\Pipeline\\{closure}()
#30 /home/agstudiodiital/public_html/magia/vendor/laravel/framework/src/Illuminate/Foundation/Http/Middleware/ConvertEmptyStringsToNull.php(31): Illuminate\\Foundation\\Http\\Middleware\\TransformsRequest->handle()
#31 /home/agstudiodiital/public_html/magia/vendor/laravel/framework/src/Illuminate/Pipeline/Pipeline.php(183): Illuminate\\Foundation\\Http\\Middleware\\ConvertEmptyStringsToNull->handle()
#32 /home/agstudiodiital/public_html/magia/vendor/laravel/framework/src/Illuminate/Foundation/Http/Middleware/TransformsRequest.php(21): Illuminate\\Pipeline\\Pipeline->Illuminate\\Pipeline\\{closure}()
#33 /home/agstudiodiital/public_html/magia/vendor/laravel/framework/src/Illuminate/Foundation/Http/Middleware/TrimStrings.php(40): Illuminate\\Foundation\\Http\\Middleware\\TransformsRequest->handle()
#34 /home/agstudiodiital/public_html/magia/vendor/laravel/framework/src/Illuminate/Pipeline/Pipeline.php(183): Illuminate\\Foundation\\Http\\Middleware\\TrimStrings->handle()
#35 /home/agstudiodiital/public_html/magia/vendor/laravel/framework/src/Illuminate/Foundation/Http/Middleware/ValidatePostSize.php(27): Illuminate\\Pipeline\\Pipeline->Illuminate\\Pipeline\\{closure}()
#36 /home/agstudiodiital/public_html/magia/vendor/laravel/framework/src/Illuminate/Pipeline/Pipeline.php(183): Illuminate\\Foundation\\Http\\Middleware\\ValidatePostSize->handle()
#37 /home/agstudiodiital/public_html/magia/vendor/laravel/framework/src/Illuminate/Foundation/Http/Middleware/PreventRequestsDuringMaintenance.php(99): Illuminate\\Pipeline\\Pipeline->Illuminate\\Pipeline\\{closure}()
#38 /home/agstudiodiital/public_html/magia/vendor/laravel/framework/src/Illuminate/Pipeline/Pipeline.php(183): Illuminate\\Foundation\\Http\\Middleware\\PreventRequestsDuringMaintenance->handle()
#39 /home/agstudiodiital/public_html/magia/vendor/laravel/framework/src/Illuminate/Http/Middleware/HandleCors.php(49): Illuminate\\Pipeline\\Pipeline->Illuminate\\Pipeline\\{closure}()
#40 /home/agstudiodiital/public_html/magia/vendor/laravel/framework/src/Illuminate/Pipeline/Pipeline.php(183): Illuminate\\Http\\Middleware\\HandleCors->handle()
#41 /home/agstudiodiital/public_html/magia/vendor/laravel/framework/src/Illuminate/Http/Middleware/TrustProxies.php(39): Illuminate\\Pipeline\\Pipeline->Illuminate\\Pipeline\\{closure}()
#42 /home/agstudiodiital/public_html/magia/vendor/laravel/framework/src/Illuminate/Pipeline/Pipeline.php(183): Illuminate\\Http\\Middleware\\TrustProxies->handle()
#43 /home/agstudiodiital/public_html/magia/vendor/laravel/framework/src/Illuminate/Pipeline/Pipeline.php(119): Illuminate\\Pipeline\\Pipeline->Illuminate\\Pipeline\\{closure}()
#44 /home/agstudiodiital/public_html/magia/vendor/laravel/framework/src/Illuminate/Foundation/Http/Kernel.php(175): Illuminate\\Pipeline\\Pipeline->then()
#45 /home/agstudiodiital/public_html/magia/vendor/laravel/framework/src/Illuminate/Foundation/Http/Kernel.php(144): Illuminate\\Foundation\\Http\\Kernel->sendRequestThroughRouter()
#46 /home/agstudiodiital/public_html/magia/public/index.php(52): Illuminate\\Foundation\\Http\\Kernel->handle()
#47 {main}
"} 
[2025-11-10 08:27:57] production.ERROR: View [errors.404] not found. {"userId":1,"exception":"[object] (InvalidArgumentException(code: 0): View [errors.404] not found. at /home/agstudiodiital/public_html/magia/vendor/laravel/framework/src/Illuminate/View/FileViewFinder.php:137)
[stacktrace]
#0 /home/agstudiodiital/public_html/magia/vendor/laravel/framework/src/Illuminate/View/FileViewFinder.php(79): Illuminate\\View\\FileViewFinder->findInPaths()
#1 /home/agstudiodiital/public_html/magia/vendor/laravel/framework/src/Illuminate/View/Factory.php(138): Illuminate\\View\\FileViewFinder->find()
#2 /home/agstudiodiital/public_html/magia/vendor/laravel/framework/src/Illuminate/Routing/ResponseFactory.php(88): Illuminate\\View\\Factory->make()
#3 /home/agstudiodiital/public_html/magia/routes/web.php(147): Illuminate\\Routing\\ResponseFactory->view()
#4 /home/agstudiodiital/public_html/magia/vendor/laravel/framework/src/Illuminate/Routing/CallableDispatcher.php(40): Illuminate\\Routing\\RouteFileRegistrar->{closure}()
#5 /home/agstudiodiital/public_html/magia/vendor/laravel/framework/src/Illuminate/Routing/Route.php(237): Illuminate\\Routing\\CallableDispatcher->dispatch()
#6 /home/agstudiodiital/public_html/magia/vendor/laravel/framework/src/Illuminate/Routing/Route.php(208): Illuminate\\Routing\\Route->runCallable()
#7 /home/agstudiodiital/public_html/magia/vendor/laravel/framework/src/Illuminate/Routing/Router.php(806): Illuminate\\Routing\\Route->run()
#8 /home/agstudiodiital/public_html/magia/vendor/laravel/framework/src/Illuminate/Pipeline/Pipeline.php(144): Illuminate\\Routing\\Router->Illuminate\\Routing\\{closure}()
#9 /home/agstudiodiital/public_html/magia/vendor/laravel/framework/src/Illuminate/Routing/Middleware/SubstituteBindings.php(50): Illuminate\\Pipeline\\Pipeline->Illuminate\\Pipeline\\{closure}()
#10 /home/agstudiodiital/public_html/magia/vendor/laravel/framework/src/Illuminate/Pipeline/Pipeline.php(183): Illuminate\\Routing\\Middleware\\SubstituteBindings->handle()
#11 /home/agstudiodiital/public_html/magia/vendor/laravel/framework/src/Illuminate/Foundation/Http/Middleware/VerifyCsrfToken.php(78): Illuminate\\Pipeline\\Pipeline->Illuminate\\Pipeline\\{closure}()
#12 /home/agstudiodiital/public_html/magia/vendor/laravel/framework/src/Illuminate/Pipeline/Pipeline.php(183): Illuminate\\Foundation\\Http\\Middleware\\VerifyCsrfToken->handle()
#13 /home/agstudiodiital/public_html/magia/vendor/laravel/framework/src/Illuminate/View/Middleware/ShareErrorsFromSession.php(49): Illuminate\\Pipeline\\Pipeline->Illuminate\\Pipeline\\{closure}()
#14 /home/agstudiodiital/public_html/magia/vendor/laravel/framework/src/Illuminate/Pipeline/Pipeline.php(183): Illuminate\\View\\Middleware\\ShareErrorsFromSession->handle()
#15 /home/agstudiodiital/public_html/magia/vendor/laravel/framework/src/Illuminate/Session/Middleware/StartSession.php(121): Illuminate\\Pipeline\\Pipeline->Illuminate\\Pipeline\\{closure}()
#16 /home/agstudiodiital/public_html/magia/vendor/laravel/framework/src/Illuminate/Session/Middleware/StartSession.php(64): Illuminate\\Session\\Middleware\\StartSession->handleStatefulRequest()
#17 /home/agstudiodiital/public_html/magia/vendor/laravel/framework/src/Illuminate/Pipeline/Pipeline.php(183): Illuminate\\Session\\Middleware\\StartSession->handle()
#18 /home/agstudiodiital/public_html/magia/vendor/laravel/framework/src/Illuminate/Cookie/Middleware/AddQueuedCookiesToResponse.php(37): Illuminate\\Pipeline\\Pipeline->Illuminate\\Pipeline\\{closure}()
#19 /home/agstudiodiital/public_html/magia/vendor/laravel/framework/src/Illuminate/Pipeline/Pipeline.php(183): Illuminate\\Cookie\\Middleware\\AddQueuedCookiesToResponse->handle()
#20 /home/agstudiodiital/public_html/magia/vendor/laravel/framework/src/Illuminate/Cookie/Middleware/EncryptCookies.php(67): Illuminate\\Pipeline\\Pipeline->Illuminate\\Pipeline\\{closure}()
#21 /home/agstudiodiital/public_html/magia/vendor/laravel/framework/src/Illuminate/Pipeline/Pipeline.php(183): Illuminate\\Cookie\\Middleware\\EncryptCookies->handle()
#22 /home/agstudiodiital/public_html/magia/vendor/laravel/framework/src/Illuminate/Pipeline/Pipeline.php(119): Illuminate\\Pipeline\\Pipeline->Illuminate\\Pipeline\\{closure}()
#23 /home/agstudiodiital/public_html/magia/vendor/laravel/framework/src/Illuminate/Routing/Router.php(807): Illuminate\\Pipeline\\Pipeline->then()
#24 /home/agstudiodiital/public_html/magia/vendor/laravel/framework/src/Illuminate/Routing/Router.php(784): Illuminate\\Routing\\Router->runRouteWithinStack()
#25 /home/agstudiodiital/public_html/magia/vendor/laravel/framework/src/Illuminate/Routing/Router.php(748): Illuminate\\Routing\\Router->runRoute()
#26 /home/agstudiodiital/public_html/magia/vendor/laravel/framework/src/Illuminate/Routing/Router.php(737): Illuminate\\Routing\\Router->dispatchToRoute()
#27 /home/agstudiodiital/public_html/magia/vendor/laravel/framework/src/Illuminate/Foundation/Http/Kernel.php(200): Illuminate\\Routing\\Router->dispatch()
#28 /home/agstudiodiital/public_html/magia/vendor/laravel/framework/src/Illuminate/Pipeline/Pipeline.php(144): Illuminate\\Foundation\\Http\\Kernel->Illuminate\\Foundation\\Http\\{closure}()
#29 /home/agstudiodiital/public_html/magia/vendor/laravel/framework/src/Illuminate/Foundation/Http/Middleware/TransformsRequest.php(21): Illuminate\\Pipeline\\Pipeline->Illuminate\\Pipeline\\{closure}()
#30 /home/agstudiodiital/public_html/magia/vendor/laravel/framework/src/Illuminate/Foundation/Http/Middleware/ConvertEmptyStringsToNull.php(31): Illuminate\\Foundation\\Http\\Middleware\\TransformsRequest->handle()
#31 /home/agstudiodiital/public_html/magia/vendor/laravel/framework/src/Illuminate/Pipeline/Pipeline.php(183): Illuminate\\Foundation\\Http\\Middleware\\ConvertEmptyStringsToNull->handle()
#32 /home/agstudiodiital/public_html/magia/vendor/laravel/framework/src/Illuminate/Foundation/Http/Middleware/TransformsRequest.php(21): Illuminate\\Pipeline\\Pipeline->Illuminate\\Pipeline\\{closure}()
#33 /home/agstudiodiital/public_html/magia/vendor/laravel/framework/src/Illuminate/Foundation/Http/Middleware/TrimStrings.php(40): Illuminate\\Foundation\\Http\\Middleware\\TransformsRequest->handle()
#34 /home/agstudiodiital/public_html/magia/vendor/laravel/framework/src/Illuminate/Pipeline/Pipeline.php(183): Illuminate\\Foundation\\Http\\Middleware\\TrimStrings->handle()
#35 /home/agstudiodiital/public_html/magia/vendor/laravel/framework/src/Illuminate/Foundation/Http/Middleware/ValidatePostSize.php(27): Illuminate\\Pipeline\\Pipeline->Illuminate\\Pipeline\\{closure}()
#36 /home/agstudiodiital/public_html/magia/vendor/laravel/framework/src/Illuminate/Pipeline/Pipeline.php(183): Illuminate\\Foundation\\Http\\Middleware\\ValidatePostSize->handle()
#37 /home/agstudiodiital/public_html/magia/vendor/laravel/framework/src/Illuminate/Foundation/Http/Middleware/PreventRequestsDuringMaintenance.php(99): Illuminate\\Pipeline\\Pipeline->Illuminate\\Pipeline\\{closure}()
#38 /home/agstudiodiital/public_html/magia/vendor/laravel/framework/src/Illuminate/Pipeline/Pipeline.php(183): Illuminate\\Foundation\\Http\\Middleware\\PreventRequestsDuringMaintenance->handle()
#39 /home/agstudiodiital/public_html/magia/vendor/laravel/framework/src/Illuminate/Http/Middleware/HandleCors.php(49): Illuminate\\Pipeline\\Pipeline->Illuminate\\Pipeline\\{closure}()
#40 /home/agstudiodiital/public_html/magia/vendor/laravel/framework/src/Illuminate/Pipeline/Pipeline.php(183): Illuminate\\Http\\Middleware\\HandleCors->handle()
#41 /home/agstudiodiital/public_html/magia/vendor/laravel/framework/src/Illuminate/Http/Middleware/TrustProxies.php(39): Illuminate\\Pipeline\\Pipeline->Illuminate\\Pipeline\\{closure}()
#42 /home/agstudiodiital/public_html/magia/vendor/laravel/framework/src/Illuminate/Pipeline/Pipeline.php(183): Illuminate\\Http\\Middleware\\TrustProxies->handle()
#43 /home/agstudiodiital/public_html/magia/vendor/laravel/framework/src/Illuminate/Pipeline/Pipeline.php(119): Illuminate\\Pipeline\\Pipeline->Illuminate\\Pipeline\\{closure}()
#44 /home/agstudiodiital/public_html/magia/vendor/laravel/framework/src/Illuminate/Foundation/Http/Kernel.php(175): Illuminate\\Pipeline\\Pipeline->then()
#45 /home/agstudiodiital/public_html/magia/vendor/laravel/framework/src/Illuminate/Foundation/Http/Kernel.php(144): Illuminate\\Foundation\\Http\\Kernel->sendRequestThroughRouter()
#46 /home/agstudiodiital/public_html/magia/public/index.php(52): Illuminate\\Foundation\\Http\\Kernel->handle()
#47 {main}
"} 
[2025-11-10 08:27:57] production.ERROR: View [errors.404] not found. {"userId":1,"exception":"[object] (InvalidArgumentException(code: 0): View [errors.404] not found. at /home/agstudiodiital/public_html/magia/vendor/laravel/framework/src/Illuminate/View/FileViewFinder.php:137)
[stacktrace]
#0 /home/agstudiodiital/public_html/magia/vendor/laravel/framework/src/Illuminate/View/FileViewFinder.php(79): Illuminate\\View\\FileViewFinder->findInPaths()
#1 /home/agstudiodiital/public_html/magia/vendor/laravel/framework/src/Illuminate/View/Factory.php(138): Illuminate\\View\\FileViewFinder->find()
#2 /home/agstudiodiital/public_html/magia/vendor/laravel/framework/src/Illuminate/Routing/ResponseFactory.php(88): Illuminate\\View\\Factory->make()
#3 /home/agstudiodiital/public_html/magia/routes/web.php(147): Illuminate\\Routing\\ResponseFactory->view()
#4 /home/agstudiodiital/public_html/magia/vendor/laravel/framework/src/Illuminate/Routing/CallableDispatcher.php(40): Illuminate\\Routing\\RouteFileRegistrar->{closure}()
#5 /home/agstudiodiital/public_html/magia/vendor/laravel/framework/src/Illuminate/Routing/Route.php(237): Illuminate\\Routing\\CallableDispatcher->dispatch()
#6 /home/agstudiodiital/public_html/magia/vendor/laravel/framework/src/Illuminate/Routing/Route.php(208): Illuminate\\Routing\\Route->runCallable()
#7 /home/agstudiodiital/public_html/magia/vendor/laravel/framework/src/Illuminate/Routing/Router.php(806): Illuminate\\Routing\\Route->run()
#8 /home/agstudiodiital/public_html/magia/vendor/laravel/framework/src/Illuminate/Pipeline/Pipeline.php(144): Illuminate\\Routing\\Router->Illuminate\\Routing\\{closure}()
#9 /home/agstudiodiital/public_html/magia/vendor/laravel/framework/src/Illuminate/Routing/Middleware/SubstituteBindings.php(50): Illuminate\\Pipeline\\Pipeline->Illuminate\\Pipeline\\{closure}()
#10 /home/agstudiodiital/public_html/magia/vendor/laravel/framework/src/Illuminate/Pipeline/Pipeline.php(183): Illuminate\\Routing\\Middleware\\SubstituteBindings->handle()
#11 /home/agstudiodiital/public_html/magia/vendor/laravel/framework/src/Illuminate/Foundation/Http/Middleware/VerifyCsrfToken.php(78): Illuminate\\Pipeline\\Pipeline->Illuminate\\Pipeline\\{closure}()
#12 /home/agstudiodiital/public_html/magia/vendor/laravel/framework/src/Illuminate/Pipeline/Pipeline.php(183): Illuminate\\Foundation\\Http\\Middleware\\VerifyCsrfToken->handle()
#13 /home/agstudiodiital/public_html/magia/vendor/laravel/framework/src/Illuminate/View/Middleware/ShareErrorsFromSession.php(49): Illuminate\\Pipeline\\Pipeline->Illuminate\\Pipeline\\{closure}()
#14 /home/agstudiodiital/public_html/magia/vendor/laravel/framework/src/Illuminate/Pipeline/Pipeline.php(183): Illuminate\\View\\Middleware\\ShareErrorsFromSession->handle()
#15 /home/agstudiodiital/public_html/magia/vendor/laravel/framework/src/Illuminate/Session/Middleware/StartSession.php(121): Illuminate\\Pipeline\\Pipeline->Illuminate\\Pipeline\\{closure}()
#16 /home/agstudiodiital/public_html/magia/vendor/laravel/framework/src/Illuminate/Session/Middleware/StartSession.php(64): Illuminate\\Session\\Middleware\\StartSession->handleStatefulRequest()
#17 /home/agstudiodiital/public_html/magia/vendor/laravel/framework/src/Illuminate/Pipeline/Pipeline.php(183): Illuminate\\Session\\Middleware\\StartSession->handle()
#18 /home/agstudiodiital/public_html/magia/vendor/laravel/framework/src/Illuminate/Cookie/Middleware/AddQueuedCookiesToResponse.php(37): Illuminate\\Pipeline\\Pipeline->Illuminate\\Pipeline\\{closure}()
#19 /home/agstudiodiital/public_html/magia/vendor/laravel/framework/src/Illuminate/Pipeline/Pipeline.php(183): Illuminate\\Cookie\\Middleware\\AddQueuedCookiesToResponse->handle()
#20 /home/agstudiodiital/public_html/magia/vendor/laravel/framework/src/Illuminate/Cookie/Middleware/EncryptCookies.php(67): Illuminate\\Pipeline\\Pipeline->Illuminate\\Pipeline\\{closure}()
#21 /home/agstudiodiital/public_html/magia/vendor/laravel/framework/src/Illuminate/Pipeline/Pipeline.php(183): Illuminate\\Cookie\\Middleware\\EncryptCookies->handle()
#22 /home/agstudiodiital/public_html/magia/vendor/laravel/framework/src/Illuminate/Pipeline/Pipeline.php(119): Illuminate\\Pipeline\\Pipeline->Illuminate\\Pipeline\\{closure}()
#23 /home/agstudiodiital/public_html/magia/vendor/laravel/framework/src/Illuminate/Routing/Router.php(807): Illuminate\\Pipeline\\Pipeline->then()
#24 /home/agstudiodiital/public_html/magia/vendor/laravel/framework/src/Illuminate/Routing/Router.php(784): Illuminate\\Routing\\Router->runRouteWithinStack()
#25 /home/agstudiodiital/public_html/magia/vendor/laravel/framework/src/Illuminate/Routing/Router.php(748): Illuminate\\Routing\\Router->runRoute()
#26 /home/agstudiodiital/public_html/magia/vendor/laravel/framework/src/Illuminate/Routing/Router.php(737): Illuminate\\Routing\\Router->dispatchToRoute()
#27 /home/agstudiodiital/public_html/magia/vendor/laravel/framework/src/Illuminate/Foundation/Http/Kernel.php(200): Illuminate\\Routing\\Router->dispatch()
#28 /home/agstudiodiital/public_html/magia/vendor/laravel/framework/src/Illuminate/Pipeline/Pipeline.php(144): Illuminate\\Foundation\\Http\\Kernel->Illuminate\\Foundation\\Http\\{closure}()
#29 /home/agstudiodiital/public_html/magia/vendor/laravel/framework/src/Illuminate/Foundation/Http/Middleware/TransformsRequest.php(21): Illuminate\\Pipeline\\Pipeline->Illuminate\\Pipeline\\{closure}()
#30 /home/agstudiodiital/public_html/magia/vendor/laravel/framework/src/Illuminate/Foundation/Http/Middleware/ConvertEmptyStringsToNull.php(31): Illuminate\\Foundation\\Http\\Middleware\\TransformsRequest->handle()
#31 /home/agstudiodiital/public_html/magia/vendor/laravel/framework/src/Illuminate/Pipeline/Pipeline.php(183): Illuminate\\Foundation\\Http\\Middleware\\ConvertEmptyStringsToNull->handle()
#32 /home/agstudiodiital/public_html/magia/vendor/laravel/framework/src/Illuminate/Foundation/Http/Middleware/TransformsRequest.php(21): Illuminate\\Pipeline\\Pipeline->Illuminate\\Pipeline\\{closure}()
#33 /home/agstudiodiital/public_html/magia/vendor/laravel/framework/src/Illuminate/Foundation/Http/Middleware/TrimStrings.php(40): Illuminate\\Foundation\\Http\\Middleware\\TransformsRequest->handle()
#34 /home/agstudiodiital/public_html/magia/vendor/laravel/framework/src/Illuminate/Pipeline/Pipeline.php(183): Illuminate\\Foundation\\Http\\Middleware\\TrimStrings->handle()
#35 /home/agstudiodiital/public_html/magia/vendor/laravel/framework/src/Illuminate/Foundation/Http/Middleware/ValidatePostSize.php(27): Illuminate\\Pipeline\\Pipeline->Illuminate\\Pipeline\\{closure}()
#36 /home/agstudiodiital/public_html/magia/vendor/laravel/framework/src/Illuminate/Pipeline/Pipeline.php(183): Illuminate\\Foundation\\Http\\Middleware\\ValidatePostSize->handle()
#37 /home/agstudiodiital/public_html/magia/vendor/laravel/framework/src/Illuminate/Foundation/Http/Middleware/PreventRequestsDuringMaintenance.php(99): Illuminate\\Pipeline\\Pipeline->Illuminate\\Pipeline\\{closure}()
#38 /home/agstudiodiital/public_html/magia/vendor/laravel/framework/src/Illuminate/Pipeline/Pipeline.php(183): Illuminate\\Foundation\\Http\\Middleware\\PreventRequestsDuringMaintenance->handle()
#39 /home/agstudiodiital/public_html/magia/vendor/laravel/framework/src/Illuminate/Http/Middleware/HandleCors.php(49): Illuminate\\Pipeline\\Pipeline->Illuminate\\Pipeline\\{closure}()
#40 /home/agstudiodiital/public_html/magia/vendor/laravel/framework/src/Illuminate/Pipeline/Pipeline.php(183): Illuminate\\Http\\Middleware\\HandleCors->handle()
#41 /home/agstudiodiital/public_html/magia/vendor/laravel/framework/src/Illuminate/Http/Middleware/TrustProxies.php(39): Illuminate\\Pipeline\\Pipeline->Illuminate\\Pipeline\\{closure}()
#42 /home/agstudiodiital/public_html/magia/vendor/laravel/framework/src/Illuminate/Pipeline/Pipeline.php(183): Illuminate\\Http\\Middleware\\TrustProxies->handle()
#43 /home/agstudiodiital/public_html/magia/vendor/laravel/framework/src/Illuminate/Pipeline/Pipeline.php(119): Illuminate\\Pipeline\\Pipeline->Illuminate\\Pipeline\\{closure}()
#44 /home/agstudiodiital/public_html/magia/vendor/laravel/framework/src/Illuminate/Foundation/Http/Kernel.php(175): Illuminate\\Pipeline\\Pipeline->then()
#45 /home/agstudiodiital/public_html/magia/vendor/laravel/framework/src/Illuminate/Foundation/Http/Kernel.php(144): Illuminate\\Foundation\\Http\\Kernel->sendRequestThroughRouter()
#46 /home/agstudiodiital/public_html/magia/public/index.php(52): Illuminate\\Foundation\\Http\\Kernel->handle()
#47 {main}
"} 
[2025-11-10 08:28:02] production.ERROR: Undefined variable $totaleClienti {"view":{"view":"/home/agstudiodiital/public_html/magia/resources/views/admin/dashboard.blade.php","data":[]},"userId":1,"exception":"[object] (Spatie\\LaravelIgnition\\Exceptions\\ViewException(code: 0): Undefined variable $totaleClienti at /home/agstudiodiital/public_html/magia/resources/views/admin/dashboard.blade.php:16)
[stacktrace]
#0 /home/agstudiodiital/public_html/magia/vendor/laravel/framework/src/Illuminate/Filesystem/Filesystem.php(123): require('/home/agstudiod...')
#1 /home/agstudiodiital/public_html/magia/vendor/laravel/framework/src/Illuminate/Filesystem/Filesystem.php(124): Illuminate\\Filesystem\\Filesystem::Illuminate\\Filesystem\\{closure}()
#2 /home/agstudiodiital/public_html/magia/vendor/laravel/framework/src/Illuminate/View/Engines/PhpEngine.php(58): Illuminate\\Filesystem\\Filesystem->getRequire()
#3 /home/agstudiodiital/public_html/magia/vendor/laravel/framework/src/Illuminate/View/Engines/CompilerEngine.php(72): Illuminate\\View\\Engines\\PhpEngine->evaluatePath()
#4 /home/agstudiodiital/public_html/magia/vendor/laravel/framework/src/Illuminate/View/View.php(207): Illuminate\\View\\Engines\\CompilerEngine->get()
#5 /home/agstudiodiital/public_html/magia/vendor/laravel/framework/src/Illuminate/View/View.php(190): Illuminate\\View\\View->getContents()
#6 /home/agstudiodiital/public_html/magia/vendor/laravel/framework/src/Illuminate/View/View.php(159): Illuminate\\View\\View->renderContents()
#7 /home/agstudiodiital/public_html/magia/vendor/laravel/framework/src/Illuminate/Http/Response.php(69): Illuminate\\View\\View->render()
#8 /home/agstudiodiital/public_html/magia/vendor/laravel/framework/src/Illuminate/Http/Response.php(35): Illuminate\\Http\\Response->setContent()
#9 /home/agstudiodiital/public_html/magia/vendor/laravel/framework/src/Illuminate/Routing/Router.php(918): Illuminate\\Http\\Response->__construct()
#10 /home/agstudiodiital/public_html/magia/vendor/laravel/framework/src/Illuminate/Routing/Router.php(885): Illuminate\\Routing\\Router::toResponse()
#11 /home/agstudiodiital/public_html/magia/vendor/laravel/framework/src/Illuminate/Routing/Router.php(806): Illuminate\\Routing\\Router->prepareResponse()
#12 /home/agstudiodiital/public_html/magia/vendor/laravel/framework/src/Illuminate/Pipeline/Pipeline.php(144): Illuminate\\Routing\\Router->Illuminate\\Routing\\{closure}()
#13 /home/agstudiodiital/public_html/magia/app/Http/Controllers/Admin/DashboardController.php(46): Illuminate\\Pipeline\\Pipeline->Illuminate\\Pipeline\\{closure}()
#14 /home/agstudiodiital/public_html/magia/vendor/laravel/framework/src/Illuminate/Pipeline/Pipeline.php(165): App\\Http\\Controllers\\Admin\\DashboardController->App\\Http\\Controllers\\Admin\\{closure}()
#15 /home/agstudiodiital/public_html/magia/vendor/laravel/framework/src/Illuminate/Routing/Middleware/SubstituteBindings.php(50): Illuminate\\Pipeline\\Pipeline->Illuminate\\Pipeline\\{closure}()
#16 /home/agstudiodiital/public_html/magia/vendor/laravel/framework/src/Illuminate/Pipeline/Pipeline.php(183): Illuminate\\Routing\\Middleware\\SubstituteBindings->handle()
#17 /home/agstudiodiital/public_html/magia/vendor/laravel/framework/src/Illuminate/Auth/Middleware/Authenticate.php(57): Illuminate\\Pipeline\\Pipeline->Illuminate\\Pipeline\\{closure}()
#18 /home/agstudiodiital/public_html/magia/vendor/laravel/framework/src/Illuminate/Pipeline/Pipeline.php(183): Illuminate\\Auth\\Middleware\\Authenticate->handle()
#19 /home/agstudiodiital/public_html/magia/vendor/laravel/framework/src/Illuminate/Foundation/Http/Middleware/VerifyCsrfToken.php(78): Illuminate\\Pipeline\\Pipeline->Illuminate\\Pipeline\\{closure}()
#20 /home/agstudiodiital/public_html/magia/vendor/laravel/framework/src/Illuminate/Pipeline/Pipeline.php(183): Illuminate\\Foundation\\Http\\Middleware\\VerifyCsrfToken->handle()
#21 /home/agstudiodiital/public_html/magia/vendor/laravel/framework/src/Illuminate/View/Middleware/ShareErrorsFromSession.php(49): Illuminate\\Pipeline\\Pipeline->Illuminate\\Pipeline\\{closure}()
#22 /home/agstudiodiital/public_html/magia/vendor/laravel/framework/src/Illuminate/Pipeline/Pipeline.php(183): Illuminate\\View\\Middleware\\ShareErrorsFromSession->handle()
#23 /home/agstudiodiital/public_html/magia/vendor/laravel/framework/src/Illuminate/Session/Middleware/StartSession.php(121): Illuminate\\Pipeline\\Pipeline->Illuminate\\Pipeline\\{closure}()
#24 /home/agstudiodiital/public_html/magia/vendor/laravel/framework/src/Illuminate/Session/Middleware/StartSession.php(64): Illuminate\\Session\\Middleware\\StartSession->handleStatefulRequest()
#25 /home/agstudiodiital/public_html/magia/vendor/laravel/framework/src/Illuminate/Pipeline/Pipeline.php(183): Illuminate\\Session\\Middleware\\StartSession->handle()
#26 /home/agstudiodiital/public_html/magia/vendor/laravel/framework/src/Illuminate/Cookie/Middleware/AddQueuedCookiesToResponse.php(37): Illuminate\\Pipeline\\Pipeline->Illuminate\\Pipeline\\{closure}()
#27 /home/agstudiodiital/public_html/magia/vendor/laravel/framework/src/Illuminate/Pipeline/Pipeline.php(183): Illuminate\\Cookie\\Middleware\\AddQueuedCookiesToResponse->handle()
#28 /home/agstudiodiital/public_html/magia/vendor/laravel/framework/src/Illuminate/Cookie/Middleware/EncryptCookies.php(67): Illuminate\\Pipeline\\Pipeline->Illuminate\\Pipeline\\{closure}()
#29 /home/agstudiodiital/public_html/magia/vendor/laravel/framework/src/Illuminate/Pipeline/Pipeline.php(183): Illuminate\\Cookie\\Middleware\\EncryptCookies->handle()
#30 /home/agstudiodiital/public_html/magia/vendor/laravel/framework/src/Illuminate/Pipeline/Pipeline.php(119): Illuminate\\Pipeline\\Pipeline->Illuminate\\Pipeline\\{closure}()
#31 /home/agstudiodiital/public_html/magia/vendor/laravel/framework/src/Illuminate/Routing/Router.php(807): Illuminate\\Pipeline\\Pipeline->then()
#32 /home/agstudiodiital/public_html/magia/vendor/laravel/framework/src/Illuminate/Routing/Router.php(784): Illuminate\\Routing\\Router->runRouteWithinStack()
#33 /home/agstudiodiital/public_html/magia/vendor/laravel/framework/src/Illuminate/Routing/Router.php(748): Illuminate\\Routing\\Router->runRoute()
#34 /home/agstudiodiital/public_html/magia/vendor/laravel/framework/src/Illuminate/Routing/Router.php(737): Illuminate\\Routing\\Router->dispatchToRoute()
#35 /home/agstudiodiital/public_html/magia/vendor/laravel/framework/src/Illuminate/Foundation/Http/Kernel.php(200): Illuminate\\Routing\\Router->dispatch()
#36 /home/agstudiodiital/public_html/magia/vendor/laravel/framework/src/Illuminate/Pipeline/Pipeline.php(144): Illuminate\\Foundation\\Http\\Kernel->Illuminate\\Foundation\\Http\\{closure}()
#37 /home/agstudiodiital/public_html/magia/vendor/laravel/framework/src/Illuminate/Foundation/Http/Middleware/TransformsRequest.php(21): Illuminate\\Pipeline\\Pipeline->Illuminate\\Pipeline\\{closure}()
#38 /home/agstudiodiital/public_html/magia/vendor/laravel/framework/src/Illuminate/Foundation/Http/Middleware/ConvertEmptyStringsToNull.php(31): Illuminate\\Foundation\\Http\\Middleware\\TransformsRequest->handle()
#39 /home/agstudiodiital/public_html/magia/vendor/laravel/framework/src/Illuminate/Pipeline/Pipeline.php(183): Illuminate\\Foundation\\Http\\Middleware\\ConvertEmptyStringsToNull->handle()
#40 /home/agstudiodiital/public_html/magia/vendor/laravel/framework/src/Illuminate/Foundation/Http/Middleware/TransformsRequest.php(21): Illuminate\\Pipeline\\Pipeline->Illuminate\\Pipeline\\{closure}()
#41 /home/agstudiodiital/public_html/magia/vendor/laravel/framework/src/Illuminate/Foundation/Http/Middleware/TrimStrings.php(40): Illuminate\\Foundation\\Http\\Middleware\\TransformsRequest->handle()
#42 /home/agstudiodiital/public_html/magia/vendor/laravel/framework/src/Illuminate/Pipeline/Pipeline.php(183): Illuminate\\Foundation\\Http\\Middleware\\TrimStrings->handle()
#43 /home/agstudiodiital/public_html/magia/vendor/laravel/framework/src/Illuminate/Foundation/Http/Middleware/ValidatePostSize.php(27): Illuminate\\Pipeline\\Pipeline->Illuminate\\Pipeline\\{closure}()
#44 /home/agstudiodiital/public_html/magia/vendor/laravel/framework/src/Illuminate/Pipeline/Pipeline.php(183): Illuminate\\Foundation\\Http\\Middleware\\ValidatePostSize->handle()
#45 /home/agstudiodiital/public_html/magia/vendor/laravel/framework/src/Illuminate/Foundation/Http/Middleware/PreventRequestsDuringMaintenance.php(99): Illuminate\\Pipeline\\Pipeline->Illuminate\\Pipeline\\{closure}()
#46 /home/agstudiodiital/public_html/magia/vendor/laravel/framework/src/Illuminate/Pipeline/Pipeline.php(183): Illuminate\\Foundation\\Http\\Middleware\\PreventRequestsDuringMaintenance->handle()
#47 /home/agstudiodiital/public_html/magia/vendor/laravel/framework/src/Illuminate/Http/Middleware/HandleCors.php(49): Illuminate\\Pipeline\\Pipeline->Illuminate\\Pipeline\\{closure}()
#48 /home/agstudiodiital/public_html/magia/vendor/laravel/framework/src/Illuminate/Pipeline/Pipeline.php(183): Illuminate\\Http\\Middleware\\HandleCors->handle()
#49 /home/agstudiodiital/public_html/magia/vendor/laravel/framework/src/Illuminate/Http/Middleware/TrustProxies.php(39): Illuminate\\Pipeline\\Pipeline->Illuminate\\Pipeline\\{closure}()
#50 /home/agstudiodiital/public_html/magia/vendor/laravel/framework/src/Illuminate/Pipeline/Pipeline.php(183): Illuminate\\Http\\Middleware\\TrustProxies->handle()
#51 /home/agstudiodiital/public_html/magia/vendor/laravel/framework/src/Illuminate/Pipeline/Pipeline.php(119): Illuminate\\Pipeline\\Pipeline->Illuminate\\Pipeline\\{closure}()
#52 /home/agstudiodiital/public_html/magia/vendor/laravel/framework/src/Illuminate/Foundation/Http/Kernel.php(175): Illuminate\\Pipeline\\Pipeline->then()
#53 /home/agstudiodiital/public_html/magia/vendor/laravel/framework/src/Illuminate/Foundation/Http/Kernel.php(144): Illuminate\\Foundation\\Http\\Kernel->sendRequestThroughRouter()
#54 /home/agstudiodiital/public_html/magia/public/index.php(52): Illuminate\\Foundation\\Http\\Kernel->handle()
#55 {main}

[previous exception] [object] (ErrorException(code: 0): Undefined variable $totaleClienti at /home/agstudiodiital/public_html/magia/storage/framework/views/a75176e0b179937379418d239b49e383.php:14)
[stacktrace]
#0 /home/agstudiodiital/public_html/magia/vendor/laravel/framework/src/Illuminate/Foundation/Bootstrap/HandleExceptions.php(255): Illuminate\\Foundation\\Bootstrap\\HandleExceptions->handleError()
#1 /home/agstudiodiital/public_html/magia/storage/framework/views/a75176e0b179937379418d239b49e383.php(14): Illuminate\\Foundation\\Bootstrap\\HandleExceptions->Illuminate\\Foundation\\Bootstrap\\{closure}()
#2 /home/agstudiodiital/public_html/magia/vendor/laravel/framework/src/Illuminate/Filesystem/Filesystem.php(123): require('/home/agstudiod...')
#3 /home/agstudiodiital/public_html/magia/vendor/laravel/framework/src/Illuminate/Filesystem/Filesystem.php(124): Illuminate\\Filesystem\\Filesystem::Illuminate\\Filesystem\\{closure}()
#4 /home/agstudiodiital/public_html/magia/vendor/laravel/framework/src/Illuminate/View/Engines/PhpEngine.php(58): Illuminate\\Filesystem\\Filesystem->getRequire()
#5 /home/agstudiodiital/public_html/magia/vendor/laravel/framework/src/Illuminate/View/Engines/CompilerEngine.php(72): Illuminate\\View\\Engines\\PhpEngine->evaluatePath()
#6 /home/agstudiodiital/public_html/magia/vendor/laravel/framework/src/Illuminate/View/View.php(207): Illuminate\\View\\Engines\\CompilerEngine->get()
#7 /home/agstudiodiital/public_html/magia/vendor/laravel/framework/src/Illuminate/View/View.php(190): Illuminate\\View\\View->getContents()
#8 /home/agstudiodiital/public_html/magia/vendor/laravel/framework/src/Illuminate/View/View.php(159): Illuminate\\View\\View->renderContents()
#9 /home/agstudiodiital/public_html/magia/vendor/laravel/framework/src/Illuminate/Http/Response.php(69): Illuminate\\View\\View->render()
#10 /home/agstudiodiital/public_html/magia/vendor/laravel/framework/src/Illuminate/Http/Response.php(35): Illuminate\\Http\\Response->setContent()
#11 /home/agstudiodiital/public_html/magia/vendor/laravel/framework/src/Illuminate/Routing/Router.php(918): Illuminate\\Http\\Response->__construct()
#12 /home/agstudiodiital/public_html/magia/vendor/laravel/framework/src/Illuminate/Routing/Router.php(885): Illuminate\\Routing\\Router::toResponse()
#13 /home/agstudiodiital/public_html/magia/vendor/laravel/framework/src/Illuminate/Routing/Router.php(806): Illuminate\\Routing\\Router->prepareResponse()
#14 /home/agstudiodiital/public_html/magia/vendor/laravel/framework/src/Illuminate/Pipeline/Pipeline.php(144): Illuminate\\Routing\\Router->Illuminate\\Routing\\{closure}()
#15 /home/agstudiodiital/public_html/magia/app/Http/Controllers/Admin/DashboardController.php(46): Illuminate\\Pipeline\\Pipeline->Illuminate\\Pipeline\\{closure}()
#16 /home/agstudiodiital/public_html/magia/vendor/laravel/framework/src/Illuminate/Pipeline/Pipeline.php(165): App\\Http\\Controllers\\Admin\\DashboardController->App\\Http\\Controllers\\Admin\\{closure}()
#17 /home/agstudiodiital/public_html/magia/vendor/laravel/framework/src/Illuminate/Routing/Middleware/SubstituteBindings.php(50): Illuminate\\Pipeline\\Pipeline->Illuminate\\Pipeline\\{closure}()
#18 /home/agstudiodiital/public_html/magia/vendor/laravel/framework/src/Illuminate/Pipeline/Pipeline.php(183): Illuminate\\Routing\\Middleware\\SubstituteBindings->handle()
#19 /home/agstudiodiital/public_html/magia/vendor/laravel/framework/src/Illuminate/Auth/Middleware/Authenticate.php(57): Illuminate\\Pipeline\\Pipeline->Illuminate\\Pipeline\\{closure}()
#20 /home/agstudiodiital/public_html/magia/vendor/laravel/framework/src/Illuminate/Pipeline/Pipeline.php(183): Illuminate\\Auth\\Middleware\\Authenticate->handle()
#21 /home/agstudiodiital/public_html/magia/vendor/laravel/framework/src/Illuminate/Foundation/Http/Middleware/VerifyCsrfToken.php(78): Illuminate\\Pipeline\\Pipeline->Illuminate\\Pipeline\\{closure}()
#22 /home/agstudiodiital/public_html/magia/vendor/laravel/framework/src/Illuminate/Pipeline/Pipeline.php(183): Illuminate\\Foundation\\Http\\Middleware\\VerifyCsrfToken->handle()
#23 /home/agstudiodiital/public_html/magia/vendor/laravel/framework/src/Illuminate/View/Middleware/ShareErrorsFromSession.php(49): Illuminate\\Pipeline\\Pipeline->Illuminate\\Pipeline\\{closure}()
#24 /home/agstudiodiital/public_html/magia/vendor/laravel/framework/src/Illuminate/Pipeline/Pipeline.php(183): Illuminate\\View\\Middleware\\ShareErrorsFromSession->handle()
#25 /home/agstudiodiital/public_html/magia/vendor/laravel/framework/src/Illuminate/Session/Middleware/StartSession.php(121): Illuminate\\Pipeline\\Pipeline->Illuminate\\Pipeline\\{closure}()
#26 /home/agstudiodiital/public_html/magia/vendor/laravel/framework/src/Illuminate/Session/Middleware/StartSession.php(64): Illuminate\\Session\\Middleware\\StartSession->handleStatefulRequest()
#27 /home/agstudiodiital/public_html/magia/vendor/laravel/framework/src/Illuminate/Pipeline/Pipeline.php(183): Illuminate\\Session\\Middleware\\StartSession->handle()
#28 /home/agstudiodiital/public_html/magia/vendor/laravel/framework/src/Illuminate/Cookie/Middleware/AddQueuedCookiesToResponse.php(37): Illuminate\\Pipeline\\Pipeline->Illuminate\\Pipeline\\{closure}()
#29 /home/agstudiodiital/public_html/magia/vendor/laravel/framework/src/Illuminate/Pipeline/Pipeline.php(183): Illuminate\\Cookie\\Middleware\\AddQueuedCookiesToResponse->handle()
#30 /home/agstudiodiital/public_html/magia/vendor/laravel/framework/src/Illuminate/Cookie/Middleware/EncryptCookies.php(67): Illuminate\\Pipeline\\Pipeline->Illuminate\\Pipeline\\{closure}()
#31 /home/agstudiodiital/public_html/magia/vendor/laravel/framework/src/Illuminate/Pipeline/Pipeline.php(183): Illuminate\\Cookie\\Middleware\\EncryptCookies->handle()
#32 /home/agstudiodiital/public_html/magia/vendor/laravel/framework/src/Illuminate/Pipeline/Pipeline.php(119): Illuminate\\Pipeline\\Pipeline->Illuminate\\Pipeline\\{closure}()
#33 /home/agstudiodiital/public_html/magia/vendor/laravel/framework/src/Illuminate/Routing/Router.php(807): Illuminate\\Pipeline\\Pipeline->then()
#34 /home/agstudiodiital/public_html/magia/vendor/laravel/framework/src/Illuminate/Routing/Router.php(784): Illuminate\\Routing\\Router->runRouteWithinStack()
#35 /home/agstudiodiital/public_html/magia/vendor/laravel/framework/src/Illuminate/Routing/Router.php(748): Illuminate\\Routing\\Router->runRoute()
#36 /home/agstudiodiital/public_html/magia/vendor/laravel/framework/src/Illuminate/Routing/Router.php(737): Illuminate\\Routing\\Router->dispatchToRoute()
#37 /home/agstudiodiital/public_html/magia/vendor/laravel/framework/src/Illuminate/Foundation/Http/Kernel.php(200): Illuminate\\Routing\\Router->dispatch()
#38 /home/agstudiodiital/public_html/magia/vendor/laravel/framework/src/Illuminate/Pipeline/Pipeline.php(144): Illuminate\\Foundation\\Http\\Kernel->Illuminate\\Foundation\\Http\\{closure}()
#39 /home/agstudiodiital/public_html/magia/vendor/laravel/framework/src/Illuminate/Foundation/Http/Middleware/TransformsRequest.php(21): Illuminate\\Pipeline\\Pipeline->Illuminate\\Pipeline\\{closure}()
#40 /home/agstudiodiital/public_html/magia/vendor/laravel/framework/src/Illuminate/Foundation/Http/Middleware/ConvertEmptyStringsToNull.php(31): Illuminate\\Foundation\\Http\\Middleware\\TransformsRequest->handle()
#41 /home/agstudiodiital/public_html/magia/vendor/laravel/framework/src/Illuminate/Pipeline/Pipeline.php(183): Illuminate\\Foundation\\Http\\Middleware\\ConvertEmptyStringsToNull->handle()
#42 /home/agstudiodiital/public_html/magia/vendor/laravel/framework/src/Illuminate/Foundation/Http/Middleware/TransformsRequest.php(21): Illuminate\\Pipeline\\Pipeline->Illuminate\\Pipeline\\{closure}()
#43 /home/agstudiodiital/public_html/magia/vendor/laravel/framework/src/Illuminate/Foundation/Http/Middleware/TrimStrings.php(40): Illuminate\\Foundation\\Http\\Middleware\\TransformsRequest->handle()
#44 /home/agstudiodiital/public_html/magia/vendor/laravel/framework/src/Illuminate/Pipeline/Pipeline.php(183): Illuminate\\Foundation\\Http\\Middleware\\TrimStrings->handle()
#45 /home/agstudiodiital/public_html/magia/vendor/laravel/framework/src/Illuminate/Foundation/Http/Middleware/ValidatePostSize.php(27): Illuminate\\Pipeline\\Pipeline->Illuminate\\Pipeline\\{closure}()
#46 /home/agstudiodiital/public_html/magia/vendor/laravel/framework/src/Illuminate/Pipeline/Pipeline.php(183): Illuminate\\Foundation\\Http\\Middleware\\ValidatePostSize->handle()
#47 /home/agstudiodiital/public_html/magia/vendor/laravel/framework/src/Illuminate/Foundation/Http/Middleware/PreventRequestsDuringMaintenance.php(99): Illuminate\\Pipeline\\Pipeline->Illuminate\\Pipeline\\{closure}()
#48 /home/agstudiodiital/public_html/magia/vendor/laravel/framework/src/Illuminate/Pipeline/Pipeline.php(183): Illuminate\\Foundation\\Http\\Middleware\\PreventRequestsDuringMaintenance->handle()
#49 /home/agstudiodiital/public_html/magia/vendor/laravel/framework/src/Illuminate/Http/Middleware/HandleCors.php(49): Illuminate\\Pipeline\\Pipeline->Illuminate\\Pipeline\\{closure}()
#50 /home/agstudiodiital/public_html/magia/vendor/laravel/framework/src/Illuminate/Pipeline/Pipeline.php(183): Illuminate\\Http\\Middleware\\HandleCors->handle()
#51 /home/agstudiodiital/public_html/magia/vendor/laravel/framework/src/Illuminate/Http/Middleware/TrustProxies.php(39): Illuminate\\Pipeline\\Pipeline->Illuminate\\Pipeline\\{closure}()
#52 /home/agstudiodiital/public_html/magia/vendor/laravel/framework/src/Illuminate/Pipeline/Pipeline.php(183): Illuminate\\Http\\Middleware\\TrustProxies->handle()
#53 /home/agstudiodiital/public_html/magia/vendor/laravel/framework/src/Illuminate/Pipeline/Pipeline.php(119): Illuminate\\Pipeline\\Pipeline->Illuminate\\Pipeline\\{closure}()
#54 /home/agstudiodiital/public_html/magia/vendor/laravel/framework/src/Illuminate/Foundation/Http/Kernel.php(175): Illuminate\\Pipeline\\Pipeline->then()
#55 /home/agstudiodiital/public_html/magia/vendor/laravel/framework/src/Illuminate/Foundation/Http/Kernel.php(144): Illuminate\\Foundation\\Http\\Kernel->sendRequestThroughRouter()
#56 /home/agstudiodiital/public_html/magia/public/index.php(52): Illuminate\\Foundation\\Http\\Kernel->handle()
#57 {main}
"} 
[2025-11-10 08:28:03] production.ERROR: Undefined variable $totaleClienti {"view":{"view":"/home/agstudiodiital/public_html/magia/resources/views/admin/dashboard.blade.php","data":[]},"userId":1,"exception":"[object] (Spatie\\LaravelIgnition\\Exceptions\\ViewException(code: 0): Undefined variable $totaleClienti at /home/agstudiodiital/public_html/magia/resources/views/admin/dashboard.blade.php:16)
[stacktrace]
#0 /home/agstudiodiital/public_html/magia/vendor/laravel/framework/src/Illuminate/Filesystem/Filesystem.php(123): require('/home/agstudiod...')
#1 /home/agstudiodiital/public_html/magia/vendor/laravel/framework/src/Illuminate/Filesystem/Filesystem.php(124): Illuminate\\Filesystem\\Filesystem::Illuminate\\Filesystem\\{closure}()
#2 /home/agstudiodiital/public_html/magia/vendor/laravel/framework/src/Illuminate/View/Engines/PhpEngine.php(58): Illuminate\\Filesystem\\Filesystem->getRequire()
#3 /home/agstudiodiital/public_html/magia/vendor/laravel/framework/src/Illuminate/View/Engines/CompilerEngine.php(72): Illuminate\\View\\Engines\\PhpEngine->evaluatePath()
#4 /home/agstudiodiital/public_html/magia/vendor/laravel/framework/src/Illuminate/View/View.php(207): Illuminate\\View\\Engines\\CompilerEngine->get()
#5 /home/agstudiodiital/public_html/magia/vendor/laravel/framework/src/Illuminate/View/View.php(190): Illuminate\\View\\View->getContents()
#6 /home/agstudiodiital/public_html/magia/vendor/laravel/framework/src/Illuminate/View/View.php(159): Illuminate\\View\\View->renderContents()
#7 /home/agstudiodiital/public_html/magia/vendor/laravel/framework/src/Illuminate/Http/Response.php(69): Illuminate\\View\\View->render()
#8 /home/agstudiodiital/public_html/magia/vendor/laravel/framework/src/Illuminate/Http/Response.php(35): Illuminate\\Http\\Response->setContent()
#9 /home/agstudiodiital/public_html/magia/vendor/laravel/framework/src/Illuminate/Routing/Router.php(918): Illuminate\\Http\\Response->__construct()
#10 /home/agstudiodiital/public_html/magia/vendor/laravel/framework/src/Illuminate/Routing/Router.php(885): Illuminate\\Routing\\Router::toResponse()
#11 /home/agstudiodiital/public_html/magia/vendor/laravel/framework/src/Illuminate/Routing/Router.php(806): Illuminate\\Routing\\Router->prepareResponse()
#12 /home/agstudiodiital/public_html/magia/vendor/laravel/framework/src/Illuminate/Pipeline/Pipeline.php(144): Illuminate\\Routing\\Router->Illuminate\\Routing\\{closure}()
#13 /home/agstudiodiital/public_html/magia/app/Http/Controllers/Admin/DashboardController.php(46): Illuminate\\Pipeline\\Pipeline->Illuminate\\Pipeline\\{closure}()
#14 /home/agstudiodiital/public_html/magia/vendor/laravel/framework/src/Illuminate/Pipeline/Pipeline.php(165): App\\Http\\Controllers\\Admin\\DashboardController->App\\Http\\Controllers\\Admin\\{closure}()
#15 /home/agstudiodiital/public_html/magia/vendor/laravel/framework/src/Illuminate/Routing/Middleware/SubstituteBindings.php(50): Illuminate\\Pipeline\\Pipeline->Illuminate\\Pipeline\\{closure}()
#16 /home/agstudiodiital/public_html/magia/vendor/laravel/framework/src/Illuminate/Pipeline/Pipeline.php(183): Illuminate\\Routing\\Middleware\\SubstituteBindings->handle()
#17 /home/agstudiodiital/public_html/magia/vendor/laravel/framework/src/Illuminate/Auth/Middleware/Authenticate.php(57): Illuminate\\Pipeline\\Pipeline->Illuminate\\Pipeline\\{closure}()
#18 /home/agstudiodiital/public_html/magia/vendor/laravel/framework/src/Illuminate/Pipeline/Pipeline.php(183): Illuminate\\Auth\\Middleware\\Authenticate->handle()
#19 /home/agstudiodiital/public_html/magia/vendor/laravel/framework/src/Illuminate/Foundation/Http/Middleware/VerifyCsrfToken.php(78): Illuminate\\Pipeline\\Pipeline->Illuminate\\Pipeline\\{closure}()
#20 /home/agstudiodiital/public_html/magia/vendor/laravel/framework/src/Illuminate/Pipeline/Pipeline.php(183): Illuminate\\Foundation\\Http\\Middleware\\VerifyCsrfToken->handle()
#21 /home/agstudiodiital/public_html/magia/vendor/laravel/framework/src/Illuminate/View/Middleware/ShareErrorsFromSession.php(49): Illuminate\\Pipeline\\Pipeline->Illuminate\\Pipeline\\{closure}()
#22 /home/agstudiodiital/public_html/magia/vendor/laravel/framework/src/Illuminate/Pipeline/Pipeline.php(183): Illuminate\\View\\Middleware\\ShareErrorsFromSession->handle()
#23 /home/agstudiodiital/public_html/magia/vendor/laravel/framework/src/Illuminate/Session/Middleware/StartSession.php(121): Illuminate\\Pipeline\\Pipeline->Illuminate\\Pipeline\\{closure}()
#24 /home/agstudiodiital/public_html/magia/vendor/laravel/framework/src/Illuminate/Session/Middleware/StartSession.php(64): Illuminate\\Session\\Middleware\\StartSession->handleStatefulRequest()
#25 /home/agstudiodiital/public_html/magia/vendor/laravel/framework/src/Illuminate/Pipeline/Pipeline.php(183): Illuminate\\Session\\Middleware\\StartSession->handle()
#26 /home/agstudiodiital/public_html/magia/vendor/laravel/framework/src/Illuminate/Cookie/Middleware/AddQueuedCookiesToResponse.php(37): Illuminate\\Pipeline\\Pipeline->Illuminate\\Pipeline\\{closure}()
#27 /home/agstudiodiital/public_html/magia/vendor/laravel/framework/src/Illuminate/Pipeline/Pipeline.php(183): Illuminate\\Cookie\\Middleware\\AddQueuedCookiesToResponse->handle()
#28 /home/agstudiodiital/public_html/magia/vendor/laravel/framework/src/Illuminate/Cookie/Middleware/EncryptCookies.php(67): Illuminate\\Pipeline\\Pipeline->Illuminate\\Pipeline\\{closure}()
#29 /home/agstudiodiital/public_html/magia/vendor/laravel/framework/src/Illuminate/Pipeline/Pipeline.php(183): Illuminate\\Cookie\\Middleware\\EncryptCookies->handle()
#30 /home/agstudiodiital/public_html/magia/vendor/laravel/framework/src/Illuminate/Pipeline/Pipeline.php(119): Illuminate\\Pipeline\\Pipeline->Illuminate\\Pipeline\\{closure}()
#31 /home/agstudiodiital/public_html/magia/vendor/laravel/framework/src/Illuminate/Routing/Router.php(807): Illuminate\\Pipeline\\Pipeline->then()
#32 /home/agstudiodiital/public_html/magia/vendor/laravel/framework/src/Illuminate/Routing/Router.php(784): Illuminate\\Routing\\Router->runRouteWithinStack()
#33 /home/agstudiodiital/public_html/magia/vendor/laravel/framework/src/Illuminate/Routing/Router.php(748): Illuminate\\Routing\\Router->runRoute()
#34 /home/agstudiodiital/public_html/magia/vendor/laravel/framework/src/Illuminate/Routing/Router.php(737): Illuminate\\Routing\\Router->dispatchToRoute()
#35 /home/agstudiodiital/public_html/magia/vendor/laravel/framework/src/Illuminate/Foundation/Http/Kernel.php(200): Illuminate\\Routing\\Router->dispatch()
#36 /home/agstudiodiital/public_html/magia/vendor/laravel/framework/src/Illuminate/Pipeline/Pipeline.php(144): Illuminate\\Foundation\\Http\\Kernel->Illuminate\\Foundation\\Http\\{closure}()
#37 /home/agstudiodiital/public_html/magia/vendor/laravel/framework/src/Illuminate/Foundation/Http/Middleware/TransformsRequest.php(21): Illuminate\\Pipeline\\Pipeline->Illuminate\\Pipeline\\{closure}()
#38 /home/agstudiodiital/public_html/magia/vendor/laravel/framework/src/Illuminate/Foundation/Http/Middleware/ConvertEmptyStringsToNull.php(31): Illuminate\\Foundation\\Http\\Middleware\\TransformsRequest->handle()
#39 /home/agstudiodiital/public_html/magia/vendor/laravel/framework/src/Illuminate/Pipeline/Pipeline.php(183): Illuminate\\Foundation\\Http\\Middleware\\ConvertEmptyStringsToNull->handle()
#40 /home/agstudiodiital/public_html/magia/vendor/laravel/framework/src/Illuminate/Foundation/Http/Middleware/TransformsRequest.php(21): Illuminate\\Pipeline\\Pipeline->Illuminate\\Pipeline\\{closure}()
#41 /home/agstudiodiital/public_html/magia/vendor/laravel/framework/src/Illuminate/Foundation/Http/Middleware/TrimStrings.php(40): Illuminate\\Foundation\\Http\\Middleware\\TransformsRequest->handle()
#42 /home/agstudiodiital/public_html/magia/vendor/laravel/framework/src/Illuminate/Pipeline/Pipeline.php(183): Illuminate\\Foundation\\Http\\Middleware\\TrimStrings->handle()
#43 /home/agstudiodiital/public_html/magia/vendor/laravel/framework/src/Illuminate/Foundation/Http/Middleware/ValidatePostSize.php(27): Illuminate\\Pipeline\\Pipeline->Illuminate\\Pipeline\\{closure}()
#44 /home/agstudiodiital/public_html/magia/vendor/laravel/framework/src/Illuminate/Pipeline/Pipeline.php(183): Illuminate\\Foundation\\Http\\Middleware\\ValidatePostSize->handle()
#45 /home/agstudiodiital/public_html/magia/vendor/laravel/framework/src/Illuminate/Foundation/Http/Middleware/PreventRequestsDuringMaintenance.php(99): Illuminate\\Pipeline\\Pipeline->Illuminate\\Pipeline\\{closure}()
#46 /home/agstudiodiital/public_html/magia/vendor/laravel/framework/src/Illuminate/Pipeline/Pipeline.php(183): Illuminate\\Foundation\\Http\\Middleware\\PreventRequestsDuringMaintenance->handle()
#47 /home/agstudiodiital/public_html/magia/vendor/laravel/framework/src/Illuminate/Http/Middleware/HandleCors.php(49): Illuminate\\Pipeline\\Pipeline->Illuminate\\Pipeline\\{closure}()
#48 /home/agstudiodiital/public_html/magia/vendor/laravel/framework/src/Illuminate/Pipeline/Pipeline.php(183): Illuminate\\Http\\Middleware\\HandleCors->handle()
#49 /home/agstudiodiital/public_html/magia/vendor/laravel/framework/src/Illuminate/Http/Middleware/TrustProxies.php(39): Illuminate\\Pipeline\\Pipeline->Illuminate\\Pipeline\\{closure}()
#50 /home/agstudiodiital/public_html/magia/vendor/laravel/framework/src/Illuminate/Pipeline/Pipeline.php(183): Illuminate\\Http\\Middleware\\TrustProxies->handle()
#51 /home/agstudiodiital/public_html/magia/vendor/laravel/framework/src/Illuminate/Pipeline/Pipeline.php(119): Illuminate\\Pipeline\\Pipeline->Illuminate\\Pipeline\\{closure}()
#52 /home/agstudiodiital/public_html/magia/vendor/laravel/framework/src/Illuminate/Foundation/Http/Kernel.php(175): Illuminate\\Pipeline\\Pipeline->then()
#53 /home/agstudiodiital/public_html/magia/vendor/laravel/framework/src/Illuminate/Foundation/Http/Kernel.php(144): Illuminate\\Foundation\\Http\\Kernel->sendRequestThroughRouter()
#54 /home/agstudiodiital/public_html/magia/public/index.php(52): Illuminate\\Foundation\\Http\\Kernel->handle()
#55 {main}

[previous exception] [object] (ErrorException(code: 0): Undefined variable $totaleClienti at /home/agstudiodiital/public_html/magia/storage/framework/views/a75176e0b179937379418d239b49e383.php:14)
[stacktrace]
#0 /home/agstudiodiital/public_html/magia/vendor/laravel/framework/src/Illuminate/Foundation/Bootstrap/HandleExceptions.php(255): Illuminate\\Foundation\\Bootstrap\\HandleExceptions->handleError()
#1 /home/agstudiodiital/public_html/magia/storage/framework/views/a75176e0b179937379418d239b49e383.php(14): Illuminate\\Foundation\\Bootstrap\\HandleExceptions->Illuminate\\Foundation\\Bootstrap\\{closure}()
#2 /home/agstudiodiital/public_html/magia/vendor/laravel/framework/src/Illuminate/Filesystem/Filesystem.php(123): require('/home/agstudiod...')
#3 /home/agstudiodiital/public_html/magia/vendor/laravel/framework/src/Illuminate/Filesystem/Filesystem.php(124): Illuminate\\Filesystem\\Filesystem::Illuminate\\Filesystem\\{closure}()
#4 /home/agstudiodiital/public_html/magia/vendor/laravel/framework/src/Illuminate/View/Engines/PhpEngine.php(58): Illuminate\\Filesystem\\Filesystem->getRequire()
#5 /home/agstudiodiital/public_html/magia/vendor/laravel/framework/src/Illuminate/View/Engines/CompilerEngine.php(72): Illuminate\\View\\Engines\\PhpEngine->evaluatePath()
#6 /home/agstudiodiital/public_html/magia/vendor/laravel/framework/src/Illuminate/View/View.php(207): Illuminate\\View\\Engines\\CompilerEngine->get()
#7 /home/agstudiodiital/public_html/magia/vendor/laravel/framework/src/Illuminate/View/View.php(190): Illuminate\\View\\View->getContents()
#8 /home/agstudiodiital/public_html/magia/vendor/laravel/framework/src/Illuminate/View/View.php(159): Illuminate\\View\\View->renderContents()
#9 /home/agstudiodiital/public_html/magia/vendor/laravel/framework/src/Illuminate/Http/Response.php(69): Illuminate\\View\\View->render()
#10 /home/agstudiodiital/public_html/magia/vendor/laravel/framework/src/Illuminate/Http/Response.php(35): Illuminate\\Http\\Response->setContent()
#11 /home/agstudiodiital/public_html/magia/vendor/laravel/framework/src/Illuminate/Routing/Router.php(918): Illuminate\\Http\\Response->__construct()
#12 /home/agstudiodiital/public_html/magia/vendor/laravel/framework/src/Illuminate/Routing/Router.php(885): Illuminate\\Routing\\Router::toResponse()
#13 /home/agstudiodiital/public_html/magia/vendor/laravel/framework/src/Illuminate/Routing/Router.php(806): Illuminate\\Routing\\Router->prepareResponse()
#14 /home/agstudiodiital/public_html/magia/vendor/laravel/framework/src/Illuminate/Pipeline/Pipeline.php(144): Illuminate\\Routing\\Router->Illuminate\\Routing\\{closure}()
#15 /home/agstudiodiital/public_html/magia/app/Http/Controllers/Admin/DashboardController.php(46): Illuminate\\Pipeline\\Pipeline->Illuminate\\Pipeline\\{closure}()
#16 /home/agstudiodiital/public_html/magia/vendor/laravel/framework/src/Illuminate/Pipeline/Pipeline.php(165): App\\Http\\Controllers\\Admin\\DashboardController->App\\Http\\Controllers\\Admin\\{closure}()
#17 /home/agstudiodiital/public_html/magia/vendor/laravel/framework/src/Illuminate/Routing/Middleware/SubstituteBindings.php(50): Illuminate\\Pipeline\\Pipeline->Illuminate\\Pipeline\\{closure}()
#18 /home/agstudiodiital/public_html/magia/vendor/laravel/framework/src/Illuminate/Pipeline/Pipeline.php(183): Illuminate\\Routing\\Middleware\\SubstituteBindings->handle()
#19 /home/agstudiodiital/public_html/magia/vendor/laravel/framework/src/Illuminate/Auth/Middleware/Authenticate.php(57): Illuminate\\Pipeline\\Pipeline->Illuminate\\Pipeline\\{closure}()
#20 /home/agstudiodiital/public_html/magia/vendor/laravel/framework/src/Illuminate/Pipeline/Pipeline.php(183): Illuminate\\Auth\\Middleware\\Authenticate->handle()
#21 /home/agstudiodiital/public_html/magia/vendor/laravel/framework/src/Illuminate/Foundation/Http/Middleware/VerifyCsrfToken.php(78): Illuminate\\Pipeline\\Pipeline->Illuminate\\Pipeline\\{closure}()
#22 /home/agstudiodiital/public_html/magia/vendor/laravel/framework/src/Illuminate/Pipeline/Pipeline.php(183): Illuminate\\Foundation\\Http\\Middleware\\VerifyCsrfToken->handle()
#23 /home/agstudiodiital/public_html/magia/vendor/laravel/framework/src/Illuminate/View/Middleware/ShareErrorsFromSession.php(49): Illuminate\\Pipeline\\Pipeline->Illuminate\\Pipeline\\{closure}()
#24 /home/agstudiodiital/public_html/magia/vendor/laravel/framework/src/Illuminate/Pipeline/Pipeline.php(183): Illuminate\\View\\Middleware\\ShareErrorsFromSession->handle()
#25 /home/agstudiodiital/public_html/magia/vendor/laravel/framework/src/Illuminate/Session/Middleware/StartSession.php(121): Illuminate\\Pipeline\\Pipeline->Illuminate\\Pipeline\\{closure}()
#26 /home/agstudiodiital/public_html/magia/vendor/laravel/framework/src/Illuminate/Session/Middleware/StartSession.php(64): Illuminate\\Session\\Middleware\\StartSession->handleStatefulRequest()
#27 /home/agstudiodiital/public_html/magia/vendor/laravel/framework/src/Illuminate/Pipeline/Pipeline.php(183): Illuminate\\Session\\Middleware\\StartSession->handle()
#28 /home/agstudiodiital/public_html/magia/vendor/laravel/framework/src/Illuminate/Cookie/Middleware/AddQueuedCookiesToResponse.php(37): Illuminate\\Pipeline\\Pipeline->Illuminate\\Pipeline\\{closure}()
#29 /home/agstudiodiital/public_html/magia/vendor/laravel/framework/src/Illuminate/Pipeline/Pipeline.php(183): Illuminate\\Cookie\\Middleware\\AddQueuedCookiesToResponse->handle()
#30 /home/agstudiodiital/public_html/magia/vendor/laravel/framework/src/Illuminate/Cookie/Middleware/EncryptCookies.php(67): Illuminate\\Pipeline\\Pipeline->Illuminate\\Pipeline\\{closure}()
#31 /home/agstudiodiital/public_html/magia/vendor/laravel/framework/src/Illuminate/Pipeline/Pipeline.php(183): Illuminate\\Cookie\\Middleware\\EncryptCookies->handle()
#32 /home/agstudiodiital/public_html/magia/vendor/laravel/framework/src/Illuminate/Pipeline/Pipeline.php(119): Illuminate\\Pipeline\\Pipeline->Illuminate\\Pipeline\\{closure}()
#33 /home/agstudiodiital/public_html/magia/vendor/laravel/framework/src/Illuminate/Routing/Router.php(807): Illuminate\\Pipeline\\Pipeline->then()
#34 /home/agstudiodiital/public_html/magia/vendor/laravel/framework/src/Illuminate/Routing/Router.php(784): Illuminate\\Routing\\Router->runRouteWithinStack()
#35 /home/agstudiodiital/public_html/magia/vendor/laravel/framework/src/Illuminate/Routing/Router.php(748): Illuminate\\Routing\\Router->runRoute()
#36 /home/agstudiodiital/public_html/magia/vendor/laravel/framework/src/Illuminate/Routing/Router.php(737): Illuminate\\Routing\\Router->dispatchToRoute()
#37 /home/agstudiodiital/public_html/magia/vendor/laravel/framework/src/Illuminate/Foundation/Http/Kernel.php(200): Illuminate\\Routing\\Router->dispatch()
#38 /home/agstudiodiital/public_html/magia/vendor/laravel/framework/src/Illuminate/Pipeline/Pipeline.php(144): Illuminate\\Foundation\\Http\\Kernel->Illuminate\\Foundation\\Http\\{closure}()
#39 /home/agstudiodiital/public_html/magia/vendor/laravel/framework/src/Illuminate/Foundation/Http/Middleware/TransformsRequest.php(21): Illuminate\\Pipeline\\Pipeline->Illuminate\\Pipeline\\{closure}()
#40 /home/agstudiodiital/public_html/magia/vendor/laravel/framework/src/Illuminate/Foundation/Http/Middleware/ConvertEmptyStringsToNull.php(31): Illuminate\\Foundation\\Http\\Middleware\\TransformsRequest->handle()
#41 /home/agstudiodiital/public_html/magia/vendor/laravel/framework/src/Illuminate/Pipeline/Pipeline.php(183): Illuminate\\Foundation\\Http\\Middleware\\ConvertEmptyStringsToNull->handle()
#42 /home/agstudiodiital/public_html/magia/vendor/laravel/framework/src/Illuminate/Foundation/Http/Middleware/TransformsRequest.php(21): Illuminate\\Pipeline\\Pipeline->Illuminate\\Pipeline\\{closure}()
#43 /home/agstudiodiital/public_html/magia/vendor/laravel/framework/src/Illuminate/Foundation/Http/Middleware/TrimStrings.php(40): Illuminate\\Foundation\\Http\\Middleware\\TransformsRequest->handle()
#44 /home/agstudiodiital/public_html/magia/vendor/laravel/framework/src/Illuminate/Pipeline/Pipeline.php(183): Illuminate\\Foundation\\Http\\Middleware\\TrimStrings->handle()
#45 /home/agstudiodiital/public_html/magia/vendor/laravel/framework/src/Illuminate/Foundation/Http/Middleware/ValidatePostSize.php(27): Illuminate\\Pipeline\\Pipeline->Illuminate\\Pipeline\\{closure}()
#46 /home/agstudiodiital/public_html/magia/vendor/laravel/framework/src/Illuminate/Pipeline/Pipeline.php(183): Illuminate\\Foundation\\Http\\Middleware\\ValidatePostSize->handle()
#47 /home/agstudiodiital/public_html/magia/vendor/laravel/framework/src/Illuminate/Foundation/Http/Middleware/PreventRequestsDuringMaintenance.php(99): Illuminate\\Pipeline\\Pipeline->Illuminate\\Pipeline\\{closure}()
#48 /home/agstudiodiital/public_html/magia/vendor/laravel/framework/src/Illuminate/Pipeline/Pipeline.php(183): Illuminate\\Foundation\\Http\\Middleware\\PreventRequestsDuringMaintenance->handle()
#49 /home/agstudiodiital/public_html/magia/vendor/laravel/framework/src/Illuminate/Http/Middleware/HandleCors.php(49): Illuminate\\Pipeline\\Pipeline->Illuminate\\Pipeline\\{closure}()
#50 /home/agstudiodiital/public_html/magia/vendor/laravel/framework/src/Illuminate/Pipeline/Pipeline.php(183): Illuminate\\Http\\Middleware\\HandleCors->handle()
#51 /home/agstudiodiital/public_html/magia/vendor/laravel/framework/src/Illuminate/Http/Middleware/TrustProxies.php(39): Illuminate\\Pipeline\\Pipeline->Illuminate\\Pipeline\\{closure}()
#52 /home/agstudiodiital/public_html/magia/vendor/laravel/framework/src/Illuminate/Pipeline/Pipeline.php(183): Illuminate\\Http\\Middleware\\TrustProxies->handle()
#53 /home/agstudiodiital/public_html/magia/vendor/laravel/framework/src/Illuminate/Pipeline/Pipeline.php(119): Illuminate\\Pipeline\\Pipeline->Illuminate\\Pipeline\\{closure}()
#54 /home/agstudiodiital/public_html/magia/vendor/laravel/framework/src/Illuminate/Foundation/Http/Kernel.php(175): Illuminate\\Pipeline\\Pipeline->then()
#55 /home/agstudiodiital/public_html/magia/vendor/laravel/framework/src/Illuminate/Foundation/Http/Kernel.php(144): Illuminate\\Foundation\\Http\\Kernel->sendRequestThroughRouter()
#56 /home/agstudiodiital/public_html/magia/public/index.php(52): Illuminate\\Foundation\\Http\\Kernel->handle()
#57 {main}
"} 
[2025-11-10 08:28:56] production.ERROR: Undefined variable $totaleClienti {"view":{"view":"/home/agstudiodiital/public_html/magia/resources/views/admin/dashboard.blade.php","data":[]},"userId":1,"exception":"[object] (Spatie\\LaravelIgnition\\Exceptions\\ViewException(code: 0): Undefined variable $totaleClienti at /home/agstudiodiital/public_html/magia/resources/views/admin/dashboard.blade.php:16)
[stacktrace]
#0 /home/agstudiodiital/public_html/magia/vendor/laravel/framework/src/Illuminate/Filesystem/Filesystem.php(123): require('/home/agstudiod...')
#1 /home/agstudiodiital/public_html/magia/vendor/laravel/framework/src/Illuminate/Filesystem/Filesystem.php(124): Illuminate\\Filesystem\\Filesystem::Illuminate\\Filesystem\\{closure}()
#2 /home/agstudiodiital/public_html/magia/vendor/laravel/framework/src/Illuminate/View/Engines/PhpEngine.php(58): Illuminate\\Filesystem\\Filesystem->getRequire()
#3 /home/agstudiodiital/public_html/magia/vendor/laravel/framework/src/Illuminate/View/Engines/CompilerEngine.php(72): Illuminate\\View\\Engines\\PhpEngine->evaluatePath()
#4 /home/agstudiodiital/public_html/magia/vendor/laravel/framework/src/Illuminate/View/View.php(207): Illuminate\\View\\Engines\\CompilerEngine->get()
#5 /home/agstudiodiital/public_html/magia/vendor/laravel/framework/src/Illuminate/View/View.php(190): Illuminate\\View\\View->getContents()
#6 /home/agstudiodiital/public_html/magia/vendor/laravel/framework/src/Illuminate/View/View.php(159): Illuminate\\View\\View->renderContents()
#7 /home/agstudiodiital/public_html/magia/vendor/laravel/framework/src/Illuminate/Http/Response.php(69): Illuminate\\View\\View->render()
#8 /home/agstudiodiital/public_html/magia/vendor/laravel/framework/src/Illuminate/Http/Response.php(35): Illuminate\\Http\\Response->setContent()
#9 /home/agstudiodiital/public_html/magia/vendor/laravel/framework/src/Illuminate/Routing/Router.php(918): Illuminate\\Http\\Response->__construct()
#10 /home/agstudiodiital/public_html/magia/vendor/laravel/framework/src/Illuminate/Routing/Router.php(885): Illuminate\\Routing\\Router::toResponse()
#11 /home/agstudiodiital/public_html/magia/vendor/laravel/framework/src/Illuminate/Routing/Router.php(806): Illuminate\\Routing\\Router->prepareResponse()
#12 /home/agstudiodiital/public_html/magia/vendor/laravel/framework/src/Illuminate/Pipeline/Pipeline.php(144): Illuminate\\Routing\\Router->Illuminate\\Routing\\{closure}()
#13 /home/agstudiodiital/public_html/magia/app/Http/Controllers/Admin/DashboardController.php(46): Illuminate\\Pipeline\\Pipeline->Illuminate\\Pipeline\\{closure}()
#14 /home/agstudiodiital/public_html/magia/vendor/laravel/framework/src/Illuminate/Pipeline/Pipeline.php(165): App\\Http\\Controllers\\Admin\\DashboardController->App\\Http\\Controllers\\Admin\\{closure}()
#15 /home/agstudiodiital/public_html/magia/vendor/laravel/framework/src/Illuminate/Routing/Middleware/SubstituteBindings.php(50): Illuminate\\Pipeline\\Pipeline->Illuminate\\Pipeline\\{closure}()
#16 /home/agstudiodiital/public_html/magia/vendor/laravel/framework/src/Illuminate/Pipeline/Pipeline.php(183): Illuminate\\Routing\\Middleware\\SubstituteBindings->handle()
#17 /home/agstudiodiital/public_html/magia/vendor/laravel/framework/src/Illuminate/Auth/Middleware/Authenticate.php(57): Illuminate\\Pipeline\\Pipeline->Illuminate\\Pipeline\\{closure}()
#18 /home/agstudiodiital/public_html/magia/vendor/laravel/framework/src/Illuminate/Pipeline/Pipeline.php(183): Illuminate\\Auth\\Middleware\\Authenticate->handle()
#19 /home/agstudiodiital/public_html/magia/vendor/laravel/framework/src/Illuminate/Foundation/Http/Middleware/VerifyCsrfToken.php(78): Illuminate\\Pipeline\\Pipeline->Illuminate\\Pipeline\\{closure}()
#20 /home/agstudiodiital/public_html/magia/vendor/laravel/framework/src/Illuminate/Pipeline/Pipeline.php(183): Illuminate\\Foundation\\Http\\Middleware\\VerifyCsrfToken->handle()
#21 /home/agstudiodiital/public_html/magia/vendor/laravel/framework/src/Illuminate/View/Middleware/ShareErrorsFromSession.php(49): Illuminate\\Pipeline\\Pipeline->Illuminate\\Pipeline\\{closure}()
#22 /home/agstudiodiital/public_html/magia/vendor/laravel/framework/src/Illuminate/Pipeline/Pipeline.php(183): Illuminate\\View\\Middleware\\ShareErrorsFromSession->handle()
#23 /home/agstudiodiital/public_html/magia/vendor/laravel/framework/src/Illuminate/Session/Middleware/StartSession.php(121): Illuminate\\Pipeline\\Pipeline->Illuminate\\Pipeline\\{closure}()
#24 /home/agstudiodiital/public_html/magia/vendor/laravel/framework/src/Illuminate/Session/Middleware/StartSession.php(64): Illuminate\\Session\\Middleware\\StartSession->handleStatefulRequest()
#25 /home/agstudiodiital/public_html/magia/vendor/laravel/framework/src/Illuminate/Pipeline/Pipeline.php(183): Illuminate\\Session\\Middleware\\StartSession->handle()
#26 /home/agstudiodiital/public_html/magia/vendor/laravel/framework/src/Illuminate/Cookie/Middleware/AddQueuedCookiesToResponse.php(37): Illuminate\\Pipeline\\Pipeline->Illuminate\\Pipeline\\{closure}()
#27 /home/agstudiodiital/public_html/magia/vendor/laravel/framework/src/Illuminate/Pipeline/Pipeline.php(183): Illuminate\\Cookie\\Middleware\\AddQueuedCookiesToResponse->handle()
#28 /home/agstudiodiital/public_html/magia/vendor/laravel/framework/src/Illuminate/Cookie/Middleware/EncryptCookies.php(67): Illuminate\\Pipeline\\Pipeline->Illuminate\\Pipeline\\{closure}()
#29 /home/agstudiodiital/public_html/magia/vendor/laravel/framework/src/Illuminate/Pipeline/Pipeline.php(183): Illuminate\\Cookie\\Middleware\\EncryptCookies->handle()
#30 /home/agstudiodiital/public_html/magia/vendor/laravel/framework/src/Illuminate/Pipeline/Pipeline.php(119): Illuminate\\Pipeline\\Pipeline->Illuminate\\Pipeline\\{closure}()
#31 /home/agstudiodiital/public_html/magia/vendor/laravel/framework/src/Illuminate/Routing/Router.php(807): Illuminate\\Pipeline\\Pipeline->then()
#32 /home/agstudiodiital/public_html/magia/vendor/laravel/framework/src/Illuminate/Routing/Router.php(784): Illuminate\\Routing\\Router->runRouteWithinStack()
#33 /home/agstudiodiital/public_html/magia/vendor/laravel/framework/src/Illuminate/Routing/Router.php(748): Illuminate\\Routing\\Router->runRoute()
#34 /home/agstudiodiital/public_html/magia/vendor/laravel/framework/src/Illuminate/Routing/Router.php(737): Illuminate\\Routing\\Router->dispatchToRoute()
#35 /home/agstudiodiital/public_html/magia/vendor/laravel/framework/src/Illuminate/Foundation/Http/Kernel.php(200): Illuminate\\Routing\\Router->dispatch()
#36 /home/agstudiodiital/public_html/magia/vendor/laravel/framework/src/Illuminate/Pipeline/Pipeline.php(144): Illuminate\\Foundation\\Http\\Kernel->Illuminate\\Foundation\\Http\\{closure}()
#37 /home/agstudiodiital/public_html/magia/vendor/laravel/framework/src/Illuminate/Foundation/Http/Middleware/TransformsRequest.php(21): Illuminate\\Pipeline\\Pipeline->Illuminate\\Pipeline\\{closure}()
#38 /home/agstudiodiital/public_html/magia/vendor/laravel/framework/src/Illuminate/Foundation/Http/Middleware/ConvertEmptyStringsToNull.php(31): Illuminate\\Foundation\\Http\\Middleware\\TransformsRequest->handle()
#39 /home/agstudiodiital/public_html/magia/vendor/laravel/framework/src/Illuminate/Pipeline/Pipeline.php(183): Illuminate\\Foundation\\Http\\Middleware\\ConvertEmptyStringsToNull->handle()
#40 /home/agstudiodiital/public_html/magia/vendor/laravel/framework/src/Illuminate/Foundation/Http/Middleware/TransformsRequest.php(21): Illuminate\\Pipeline\\Pipeline->Illuminate\\Pipeline\\{closure}()
#41 /home/agstudiodiital/public_html/magia/vendor/laravel/framework/src/Illuminate/Foundation/Http/Middleware/TrimStrings.php(40): Illuminate\\Foundation\\Http\\Middleware\\TransformsRequest->handle()
#42 /home/agstudiodiital/public_html/magia/vendor/laravel/framework/src/Illuminate/Pipeline/Pipeline.php(183): Illuminate\\Foundation\\Http\\Middleware\\TrimStrings->handle()
#43 /home/agstudiodiital/public_html/magia/vendor/laravel/framework/src/Illuminate/Foundation/Http/Middleware/ValidatePostSize.php(27): Illuminate\\Pipeline\\Pipeline->Illuminate\\Pipeline\\{closure}()
#44 /home/agstudiodiital/public_html/magia/vendor/laravel/framework/src/Illuminate/Pipeline/Pipeline.php(183): Illuminate\\Foundation\\Http\\Middleware\\ValidatePostSize->handle()
#45 /home/agstudiodiital/public_html/magia/vendor/laravel/framework/src/Illuminate/Foundation/Http/Middleware/PreventRequestsDuringMaintenance.php(99): Illuminate\\Pipeline\\Pipeline->Illuminate\\Pipeline\\{closure}()
#46 /home/agstudiodiital/public_html/magia/vendor/laravel/framework/src/Illuminate/Pipeline/Pipeline.php(183): Illuminate\\Foundation\\Http\\Middleware\\PreventRequestsDuringMaintenance->handle()
#47 /home/agstudiodiital/public_html/magia/vendor/laravel/framework/src/Illuminate/Http/Middleware/HandleCors.php(49): Illuminate\\Pipeline\\Pipeline->Illuminate\\Pipeline\\{closure}()
#48 /home/agstudiodiital/public_html/magia/vendor/laravel/framework/src/Illuminate/Pipeline/Pipeline.php(183): Illuminate\\Http\\Middleware\\HandleCors->handle()
#49 /home/agstudiodiital/public_html/magia/vendor/laravel/framework/src/Illuminate/Http/Middleware/TrustProxies.php(39): Illuminate\\Pipeline\\Pipeline->Illuminate\\Pipeline\\{closure}()
#50 /home/agstudiodiital/public_html/magia/vendor/laravel/framework/src/Illuminate/Pipeline/Pipeline.php(183): Illuminate\\Http\\Middleware\\TrustProxies->handle()
#51 /home/agstudiodiital/public_html/magia/vendor/laravel/framework/src/Illuminate/Pipeline/Pipeline.php(119): Illuminate\\Pipeline\\Pipeline->Illuminate\\Pipeline\\{closure}()
#52 /home/agstudiodiital/public_html/magia/vendor/laravel/framework/src/Illuminate/Foundation/Http/Kernel.php(175): Illuminate\\Pipeline\\Pipeline->then()
#53 /home/agstudiodiital/public_html/magia/vendor/laravel/framework/src/Illuminate/Foundation/Http/Kernel.php(144): Illuminate\\Foundation\\Http\\Kernel->sendRequestThroughRouter()
#54 /home/agstudiodiital/public_html/magia/public/index.php(52): Illuminate\\Foundation\\Http\\Kernel->handle()
#55 {main}

[previous exception] [object] (ErrorException(code: 0): Undefined variable $totaleClienti at /home/agstudiodiital/public_html/magia/storage/framework/views/a75176e0b179937379418d239b49e383.php:14)
[stacktrace]
#0 /home/agstudiodiital/public_html/magia/vendor/laravel/framework/src/Illuminate/Foundation/Bootstrap/HandleExceptions.php(255): Illuminate\\Foundation\\Bootstrap\\HandleExceptions->handleError()
#1 /home/agstudiodiital/public_html/magia/storage/framework/views/a75176e0b179937379418d239b49e383.php(14): Illuminate\\Foundation\\Bootstrap\\HandleExceptions->Illuminate\\Foundation\\Bootstrap\\{closure}()
#2 /home/agstudiodiital/public_html/magia/vendor/laravel/framework/src/Illuminate/Filesystem/Filesystem.php(123): require('/home/agstudiod...')
#3 /home/agstudiodiital/public_html/magia/vendor/laravel/framework/src/Illuminate/Filesystem/Filesystem.php(124): Illuminate\\Filesystem\\Filesystem::Illuminate\\Filesystem\\{closure}()
#4 /home/agstudiodiital/public_html/magia/vendor/laravel/framework/src/Illuminate/View/Engines/PhpEngine.php(58): Illuminate\\Filesystem\\Filesystem->getRequire()
#5 /home/agstudiodiital/public_html/magia/vendor/laravel/framework/src/Illuminate/View/Engines/CompilerEngine.php(72): Illuminate\\View\\Engines\\PhpEngine->evaluatePath()
#6 /home/agstudiodiital/public_html/magia/vendor/laravel/framework/src/Illuminate/View/View.php(207): Illuminate\\View\\Engines\\CompilerEngine->get()
#7 /home/agstudiodiital/public_html/magia/vendor/laravel/framework/src/Illuminate/View/View.php(190): Illuminate\\View\\View->getContents()
#8 /home/agstudiodiital/public_html/magia/vendor/laravel/framework/src/Illuminate/View/View.php(159): Illuminate\\View\\View->renderContents()
#9 /home/agstudiodiital/public_html/magia/vendor/laravel/framework/src/Illuminate/Http/Response.php(69): Illuminate\\View\\View->render()
#10 /home/agstudiodiital/public_html/magia/vendor/laravel/framework/src/Illuminate/Http/Response.php(35): Illuminate\\Http\\Response->setContent()
#11 /home/agstudiodiital/public_html/magia/vendor/laravel/framework/src/Illuminate/Routing/Router.php(918): Illuminate\\Http\\Response->__construct()
#12 /home/agstudiodiital/public_html/magia/vendor/laravel/framework/src/Illuminate/Routing/Router.php(885): Illuminate\\Routing\\Router::toResponse()
#13 /home/agstudiodiital/public_html/magia/vendor/laravel/framework/src/Illuminate/Routing/Router.php(806): Illuminate\\Routing\\Router->prepareResponse()
#14 /home/agstudiodiital/public_html/magia/vendor/laravel/framework/src/Illuminate/Pipeline/Pipeline.php(144): Illuminate\\Routing\\Router->Illuminate\\Routing\\{closure}()
#15 /home/agstudiodiital/public_html/magia/app/Http/Controllers/Admin/DashboardController.php(46): Illuminate\\Pipeline\\Pipeline->Illuminate\\Pipeline\\{closure}()
#16 /home/agstudiodiital/public_html/magia/vendor/laravel/framework/src/Illuminate/Pipeline/Pipeline.php(165): App\\Http\\Controllers\\Admin\\DashboardController->App\\Http\\Controllers\\Admin\\{closure}()
#17 /home/agstudiodiital/public_html/magia/vendor/laravel/framework/src/Illuminate/Routing/Middleware/SubstituteBindings.php(50): Illuminate\\Pipeline\\Pipeline->Illuminate\\Pipeline\\{closure}()
#18 /home/agstudiodiital/public_html/magia/vendor/laravel/framework/src/Illuminate/Pipeline/Pipeline.php(183): Illuminate\\Routing\\Middleware\\SubstituteBindings->handle()
#19 /home/agstudiodiital/public_html/magia/vendor/laravel/framework/src/Illuminate/Auth/Middleware/Authenticate.php(57): Illuminate\\Pipeline\\Pipeline->Illuminate\\Pipeline\\{closure}()
#20 /home/agstudiodiital/public_html/magia/vendor/laravel/framework/src/Illuminate/Pipeline/Pipeline.php(183): Illuminate\\Auth\\Middleware\\Authenticate->handle()
#21 /home/agstudiodiital/public_html/magia/vendor/laravel/framework/src/Illuminate/Foundation/Http/Middleware/VerifyCsrfToken.php(78): Illuminate\\Pipeline\\Pipeline->Illuminate\\Pipeline\\{closure}()
#22 /home/agstudiodiital/public_html/magia/vendor/laravel/framework/src/Illuminate/Pipeline/Pipeline.php(183): Illuminate\\Foundation\\Http\\Middleware\\VerifyCsrfToken->handle()
#23 /home/agstudiodiital/public_html/magia/vendor/laravel/framework/src/Illuminate/View/Middleware/ShareErrorsFromSession.php(49): Illuminate\\Pipeline\\Pipeline->Illuminate\\Pipeline\\{closure}()
#24 /home/agstudiodiital/public_html/magia/vendor/laravel/framework/src/Illuminate/Pipeline/Pipeline.php(183): Illuminate\\View\\Middleware\\ShareErrorsFromSession->handle()
#25 /home/agstudiodiital/public_html/magia/vendor/laravel/framework/src/Illuminate/Session/Middleware/StartSession.php(121): Illuminate\\Pipeline\\Pipeline->Illuminate\\Pipeline\\{closure}()
#26 /home/agstudiodiital/public_html/magia/vendor/laravel/framework/src/Illuminate/Session/Middleware/StartSession.php(64): Illuminate\\Session\\Middleware\\StartSession->handleStatefulRequest()
#27 /home/agstudiodiital/public_html/magia/vendor/laravel/framework/src/Illuminate/Pipeline/Pipeline.php(183): Illuminate\\Session\\Middleware\\StartSession->handle()
#28 /home/agstudiodiital/public_html/magia/vendor/laravel/framework/src/Illuminate/Cookie/Middleware/AddQueuedCookiesToResponse.php(37): Illuminate\\Pipeline\\Pipeline->Illuminate\\Pipeline\\{closure}()
#29 /home/agstudiodiital/public_html/magia/vendor/laravel/framework/src/Illuminate/Pipeline/Pipeline.php(183): Illuminate\\Cookie\\Middleware\\AddQueuedCookiesToResponse->handle()
#30 /home/agstudiodiital/public_html/magia/vendor/laravel/framework/src/Illuminate/Cookie/Middleware/EncryptCookies.php(67): Illuminate\\Pipeline\\Pipeline->Illuminate\\Pipeline\\{closure}()
#31 /home/agstudiodiital/public_html/magia/vendor/laravel/framework/src/Illuminate/Pipeline/Pipeline.php(183): Illuminate\\Cookie\\Middleware\\EncryptCookies->handle()
#32 /home/agstudiodiital/public_html/magia/vendor/laravel/framework/src/Illuminate/Pipeline/Pipeline.php(119): Illuminate\\Pipeline\\Pipeline->Illuminate\\Pipeline\\{closure}()
#33 /home/agstudiodiital/public_html/magia/vendor/laravel/framework/src/Illuminate/Routing/Router.php(807): Illuminate\\Pipeline\\Pipeline->then()
#34 /home/agstudiodiital/public_html/magia/vendor/laravel/framework/src/Illuminate/Routing/Router.php(784): Illuminate\\Routing\\Router->runRouteWithinStack()
#35 /home/agstudiodiital/public_html/magia/vendor/laravel/framework/src/Illuminate/Routing/Router.php(748): Illuminate\\Routing\\Router->runRoute()
#36 /home/agstudiodiital/public_html/magia/vendor/laravel/framework/src/Illuminate/Routing/Router.php(737): Illuminate\\Routing\\Router->dispatchToRoute()
#37 /home/agstudiodiital/public_html/magia/vendor/laravel/framework/src/Illuminate/Foundation/Http/Kernel.php(200): Illuminate\\Routing\\Router->dispatch()
#38 /home/agstudiodiital/public_html/magia/vendor/laravel/framework/src/Illuminate/Pipeline/Pipeline.php(144): Illuminate\\Foundation\\Http\\Kernel->Illuminate\\Foundation\\Http\\{closure}()
#39 /home/agstudiodiital/public_html/magia/vendor/laravel/framework/src/Illuminate/Foundation/Http/Middleware/TransformsRequest.php(21): Illuminate\\Pipeline\\Pipeline->Illuminate\\Pipeline\\{closure}()
#40 /home/agstudiodiital/public_html/magia/vendor/laravel/framework/src/Illuminate/Foundation/Http/Middleware/ConvertEmptyStringsToNull.php(31): Illuminate\\Foundation\\Http\\Middleware\\TransformsRequest->handle()
#41 /home/agstudiodiital/public_html/magia/vendor/laravel/framework/src/Illuminate/Pipeline/Pipeline.php(183): Illuminate\\Foundation\\Http\\Middleware\\ConvertEmptyStringsToNull->handle()
#42 /home/agstudiodiital/public_html/magia/vendor/laravel/framework/src/Illuminate/Foundation/Http/Middleware/TransformsRequest.php(21): Illuminate\\Pipeline\\Pipeline->Illuminate\\Pipeline\\{closure}()
#43 /home/agstudiodiital/public_html/magia/vendor/laravel/framework/src/Illuminate/Foundation/Http/Middleware/TrimStrings.php(40): Illuminate\\Foundation\\Http\\Middleware\\TransformsRequest->handle()
#44 /home/agstudiodiital/public_html/magia/vendor/laravel/framework/src/Illuminate/Pipeline/Pipeline.php(183): Illuminate\\Foundation\\Http\\Middleware\\TrimStrings->handle()
#45 /home/agstudiodiital/public_html/magia/vendor/laravel/framework/src/Illuminate/Foundation/Http/Middleware/ValidatePostSize.php(27): Illuminate\\Pipeline\\Pipeline->Illuminate\\Pipeline\\{closure}()
#46 /home/agstudiodiital/public_html/magia/vendor/laravel/framework/src/Illuminate/Pipeline/Pipeline.php(183): Illuminate\\Foundation\\Http\\Middleware\\ValidatePostSize->handle()
#47 /home/agstudiodiital/public_html/magia/vendor/laravel/framework/src/Illuminate/Foundation/Http/Middleware/PreventRequestsDuringMaintenance.php(99): Illuminate\\Pipeline\\Pipeline->Illuminate\\Pipeline\\{closure}()
#48 /home/agstudiodiital/public_html/magia/vendor/laravel/framework/src/Illuminate/Pipeline/Pipeline.php(183): Illuminate\\Foundation\\Http\\Middleware\\PreventRequestsDuringMaintenance->handle()
#49 /home/agstudiodiital/public_html/magia/vendor/laravel/framework/src/Illuminate/Http/Middleware/HandleCors.php(49): Illuminate\\Pipeline\\Pipeline->Illuminate\\Pipeline\\{closure}()
#50 /home/agstudiodiital/public_html/magia/vendor/laravel/framework/src/Illuminate/Pipeline/Pipeline.php(183): Illuminate\\Http\\Middleware\\HandleCors->handle()
#51 /home/agstudiodiital/public_html/magia/vendor/laravel/framework/src/Illuminate/Http/Middleware/TrustProxies.php(39): Illuminate\\Pipeline\\Pipeline->Illuminate\\Pipeline\\{closure}()
#52 /home/agstudiodiital/public_html/magia/vendor/laravel/framework/src/Illuminate/Pipeline/Pipeline.php(183): Illuminate\\Http\\Middleware\\TrustProxies->handle()
#53 /home/agstudiodiital/public_html/magia/vendor/laravel/framework/src/Illuminate/Pipeline/Pipeline.php(119): Illuminate\\Pipeline\\Pipeline->Illuminate\\Pipeline\\{closure}()
#54 /home/agstudiodiital/public_html/magia/vendor/laravel/framework/src/Illuminate/Foundation/Http/Kernel.php(175): Illuminate\\Pipeline\\Pipeline->then()
#55 /home/agstudiodiital/public_html/magia/vendor/laravel/framework/src/Illuminate/Foundation/Http/Kernel.php(144): Illuminate\\Foundation\\Http\\Kernel->sendRequestThroughRouter()
#56 /home/agstudiodiital/public_html/magia/public/index.php(52): Illuminate\\Foundation\\Http\\Kernel->handle()
#57 {main}
"} 
[2025-11-10 08:29:22] production.ERROR: Undefined variable $totaleClienti {"view":{"view":"/home/agstudiodiital/public_html/magia/resources/views/admin/dashboard.blade.php","data":[]},"userId":1,"exception":"[object] (Spatie\\LaravelIgnition\\Exceptions\\ViewException(code: 0): Undefined variable $totaleClienti at /home/agstudiodiital/public_html/magia/resources/views/admin/dashboard.blade.php:16)
[stacktrace]
#0 /home/agstudiodiital/public_html/magia/vendor/laravel/framework/src/Illuminate/Filesystem/Filesystem.php(123): require('/home/agstudiod...')
#1 /home/agstudiodiital/public_html/magia/vendor/laravel/framework/src/Illuminate/Filesystem/Filesystem.php(124): Illuminate\\Filesystem\\Filesystem::Illuminate\\Filesystem\\{closure}()
#2 /home/agstudiodiital/public_html/magia/vendor/laravel/framework/src/Illuminate/View/Engines/PhpEngine.php(58): Illuminate\\Filesystem\\Filesystem->getRequire()
#3 /home/agstudiodiital/public_html/magia/vendor/laravel/framework/src/Illuminate/View/Engines/CompilerEngine.php(72): Illuminate\\View\\Engines\\PhpEngine->evaluatePath()
#4 /home/agstudiodiital/public_html/magia/vendor/laravel/framework/src/Illuminate/View/View.php(207): Illuminate\\View\\Engines\\CompilerEngine->get()
#5 /home/agstudiodiital/public_html/magia/vendor/laravel/framework/src/Illuminate/View/View.php(190): Illuminate\\View\\View->getContents()
#6 /home/agstudiodiital/public_html/magia/vendor/laravel/framework/src/Illuminate/View/View.php(159): Illuminate\\View\\View->renderContents()
#7 /home/agstudiodiital/public_html/magia/vendor/laravel/framework/src/Illuminate/Http/Response.php(69): Illuminate\\View\\View->render()
#8 /home/agstudiodiital/public_html/magia/vendor/laravel/framework/src/Illuminate/Http/Response.php(35): Illuminate\\Http\\Response->setContent()
#9 /home/agstudiodiital/public_html/magia/vendor/laravel/framework/src/Illuminate/Routing/Router.php(918): Illuminate\\Http\\Response->__construct()
#10 /home/agstudiodiital/public_html/magia/vendor/laravel/framework/src/Illuminate/Routing/Router.php(885): Illuminate\\Routing\\Router::toResponse()
#11 /home/agstudiodiital/public_html/magia/vendor/laravel/framework/src/Illuminate/Routing/Router.php(806): Illuminate\\Routing\\Router->prepareResponse()
#12 /home/agstudiodiital/public_html/magia/vendor/laravel/framework/src/Illuminate/Pipeline/Pipeline.php(144): Illuminate\\Routing\\Router->Illuminate\\Routing\\{closure}()
#13 /home/agstudiodiital/public_html/magia/app/Http/Controllers/Admin/DashboardController.php(46): Illuminate\\Pipeline\\Pipeline->Illuminate\\Pipeline\\{closure}()
#14 /home/agstudiodiital/public_html/magia/vendor/laravel/framework/src/Illuminate/Pipeline/Pipeline.php(165): App\\Http\\Controllers\\Admin\\DashboardController->App\\Http\\Controllers\\Admin\\{closure}()
#15 /home/agstudiodiital/public_html/magia/vendor/laravel/framework/src/Illuminate/Routing/Middleware/SubstituteBindings.php(50): Illuminate\\Pipeline\\Pipeline->Illuminate\\Pipeline\\{closure}()
#16 /home/agstudiodiital/public_html/magia/vendor/laravel/framework/src/Illuminate/Pipeline/Pipeline.php(183): Illuminate\\Routing\\Middleware\\SubstituteBindings->handle()
#17 /home/agstudiodiital/public_html/magia/vendor/laravel/framework/src/Illuminate/Auth/Middleware/Authenticate.php(57): Illuminate\\Pipeline\\Pipeline->Illuminate\\Pipeline\\{closure}()
#18 /home/agstudiodiital/public_html/magia/vendor/laravel/framework/src/Illuminate/Pipeline/Pipeline.php(183): Illuminate\\Auth\\Middleware\\Authenticate->handle()
#19 /home/agstudiodiital/public_html/magia/vendor/laravel/framework/src/Illuminate/Foundation/Http/Middleware/VerifyCsrfToken.php(78): Illuminate\\Pipeline\\Pipeline->Illuminate\\Pipeline\\{closure}()
#20 /home/agstudiodiital/public_html/magia/vendor/laravel/framework/src/Illuminate/Pipeline/Pipeline.php(183): Illuminate\\Foundation\\Http\\Middleware\\VerifyCsrfToken->handle()
#21 /home/agstudiodiital/public_html/magia/vendor/laravel/framework/src/Illuminate/View/Middleware/ShareErrorsFromSession.php(49): Illuminate\\Pipeline\\Pipeline->Illuminate\\Pipeline\\{closure}()
#22 /home/agstudiodiital/public_html/magia/vendor/laravel/framework/src/Illuminate/Pipeline/Pipeline.php(183): Illuminate\\View\\Middleware\\ShareErrorsFromSession->handle()
#23 /home/agstudiodiital/public_html/magia/vendor/laravel/framework/src/Illuminate/Session/Middleware/StartSession.php(121): Illuminate\\Pipeline\\Pipeline->Illuminate\\Pipeline\\{closure}()
#24 /home/agstudiodiital/public_html/magia/vendor/laravel/framework/src/Illuminate/Session/Middleware/StartSession.php(64): Illuminate\\Session\\Middleware\\StartSession->handleStatefulRequest()
#25 /home/agstudiodiital/public_html/magia/vendor/laravel/framework/src/Illuminate/Pipeline/Pipeline.php(183): Illuminate\\Session\\Middleware\\StartSession->handle()
#26 /home/agstudiodiital/public_html/magia/vendor/laravel/framework/src/Illuminate/Cookie/Middleware/AddQueuedCookiesToResponse.php(37): Illuminate\\Pipeline\\Pipeline->Illuminate\\Pipeline\\{closure}()
#27 /home/agstudiodiital/public_html/magia/vendor/laravel/framework/src/Illuminate/Pipeline/Pipeline.php(183): Illuminate\\Cookie\\Middleware\\AddQueuedCookiesToResponse->handle()
#28 /home/agstudiodiital/public_html/magia/vendor/laravel/framework/src/Illuminate/Cookie/Middleware/EncryptCookies.php(67): Illuminate\\Pipeline\\Pipeline->Illuminate\\Pipeline\\{closure}()
#29 /home/agstudiodiital/public_html/magia/vendor/laravel/framework/src/Illuminate/Pipeline/Pipeline.php(183): Illuminate\\Cookie\\Middleware\\EncryptCookies->handle()
#30 /home/agstudiodiital/public_html/magia/vendor/laravel/framework/src/Illuminate/Pipeline/Pipeline.php(119): Illuminate\\Pipeline\\Pipeline->Illuminate\\Pipeline\\{closure}()
#31 /home/agstudiodiital/public_html/magia/vendor/laravel/framework/src/Illuminate/Routing/Router.php(807): Illuminate\\Pipeline\\Pipeline->then()
#32 /home/agstudiodiital/public_html/magia/vendor/laravel/framework/src/Illuminate/Routing/Router.php(784): Illuminate\\Routing\\Router->runRouteWithinStack()
#33 /home/agstudiodiital/public_html/magia/vendor/laravel/framework/src/Illuminate/Routing/Router.php(748): Illuminate\\Routing\\Router->runRoute()
#34 /home/agstudiodiital/public_html/magia/vendor/laravel/framework/src/Illuminate/Routing/Router.php(737): Illuminate\\Routing\\Router->dispatchToRoute()
#35 /home/agstudiodiital/public_html/magia/vendor/laravel/framework/src/Illuminate/Foundation/Http/Kernel.php(200): Illuminate\\Routing\\Router->dispatch()
#36 /home/agstudiodiital/public_html/magia/vendor/laravel/framework/src/Illuminate/Pipeline/Pipeline.php(144): Illuminate\\Foundation\\Http\\Kernel->Illuminate\\Foundation\\Http\\{closure}()
#37 /home/agstudiodiital/public_html/magia/vendor/laravel/framework/src/Illuminate/Foundation/Http/Middleware/TransformsRequest.php(21): Illuminate\\Pipeline\\Pipeline->Illuminate\\Pipeline\\{closure}()
#38 /home/agstudiodiital/public_html/magia/vendor/laravel/framework/src/Illuminate/Foundation/Http/Middleware/ConvertEmptyStringsToNull.php(31): Illuminate\\Foundation\\Http\\Middleware\\TransformsRequest->handle()
#39 /home/agstudiodiital/public_html/magia/vendor/laravel/framework/src/Illuminate/Pipeline/Pipeline.php(183): Illuminate\\Foundation\\Http\\Middleware\\ConvertEmptyStringsToNull->handle()
#40 /home/agstudiodiital/public_html/magia/vendor/laravel/framework/src/Illuminate/Foundation/Http/Middleware/TransformsRequest.php(21): Illuminate\\Pipeline\\Pipeline->Illuminate\\Pipeline\\{closure}()
#41 /home/agstudiodiital/public_html/magia/vendor/laravel/framework/src/Illuminate/Foundation/Http/Middleware/TrimStrings.php(40): Illuminate\\Foundation\\Http\\Middleware\\TransformsRequest->handle()
#42 /home/agstudiodiital/public_html/magia/vendor/laravel/framework/src/Illuminate/Pipeline/Pipeline.php(183): Illuminate\\Foundation\\Http\\Middleware\\TrimStrings->handle()
#43 /home/agstudiodiital/public_html/magia/vendor/laravel/framework/src/Illuminate/Foundation/Http/Middleware/ValidatePostSize.php(27): Illuminate\\Pipeline\\Pipeline->Illuminate\\Pipeline\\{closure}()
#44 /home/agstudiodiital/public_html/magia/vendor/laravel/framework/src/Illuminate/Pipeline/Pipeline.php(183): Illuminate\\Foundation\\Http\\Middleware\\ValidatePostSize->handle()
#45 /home/agstudiodiital/public_html/magia/vendor/laravel/framework/src/Illuminate/Foundation/Http/Middleware/PreventRequestsDuringMaintenance.php(99): Illuminate\\Pipeline\\Pipeline->Illuminate\\Pipeline\\{closure}()
#46 /home/agstudiodiital/public_html/magia/vendor/laravel/framework/src/Illuminate/Pipeline/Pipeline.php(183): Illuminate\\Foundation\\Http\\Middleware\\PreventRequestsDuringMaintenance->handle()
#47 /home/agstudiodiital/public_html/magia/vendor/laravel/framework/src/Illuminate/Http/Middleware/HandleCors.php(49): Illuminate\\Pipeline\\Pipeline->Illuminate\\Pipeline\\{closure}()
#48 /home/agstudiodiital/public_html/magia/vendor/laravel/framework/src/Illuminate/Pipeline/Pipeline.php(183): Illuminate\\Http\\Middleware\\HandleCors->handle()
#49 /home/agstudiodiital/public_html/magia/vendor/laravel/framework/src/Illuminate/Http/Middleware/TrustProxies.php(39): Illuminate\\Pipeline\\Pipeline->Illuminate\\Pipeline\\{closure}()
#50 /home/agstudiodiital/public_html/magia/vendor/laravel/framework/src/Illuminate/Pipeline/Pipeline.php(183): Illuminate\\Http\\Middleware\\TrustProxies->handle()
#51 /home/agstudiodiital/public_html/magia/vendor/laravel/framework/src/Illuminate/Pipeline/Pipeline.php(119): Illuminate\\Pipeline\\Pipeline->Illuminate\\Pipeline\\{closure}()
#52 /home/agstudiodiital/public_html/magia/vendor/laravel/framework/src/Illuminate/Foundation/Http/Kernel.php(175): Illuminate\\Pipeline\\Pipeline->then()
#53 /home/agstudiodiital/public_html/magia/vendor/laravel/framework/src/Illuminate/Foundation/Http/Kernel.php(144): Illuminate\\Foundation\\Http\\Kernel->sendRequestThroughRouter()
#54 /home/agstudiodiital/public_html/magia/public/index.php(52): Illuminate\\Foundation\\Http\\Kernel->handle()
#55 {main}

[previous exception] [object] (ErrorException(code: 0): Undefined variable $totaleClienti at /home/agstudiodiital/public_html/magia/storage/framework/views/a75176e0b179937379418d239b49e383.php:14)
[stacktrace]
#0 /home/agstudiodiital/public_html/magia/vendor/laravel/framework/src/Illuminate/Foundation/Bootstrap/HandleExceptions.php(255): Illuminate\\Foundation\\Bootstrap\\HandleExceptions->handleError()
#1 /home/agstudiodiital/public_html/magia/storage/framework/views/a75176e0b179937379418d239b49e383.php(14): Illuminate\\Foundation\\Bootstrap\\HandleExceptions->Illuminate\\Foundation\\Bootstrap\\{closure}()
#2 /home/agstudiodiital/public_html/magia/vendor/laravel/framework/src/Illuminate/Filesystem/Filesystem.php(123): require('/home/agstudiod...')
#3 /home/agstudiodiital/public_html/magia/vendor/laravel/framework/src/Illuminate/Filesystem/Filesystem.php(124): Illuminate\\Filesystem\\Filesystem::Illuminate\\Filesystem\\{closure}()
#4 /home/agstudiodiital/public_html/magia/vendor/laravel/framework/src/Illuminate/View/Engines/PhpEngine.php(58): Illuminate\\Filesystem\\Filesystem->getRequire()
#5 /home/agstudiodiital/public_html/magia/vendor/laravel/framework/src/Illuminate/View/Engines/CompilerEngine.php(72): Illuminate\\View\\Engines\\PhpEngine->evaluatePath()
#6 /home/agstudiodiital/public_html/magia/vendor/laravel/framework/src/Illuminate/View/View.php(207): Illuminate\\View\\Engines\\CompilerEngine->get()
#7 /home/agstudiodiital/public_html/magia/vendor/laravel/framework/src/Illuminate/View/View.php(190): Illuminate\\View\\View->getContents()
#8 /home/agstudiodiital/public_html/magia/vendor/laravel/framework/src/Illuminate/View/View.php(159): Illuminate\\View\\View->renderContents()
#9 /home/agstudiodiital/public_html/magia/vendor/laravel/framework/src/Illuminate/Http/Response.php(69): Illuminate\\View\\View->render()
#10 /home/agstudiodiital/public_html/magia/vendor/laravel/framework/src/Illuminate/Http/Response.php(35): Illuminate\\Http\\Response->setContent()
#11 /home/agstudiodiital/public_html/magia/vendor/laravel/framework/src/Illuminate/Routing/Router.php(918): Illuminate\\Http\\Response->__construct()
#12 /home/agstudiodiital/public_html/magia/vendor/laravel/framework/src/Illuminate/Routing/Router.php(885): Illuminate\\Routing\\Router::toResponse()
#13 /home/agstudiodiital/public_html/magia/vendor/laravel/framework/src/Illuminate/Routing/Router.php(806): Illuminate\\Routing\\Router->prepareResponse()
#14 /home/agstudiodiital/public_html/magia/vendor/laravel/framework/src/Illuminate/Pipeline/Pipeline.php(144): Illuminate\\Routing\\Router->Illuminate\\Routing\\{closure}()
#15 /home/agstudiodiital/public_html/magia/app/Http/Controllers/Admin/DashboardController.php(46): Illuminate\\Pipeline\\Pipeline->Illuminate\\Pipeline\\{closure}()
#16 /home/agstudiodiital/public_html/magia/vendor/laravel/framework/src/Illuminate/Pipeline/Pipeline.php(165): App\\Http\\Controllers\\Admin\\DashboardController->App\\Http\\Controllers\\Admin\\{closure}()
#17 /home/agstudiodiital/public_html/magia/vendor/laravel/framework/src/Illuminate/Routing/Middleware/SubstituteBindings.php(50): Illuminate\\Pipeline\\Pipeline->Illuminate\\Pipeline\\{closure}()
#18 /home/agstudiodiital/public_html/magia/vendor/laravel/framework/src/Illuminate/Pipeline/Pipeline.php(183): Illuminate\\Routing\\Middleware\\SubstituteBindings->handle()
#19 /home/agstudiodiital/public_html/magia/vendor/laravel/framework/src/Illuminate/Auth/Middleware/Authenticate.php(57): Illuminate\\Pipeline\\Pipeline->Illuminate\\Pipeline\\{closure}()
#20 /home/agstudiodiital/public_html/magia/vendor/laravel/framework/src/Illuminate/Pipeline/Pipeline.php(183): Illuminate\\Auth\\Middleware\\Authenticate->handle()
#21 /home/agstudiodiital/public_html/magia/vendor/laravel/framework/src/Illuminate/Foundation/Http/Middleware/VerifyCsrfToken.php(78): Illuminate\\Pipeline\\Pipeline->Illuminate\\Pipeline\\{closure}()
#22 /home/agstudiodiital/public_html/magia/vendor/laravel/framework/src/Illuminate/Pipeline/Pipeline.php(183): Illuminate\\Foundation\\Http\\Middleware\\VerifyCsrfToken->handle()
#23 /home/agstudiodiital/public_html/magia/vendor/laravel/framework/src/Illuminate/View/Middleware/ShareErrorsFromSession.php(49): Illuminate\\Pipeline\\Pipeline->Illuminate\\Pipeline\\{closure}()
#24 /home/agstudiodiital/public_html/magia/vendor/laravel/framework/src/Illuminate/Pipeline/Pipeline.php(183): Illuminate\\View\\Middleware\\ShareErrorsFromSession->handle()
#25 /home/agstudiodiital/public_html/magia/vendor/laravel/framework/src/Illuminate/Session/Middleware/StartSession.php(121): Illuminate\\Pipeline\\Pipeline->Illuminate\\Pipeline\\{closure}()
#26 /home/agstudiodiital/public_html/magia/vendor/laravel/framework/src/Illuminate/Session/Middleware/StartSession.php(64): Illuminate\\Session\\Middleware\\StartSession->handleStatefulRequest()
#27 /home/agstudiodiital/public_html/magia/vendor/laravel/framework/src/Illuminate/Pipeline/Pipeline.php(183): Illuminate\\Session\\Middleware\\StartSession->handle()
#28 /home/agstudiodiital/public_html/magia/vendor/laravel/framework/src/Illuminate/Cookie/Middleware/AddQueuedCookiesToResponse.php(37): Illuminate\\Pipeline\\Pipeline->Illuminate\\Pipeline\\{closure}()
#29 /home/agstudiodiital/public_html/magia/vendor/laravel/framework/src/Illuminate/Pipeline/Pipeline.php(183): Illuminate\\Cookie\\Middleware\\AddQueuedCookiesToResponse->handle()
#30 /home/agstudiodiital/public_html/magia/vendor/laravel/framework/src/Illuminate/Cookie/Middleware/EncryptCookies.php(67): Illuminate\\Pipeline\\Pipeline->Illuminate\\Pipeline\\{closure}()
#31 /home/agstudiodiital/public_html/magia/vendor/laravel/framework/src/Illuminate/Pipeline/Pipeline.php(183): Illuminate\\Cookie\\Middleware\\EncryptCookies->handle()
#32 /home/agstudiodiital/public_html/magia/vendor/laravel/framework/src/Illuminate/Pipeline/Pipeline.php(119): Illuminate\\Pipeline\\Pipeline->Illuminate\\Pipeline\\{closure}()
#33 /home/agstudiodiital/public_html/magia/vendor/laravel/framework/src/Illuminate/Routing/Router.php(807): Illuminate\\Pipeline\\Pipeline->then()
#34 /home/agstudiodiital/public_html/magia/vendor/laravel/framework/src/Illuminate/Routing/Router.php(784): Illuminate\\Routing\\Router->runRouteWithinStack()
#35 /home/agstudiodiital/public_html/magia/vendor/laravel/framework/src/Illuminate/Routing/Router.php(748): Illuminate\\Routing\\Router->runRoute()
#36 /home/agstudiodiital/public_html/magia/vendor/laravel/framework/src/Illuminate/Routing/Router.php(737): Illuminate\\Routing\\Router->dispatchToRoute()
#37 /home/agstudiodiital/public_html/magia/vendor/laravel/framework/src/Illuminate/Foundation/Http/Kernel.php(200): Illuminate\\Routing\\Router->dispatch()
#38 /home/agstudiodiital/public_html/magia/vendor/laravel/framework/src/Illuminate/Pipeline/Pipeline.php(144): Illuminate\\Foundation\\Http\\Kernel->Illuminate\\Foundation\\Http\\{closure}()
#39 /home/agstudiodiital/public_html/magia/vendor/laravel/framework/src/Illuminate/Foundation/Http/Middleware/TransformsRequest.php(21): Illuminate\\Pipeline\\Pipeline->Illuminate\\Pipeline\\{closure}()
#40 /home/agstudiodiital/public_html/magia/vendor/laravel/framework/src/Illuminate/Foundation/Http/Middleware/ConvertEmptyStringsToNull.php(31): Illuminate\\Foundation\\Http\\Middleware\\TransformsRequest->handle()
#41 /home/agstudiodiital/public_html/magia/vendor/laravel/framework/src/Illuminate/Pipeline/Pipeline.php(183): Illuminate\\Foundation\\Http\\Middleware\\ConvertEmptyStringsToNull->handle()
#42 /home/agstudiodiital/public_html/magia/vendor/laravel/framework/src/Illuminate/Foundation/Http/Middleware/TransformsRequest.php(21): Illuminate\\Pipeline\\Pipeline->Illuminate\\Pipeline\\{closure}()
#43 /home/agstudiodiital/public_html/magia/vendor/laravel/framework/src/Illuminate/Foundation/Http/Middleware/TrimStrings.php(40): Illuminate\\Foundation\\Http\\Middleware\\TransformsRequest->handle()
#44 /home/agstudiodiital/public_html/magia/vendor/laravel/framework/src/Illuminate/Pipeline/Pipeline.php(183): Illuminate\\Foundation\\Http\\Middleware\\TrimStrings->handle()
#45 /home/agstudiodiital/public_html/magia/vendor/laravel/framework/src/Illuminate/Foundation/Http/Middleware/ValidatePostSize.php(27): Illuminate\\Pipeline\\Pipeline->Illuminate\\Pipeline\\{closure}()
#46 /home/agstudiodiital/public_html/magia/vendor/laravel/framework/src/Illuminate/Pipeline/Pipeline.php(183): Illuminate\\Foundation\\Http\\Middleware\\ValidatePostSize->handle()
#47 /home/agstudiodiital/public_html/magia/vendor/laravel/framework/src/Illuminate/Foundation/Http/Middleware/PreventRequestsDuringMaintenance.php(99): Illuminate\\Pipeline\\Pipeline->Illuminate\\Pipeline\\{closure}()
#48 /home/agstudiodiital/public_html/magia/vendor/laravel/framework/src/Illuminate/Pipeline/Pipeline.php(183): Illuminate\\Foundation\\Http\\Middleware\\PreventRequestsDuringMaintenance->handle()
#49 /home/agstudiodiital/public_html/magia/vendor/laravel/framework/src/Illuminate/Http/Middleware/HandleCors.php(49): Illuminate\\Pipeline\\Pipeline->Illuminate\\Pipeline\\{closure}()
#50 /home/agstudiodiital/public_html/magia/vendor/laravel/framework/src/Illuminate/Pipeline/Pipeline.php(183): Illuminate\\Http\\Middleware\\HandleCors->handle()
#51 /home/agstudiodiital/public_html/magia/vendor/laravel/framework/src/Illuminate/Http/Middleware/TrustProxies.php(39): Illuminate\\Pipeline\\Pipeline->Illuminate\\Pipeline\\{closure}()
#52 /home/agstudiodiital/public_html/magia/vendor/laravel/framework/src/Illuminate/Pipeline/Pipeline.php(183): Illuminate\\Http\\Middleware\\TrustProxies->handle()
#53 /home/agstudiodiital/public_html/magia/vendor/laravel/framework/src/Illuminate/Pipeline/Pipeline.php(119): Illuminate\\Pipeline\\Pipeline->Illuminate\\Pipeline\\{closure}()
#54 /home/agstudiodiital/public_html/magia/vendor/laravel/framework/src/Illuminate/Foundation/Http/Kernel.php(175): Illuminate\\Pipeline\\Pipeline->then()
#55 /home/agstudiodiital/public_html/magia/vendor/laravel/framework/src/Illuminate/Foundation/Http/Kernel.php(144): Illuminate\\Foundation\\Http\\Kernel->sendRequestThroughRouter()
#56 /home/agstudiodiital/public_html/magia/public/index.php(52): Illuminate\\Foundation\\Http\\Kernel->handle()
#57 {main}
"} 
[2025-11-10 08:29:29] production.ERROR: Undefined variable $totaleClienti {"view":{"view":"/home/agstudiodiital/public_html/magia/resources/views/admin/dashboard.blade.php","data":[]},"userId":1,"exception":"[object] (Spatie\\LaravelIgnition\\Exceptions\\ViewException(code: 0): Undefined variable $totaleClienti at /home/agstudiodiital/public_html/magia/resources/views/admin/dashboard.blade.php:16)
[stacktrace]
#0 /home/agstudiodiital/public_html/magia/vendor/laravel/framework/src/Illuminate/Filesystem/Filesystem.php(123): require('/home/agstudiod...')
#1 /home/agstudiodiital/public_html/magia/vendor/laravel/framework/src/Illuminate/Filesystem/Filesystem.php(124): Illuminate\\Filesystem\\Filesystem::Illuminate\\Filesystem\\{closure}()
#2 /home/agstudiodiital/public_html/magia/vendor/laravel/framework/src/Illuminate/View/Engines/PhpEngine.php(58): Illuminate\\Filesystem\\Filesystem->getRequire()
#3 /home/agstudiodiital/public_html/magia/vendor/laravel/framework/src/Illuminate/View/Engines/CompilerEngine.php(72): Illuminate\\View\\Engines\\PhpEngine->evaluatePath()
#4 /home/agstudiodiital/public_html/magia/vendor/laravel/framework/src/Illuminate/View/View.php(207): Illuminate\\View\\Engines\\CompilerEngine->get()
#5 /home/agstudiodiital/public_html/magia/vendor/laravel/framework/src/Illuminate/View/View.php(190): Illuminate\\View\\View->getContents()
#6 /home/agstudiodiital/public_html/magia/vendor/laravel/framework/src/Illuminate/View/View.php(159): Illuminate\\View\\View->renderContents()
#7 /home/agstudiodiital/public_html/magia/vendor/laravel/framework/src/Illuminate/Http/Response.php(69): Illuminate\\View\\View->render()
#8 /home/agstudiodiital/public_html/magia/vendor/laravel/framework/src/Illuminate/Http/Response.php(35): Illuminate\\Http\\Response->setContent()
#9 /home/agstudiodiital/public_html/magia/vendor/laravel/framework/src/Illuminate/Routing/Router.php(918): Illuminate\\Http\\Response->__construct()
#10 /home/agstudiodiital/public_html/magia/vendor/laravel/framework/src/Illuminate/Routing/Router.php(885): Illuminate\\Routing\\Router::toResponse()
#11 /home/agstudiodiital/public_html/magia/vendor/laravel/framework/src/Illuminate/Routing/Router.php(806): Illuminate\\Routing\\Router->prepareResponse()
#12 /home/agstudiodiital/public_html/magia/vendor/laravel/framework/src/Illuminate/Pipeline/Pipeline.php(144): Illuminate\\Routing\\Router->Illuminate\\Routing\\{closure}()
#13 /home/agstudiodiital/public_html/magia/app/Http/Controllers/Admin/DashboardController.php(46): Illuminate\\Pipeline\\Pipeline->Illuminate\\Pipeline\\{closure}()
#14 /home/agstudiodiital/public_html/magia/vendor/laravel/framework/src/Illuminate/Pipeline/Pipeline.php(165): App\\Http\\Controllers\\Admin\\DashboardController->App\\Http\\Controllers\\Admin\\{closure}()
#15 /home/agstudiodiital/public_html/magia/vendor/laravel/framework/src/Illuminate/Routing/Middleware/SubstituteBindings.php(50): Illuminate\\Pipeline\\Pipeline->Illuminate\\Pipeline\\{closure}()
#16 /home/agstudiodiital/public_html/magia/vendor/laravel/framework/src/Illuminate/Pipeline/Pipeline.php(183): Illuminate\\Routing\\Middleware\\SubstituteBindings->handle()
#17 /home/agstudiodiital/public_html/magia/vendor/laravel/framework/src/Illuminate/Auth/Middleware/Authenticate.php(57): Illuminate\\Pipeline\\Pipeline->Illuminate\\Pipeline\\{closure}()
#18 /home/agstudiodiital/public_html/magia/vendor/laravel/framework/src/Illuminate/Pipeline/Pipeline.php(183): Illuminate\\Auth\\Middleware\\Authenticate->handle()
#19 /home/agstudiodiital/public_html/magia/vendor/laravel/framework/src/Illuminate/Foundation/Http/Middleware/VerifyCsrfToken.php(78): Illuminate\\Pipeline\\Pipeline->Illuminate\\Pipeline\\{closure}()
#20 /home/agstudiodiital/public_html/magia/vendor/laravel/framework/src/Illuminate/Pipeline/Pipeline.php(183): Illuminate\\Foundation\\Http\\Middleware\\VerifyCsrfToken->handle()
#21 /home/agstudiodiital/public_html/magia/vendor/laravel/framework/src/Illuminate/View/Middleware/ShareErrorsFromSession.php(49): Illuminate\\Pipeline\\Pipeline->Illuminate\\Pipeline\\{closure}()
#22 /home/agstudiodiital/public_html/magia/vendor/laravel/framework/src/Illuminate/Pipeline/Pipeline.php(183): Illuminate\\View\\Middleware\\ShareErrorsFromSession->handle()
#23 /home/agstudiodiital/public_html/magia/vendor/laravel/framework/src/Illuminate/Session/Middleware/StartSession.php(121): Illuminate\\Pipeline\\Pipeline->Illuminate\\Pipeline\\{closure}()
#24 /home/agstudiodiital/public_html/magia/vendor/laravel/framework/src/Illuminate/Session/Middleware/StartSession.php(64): Illuminate\\Session\\Middleware\\StartSession->handleStatefulRequest()
#25 /home/agstudiodiital/public_html/magia/vendor/laravel/framework/src/Illuminate/Pipeline/Pipeline.php(183): Illuminate\\Session\\Middleware\\StartSession->handle()
#26 /home/agstudiodiital/public_html/magia/vendor/laravel/framework/src/Illuminate/Cookie/Middleware/AddQueuedCookiesToResponse.php(37): Illuminate\\Pipeline\\Pipeline->Illuminate\\Pipeline\\{closure}()
#27 /home/agstudiodiital/public_html/magia/vendor/laravel/framework/src/Illuminate/Pipeline/Pipeline.php(183): Illuminate\\Cookie\\Middleware\\AddQueuedCookiesToResponse->handle()
#28 /home/agstudiodiital/public_html/magia/vendor/laravel/framework/src/Illuminate/Cookie/Middleware/EncryptCookies.php(67): Illuminate\\Pipeline\\Pipeline->Illuminate\\Pipeline\\{closure}()
#29 /home/agstudiodiital/public_html/magia/vendor/laravel/framework/src/Illuminate/Pipeline/Pipeline.php(183): Illuminate\\Cookie\\Middleware\\EncryptCookies->handle()
#30 /home/agstudiodiital/public_html/magia/vendor/laravel/framework/src/Illuminate/Pipeline/Pipeline.php(119): Illuminate\\Pipeline\\Pipeline->Illuminate\\Pipeline\\{closure}()
#31 /home/agstudiodiital/public_html/magia/vendor/laravel/framework/src/Illuminate/Routing/Router.php(807): Illuminate\\Pipeline\\Pipeline->then()
#32 /home/agstudiodiital/public_html/magia/vendor/laravel/framework/src/Illuminate/Routing/Router.php(784): Illuminate\\Routing\\Router->runRouteWithinStack()
#33 /home/agstudiodiital/public_html/magia/vendor/laravel/framework/src/Illuminate/Routing/Router.php(748): Illuminate\\Routing\\Router->runRoute()
#34 /home/agstudiodiital/public_html/magia/vendor/laravel/framework/src/Illuminate/Routing/Router.php(737): Illuminate\\Routing\\Router->dispatchToRoute()
#35 /home/agstudiodiital/public_html/magia/vendor/laravel/framework/src/Illuminate/Foundation/Http/Kernel.php(200): Illuminate\\Routing\\Router->dispatch()
#36 /home/agstudiodiital/public_html/magia/vendor/laravel/framework/src/Illuminate/Pipeline/Pipeline.php(144): Illuminate\\Foundation\\Http\\Kernel->Illuminate\\Foundation\\Http\\{closure}()
#37 /home/agstudiodiital/public_html/magia/vendor/laravel/framework/src/Illuminate/Foundation/Http/Middleware/TransformsRequest.php(21): Illuminate\\Pipeline\\Pipeline->Illuminate\\Pipeline\\{closure}()
#38 /home/agstudiodiital/public_html/magia/vendor/laravel/framework/src/Illuminate/Foundation/Http/Middleware/ConvertEmptyStringsToNull.php(31): Illuminate\\Foundation\\Http\\Middleware\\TransformsRequest->handle()
#39 /home/agstudiodiital/public_html/magia/vendor/laravel/framework/src/Illuminate/Pipeline/Pipeline.php(183): Illuminate\\Foundation\\Http\\Middleware\\ConvertEmptyStringsToNull->handle()
#40 /home/agstudiodiital/public_html/magia/vendor/laravel/framework/src/Illuminate/Foundation/Http/Middleware/TransformsRequest.php(21): Illuminate\\Pipeline\\Pipeline->Illuminate\\Pipeline\\{closure}()
#41 /home/agstudiodiital/public_html/magia/vendor/laravel/framework/src/Illuminate/Foundation/Http/Middleware/TrimStrings.php(40): Illuminate\\Foundation\\Http\\Middleware\\TransformsRequest->handle()
#42 /home/agstudiodiital/public_html/magia/vendor/laravel/framework/src/Illuminate/Pipeline/Pipeline.php(183): Illuminate\\Foundation\\Http\\Middleware\\TrimStrings->handle()
#43 /home/agstudiodiital/public_html/magia/vendor/laravel/framework/src/Illuminate/Foundation/Http/Middleware/ValidatePostSize.php(27): Illuminate\\Pipeline\\Pipeline->Illuminate\\Pipeline\\{closure}()
#44 /home/agstudiodiital/public_html/magia/vendor/laravel/framework/src/Illuminate/Pipeline/Pipeline.php(183): Illuminate\\Foundation\\Http\\Middleware\\ValidatePostSize->handle()
#45 /home/agstudiodiital/public_html/magia/vendor/laravel/framework/src/Illuminate/Foundation/Http/Middleware/PreventRequestsDuringMaintenance.php(99): Illuminate\\Pipeline\\Pipeline->Illuminate\\Pipeline\\{closure}()
#46 /home/agstudiodiital/public_html/magia/vendor/laravel/framework/src/Illuminate/Pipeline/Pipeline.php(183): Illuminate\\Foundation\\Http\\Middleware\\PreventRequestsDuringMaintenance->handle()
#47 /home/agstudiodiital/public_html/magia/vendor/laravel/framework/src/Illuminate/Http/Middleware/HandleCors.php(49): Illuminate\\Pipeline\\Pipeline->Illuminate\\Pipeline\\{closure}()
#48 /home/agstudiodiital/public_html/magia/vendor/laravel/framework/src/Illuminate/Pipeline/Pipeline.php(183): Illuminate\\Http\\Middleware\\HandleCors->handle()
#49 /home/agstudiodiital/public_html/magia/vendor/laravel/framework/src/Illuminate/Http/Middleware/TrustProxies.php(39): Illuminate\\Pipeline\\Pipeline->Illuminate\\Pipeline\\{closure}()
#50 /home/agstudiodiital/public_html/magia/vendor/laravel/framework/src/Illuminate/Pipeline/Pipeline.php(183): Illuminate\\Http\\Middleware\\TrustProxies->handle()
#51 /home/agstudiodiital/public_html/magia/vendor/laravel/framework/src/Illuminate/Pipeline/Pipeline.php(119): Illuminate\\Pipeline\\Pipeline->Illuminate\\Pipeline\\{closure}()
#52 /home/agstudiodiital/public_html/magia/vendor/laravel/framework/src/Illuminate/Foundation/Http/Kernel.php(175): Illuminate\\Pipeline\\Pipeline->then()
#53 /home/agstudiodiital/public_html/magia/vendor/laravel/framework/src/Illuminate/Foundation/Http/Kernel.php(144): Illuminate\\Foundation\\Http\\Kernel->sendRequestThroughRouter()
#54 /home/agstudiodiital/public_html/magia/public/index.php(52): Illuminate\\Foundation\\Http\\Kernel->handle()
#55 {main}

[previous exception] [object] (ErrorException(code: 0): Undefined variable $totaleClienti at /home/agstudiodiital/public_html/magia/storage/framework/views/a75176e0b179937379418d239b49e383.php:14)
[stacktrace]
#0 /home/agstudiodiital/public_html/magia/vendor/laravel/framework/src/Illuminate/Foundation/Bootstrap/HandleExceptions.php(255): Illuminate\\Foundation\\Bootstrap\\HandleExceptions->handleError()
#1 /home/agstudiodiital/public_html/magia/storage/framework/views/a75176e0b179937379418d239b49e383.php(14): Illuminate\\Foundation\\Bootstrap\\HandleExceptions->Illuminate\\Foundation\\Bootstrap\\{closure}()
#2 /home/agstudiodiital/public_html/magia/vendor/laravel/framework/src/Illuminate/Filesystem/Filesystem.php(123): require('/home/agstudiod...')
#3 /home/agstudiodiital/public_html/magia/vendor/laravel/framework/src/Illuminate/Filesystem/Filesystem.php(124): Illuminate\\Filesystem\\Filesystem::Illuminate\\Filesystem\\{closure}()
#4 /home/agstudiodiital/public_html/magia/vendor/laravel/framework/src/Illuminate/View/Engines/PhpEngine.php(58): Illuminate\\Filesystem\\Filesystem->getRequire()
#5 /home/agstudiodiital/public_html/magia/vendor/laravel/framework/src/Illuminate/View/Engines/CompilerEngine.php(72): Illuminate\\View\\Engines\\PhpEngine->evaluatePath()
#6 /home/agstudiodiital/public_html/magia/vendor/laravel/framework/src/Illuminate/View/View.php(207): Illuminate\\View\\Engines\\CompilerEngine->get()
#7 /home/agstudiodiital/public_html/magia/vendor/laravel/framework/src/Illuminate/View/View.php(190): Illuminate\\View\\View->getContents()
#8 /home/agstudiodiital/public_html/magia/vendor/laravel/framework/src/Illuminate/View/View.php(159): Illuminate\\View\\View->renderContents()
#9 /home/agstudiodiital/public_html/magia/vendor/laravel/framework/src/Illuminate/Http/Response.php(69): Illuminate\\View\\View->render()
#10 /home/agstudiodiital/public_html/magia/vendor/laravel/framework/src/Illuminate/Http/Response.php(35): Illuminate\\Http\\Response->setContent()
#11 /home/agstudiodiital/public_html/magia/vendor/laravel/framework/src/Illuminate/Routing/Router.php(918): Illuminate\\Http\\Response->__construct()
#12 /home/agstudiodiital/public_html/magia/vendor/laravel/framework/src/Illuminate/Routing/Router.php(885): Illuminate\\Routing\\Router::toResponse()
#13 /home/agstudiodiital/public_html/magia/vendor/laravel/framework/src/Illuminate/Routing/Router.php(806): Illuminate\\Routing\\Router->prepareResponse()
#14 /home/agstudiodiital/public_html/magia/vendor/laravel/framework/src/Illuminate/Pipeline/Pipeline.php(144): Illuminate\\Routing\\Router->Illuminate\\Routing\\{closure}()
#15 /home/agstudiodiital/public_html/magia/app/Http/Controllers/Admin/DashboardController.php(46): Illuminate\\Pipeline\\Pipeline->Illuminate\\Pipeline\\{closure}()
#16 /home/agstudiodiital/public_html/magia/vendor/laravel/framework/src/Illuminate/Pipeline/Pipeline.php(165): App\\Http\\Controllers\\Admin\\DashboardController->App\\Http\\Controllers\\Admin\\{closure}()
#17 /home/agstudiodiital/public_html/magia/vendor/laravel/framework/src/Illuminate/Routing/Middleware/SubstituteBindings.php(50): Illuminate\\Pipeline\\Pipeline->Illuminate\\Pipeline\\{closure}()
#18 /home/agstudiodiital/public_html/magia/vendor/laravel/framework/src/Illuminate/Pipeline/Pipeline.php(183): Illuminate\\Routing\\Middleware\\SubstituteBindings->handle()
#19 /home/agstudiodiital/public_html/magia/vendor/laravel/framework/src/Illuminate/Auth/Middleware/Authenticate.php(57): Illuminate\\Pipeline\\Pipeline->Illuminate\\Pipeline\\{closure}()
#20 /home/agstudiodiital/public_html/magia/vendor/laravel/framework/src/Illuminate/Pipeline/Pipeline.php(183): Illuminate\\Auth\\Middleware\\Authenticate->handle()
#21 /home/agstudiodiital/public_html/magia/vendor/laravel/framework/src/Illuminate/Foundation/Http/Middleware/VerifyCsrfToken.php(78): Illuminate\\Pipeline\\Pipeline->Illuminate\\Pipeline\\{closure}()
#22 /home/agstudiodiital/public_html/magia/vendor/laravel/framework/src/Illuminate/Pipeline/Pipeline.php(183): Illuminate\\Foundation\\Http\\Middleware\\VerifyCsrfToken->handle()
#23 /home/agstudiodiital/public_html/magia/vendor/laravel/framework/src/Illuminate/View/Middleware/ShareErrorsFromSession.php(49): Illuminate\\Pipeline\\Pipeline->Illuminate\\Pipeline\\{closure}()
#24 /home/agstudiodiital/public_html/magia/vendor/laravel/framework/src/Illuminate/Pipeline/Pipeline.php(183): Illuminate\\View\\Middleware\\ShareErrorsFromSession->handle()
#25 /home/agstudiodiital/public_html/magia/vendor/laravel/framework/src/Illuminate/Session/Middleware/StartSession.php(121): Illuminate\\Pipeline\\Pipeline->Illuminate\\Pipeline\\{closure}()
#26 /home/agstudiodiital/public_html/magia/vendor/laravel/framework/src/Illuminate/Session/Middleware/StartSession.php(64): Illuminate\\Session\\Middleware\\StartSession->handleStatefulRequest()
#27 /home/agstudiodiital/public_html/magia/vendor/laravel/framework/src/Illuminate/Pipeline/Pipeline.php(183): Illuminate\\Session\\Middleware\\StartSession->handle()
#28 /home/agstudiodiital/public_html/magia/vendor/laravel/framework/src/Illuminate/Cookie/Middleware/AddQueuedCookiesToResponse.php(37): Illuminate\\Pipeline\\Pipeline->Illuminate\\Pipeline\\{closure}()
#29 /home/agstudiodiital/public_html/magia/vendor/laravel/framework/src/Illuminate/Pipeline/Pipeline.php(183): Illuminate\\Cookie\\Middleware\\AddQueuedCookiesToResponse->handle()
#30 /home/agstudiodiital/public_html/magia/vendor/laravel/framework/src/Illuminate/Cookie/Middleware/EncryptCookies.php(67): Illuminate\\Pipeline\\Pipeline->Illuminate\\Pipeline\\{closure}()
#31 /home/agstudiodiital/public_html/magia/vendor/laravel/framework/src/Illuminate/Pipeline/Pipeline.php(183): Illuminate\\Cookie\\Middleware\\EncryptCookies->handle()
#32 /home/agstudiodiital/public_html/magia/vendor/laravel/framework/src/Illuminate/Pipeline/Pipeline.php(119): Illuminate\\Pipeline\\Pipeline->Illuminate\\Pipeline\\{closure}()
#33 /home/agstudiodiital/public_html/magia/vendor/laravel/framework/src/Illuminate/Routing/Router.php(807): Illuminate\\Pipeline\\Pipeline->then()
#34 /home/agstudiodiital/public_html/magia/vendor/laravel/framework/src/Illuminate/Routing/Router.php(784): Illuminate\\Routing\\Router->runRouteWithinStack()
#35 /home/agstudiodiital/public_html/magia/vendor/laravel/framework/src/Illuminate/Routing/Router.php(748): Illuminate\\Routing\\Router->runRoute()
#36 /home/agstudiodiital/public_html/magia/vendor/laravel/framework/src/Illuminate/Routing/Router.php(737): Illuminate\\Routing\\Router->dispatchToRoute()
#37 /home/agstudiodiital/public_html/magia/vendor/laravel/framework/src/Illuminate/Foundation/Http/Kernel.php(200): Illuminate\\Routing\\Router->dispatch()
#38 /home/agstudiodiital/public_html/magia/vendor/laravel/framework/src/Illuminate/Pipeline/Pipeline.php(144): Illuminate\\Foundation\\Http\\Kernel->Illuminate\\Foundation\\Http\\{closure}()
#39 /home/agstudiodiital/public_html/magia/vendor/laravel/framework/src/Illuminate/Foundation/Http/Middleware/TransformsRequest.php(21): Illuminate\\Pipeline\\Pipeline->Illuminate\\Pipeline\\{closure}()
#40 /home/agstudiodiital/public_html/magia/vendor/laravel/framework/src/Illuminate/Foundation/Http/Middleware/ConvertEmptyStringsToNull.php(31): Illuminate\\Foundation\\Http\\Middleware\\TransformsRequest->handle()
#41 /home/agstudiodiital/public_html/magia/vendor/laravel/framework/src/Illuminate/Pipeline/Pipeline.php(183): Illuminate\\Foundation\\Http\\Middleware\\ConvertEmptyStringsToNull->handle()
#42 /home/agstudiodiital/public_html/magia/vendor/laravel/framework/src/Illuminate/Foundation/Http/Middleware/TransformsRequest.php(21): Illuminate\\Pipeline\\Pipeline->Illuminate\\Pipeline\\{closure}()
#43 /home/agstudiodiital/public_html/magia/vendor/laravel/framework/src/Illuminate/Foundation/Http/Middleware/TrimStrings.php(40): Illuminate\\Foundation\\Http\\Middleware\\TransformsRequest->handle()
#44 /home/agstudiodiital/public_html/magia/vendor/laravel/framework/src/Illuminate/Pipeline/Pipeline.php(183): Illuminate\\Foundation\\Http\\Middleware\\TrimStrings->handle()
#45 /home/agstudiodiital/public_html/magia/vendor/laravel/framework/src/Illuminate/Foundation/Http/Middleware/ValidatePostSize.php(27): Illuminate\\Pipeline\\Pipeline->Illuminate\\Pipeline\\{closure}()
#46 /home/agstudiodiital/public_html/magia/vendor/laravel/framework/src/Illuminate/Pipeline/Pipeline.php(183): Illuminate\\Foundation\\Http\\Middleware\\ValidatePostSize->handle()
#47 /home/agstudiodiital/public_html/magia/vendor/laravel/framework/src/Illuminate/Foundation/Http/Middleware/PreventRequestsDuringMaintenance.php(99): Illuminate\\Pipeline\\Pipeline->Illuminate\\Pipeline\\{closure}()
#48 /home/agstudiodiital/public_html/magia/vendor/laravel/framework/src/Illuminate/Pipeline/Pipeline.php(183): Illuminate\\Foundation\\Http\\Middleware\\PreventRequestsDuringMaintenance->handle()
#49 /home/agstudiodiital/public_html/magia/vendor/laravel/framework/src/Illuminate/Http/Middleware/HandleCors.php(49): Illuminate\\Pipeline\\Pipeline->Illuminate\\Pipeline\\{closure}()
#50 /home/agstudiodiital/public_html/magia/vendor/laravel/framework/src/Illuminate/Pipeline/Pipeline.php(183): Illuminate\\Http\\Middleware\\HandleCors->handle()
#51 /home/agstudiodiital/public_html/magia/vendor/laravel/framework/src/Illuminate/Http/Middleware/TrustProxies.php(39): Illuminate\\Pipeline\\Pipeline->Illuminate\\Pipeline\\{closure}()
#52 /home/agstudiodiital/public_html/magia/vendor/laravel/framework/src/Illuminate/Pipeline/Pipeline.php(183): Illuminate\\Http\\Middleware\\TrustProxies->handle()
#53 /home/agstudiodiital/public_html/magia/vendor/laravel/framework/src/Illuminate/Pipeline/Pipeline.php(119): Illuminate\\Pipeline\\Pipeline->Illuminate\\Pipeline\\{closure}()
#54 /home/agstudiodiital/public_html/magia/vendor/laravel/framework/src/Illuminate/Foundation/Http/Kernel.php(175): Illuminate\\Pipeline\\Pipeline->then()
#55 /home/agstudiodiital/public_html/magia/vendor/laravel/framework/src/Illuminate/Foundation/Http/Kernel.php(144): Illuminate\\Foundation\\Http\\Kernel->sendRequestThroughRouter()
#56 /home/agstudiodiital/public_html/magia/public/index.php(52): Illuminate\\Foundation\\Http\\Kernel->handle()
#57 {main}
"} 
[2025-11-10 08:45:57] production.ERROR: Undefined variable $totaleClienti {"view":{"view":"/home/agstudiodiital/public_html/magia/resources/views/admin/dashboard.blade.php","data":[]},"userId":1,"exception":"[object] (Spatie\\LaravelIgnition\\Exceptions\\ViewException(code: 0): Undefined variable $totaleClienti at /home/agstudiodiital/public_html/magia/resources/views/admin/dashboard.blade.php:16)
[stacktrace]
#0 /home/agstudiodiital/public_html/magia/vendor/laravel/framework/src/Illuminate/Filesystem/Filesystem.php(123): require('/home/agstudiod...')
#1 /home/agstudiodiital/public_html/magia/vendor/laravel/framework/src/Illuminate/Filesystem/Filesystem.php(124): Illuminate\\Filesystem\\Filesystem::Illuminate\\Filesystem\\{closure}()
#2 /home/agstudiodiital/public_html/magia/vendor/laravel/framework/src/Illuminate/View/Engines/PhpEngine.php(58): Illuminate\\Filesystem\\Filesystem->getRequire()
#3 /home/agstudiodiital/public_html/magia/vendor/laravel/framework/src/Illuminate/View/Engines/CompilerEngine.php(72): Illuminate\\View\\Engines\\PhpEngine->evaluatePath()
#4 /home/agstudiodiital/public_html/magia/vendor/laravel/framework/src/Illuminate/View/View.php(207): Illuminate\\View\\Engines\\CompilerEngine->get()
#5 /home/agstudiodiital/public_html/magia/vendor/laravel/framework/src/Illuminate/View/View.php(190): Illuminate\\View\\View->getContents()
#6 /home/agstudiodiital/public_html/magia/vendor/laravel/framework/src/Illuminate/View/View.php(159): Illuminate\\View\\View->renderContents()
#7 /home/agstudiodiital/public_html/magia/vendor/laravel/framework/src/Illuminate/Http/Response.php(69): Illuminate\\View\\View->render()
#8 /home/agstudiodiital/public_html/magia/vendor/laravel/framework/src/Illuminate/Http/Response.php(35): Illuminate\\Http\\Response->setContent()
#9 /home/agstudiodiital/public_html/magia/vendor/laravel/framework/src/Illuminate/Routing/Router.php(918): Illuminate\\Http\\Response->__construct()
#10 /home/agstudiodiital/public_html/magia/vendor/laravel/framework/src/Illuminate/Routing/Router.php(885): Illuminate\\Routing\\Router::toResponse()
#11 /home/agstudiodiital/public_html/magia/vendor/laravel/framework/src/Illuminate/Routing/Router.php(806): Illuminate\\Routing\\Router->prepareResponse()
#12 /home/agstudiodiital/public_html/magia/vendor/laravel/framework/src/Illuminate/Pipeline/Pipeline.php(144): Illuminate\\Routing\\Router->Illuminate\\Routing\\{closure}()
#13 /home/agstudiodiital/public_html/magia/app/Http/Controllers/Admin/DashboardController.php(46): Illuminate\\Pipeline\\Pipeline->Illuminate\\Pipeline\\{closure}()
#14 /home/agstudiodiital/public_html/magia/vendor/laravel/framework/src/Illuminate/Pipeline/Pipeline.php(165): App\\Http\\Controllers\\Admin\\DashboardController->App\\Http\\Controllers\\Admin\\{closure}()
#15 /home/agstudiodiital/public_html/magia/vendor/laravel/framework/src/Illuminate/Routing/Middleware/SubstituteBindings.php(50): Illuminate\\Pipeline\\Pipeline->Illuminate\\Pipeline\\{closure}()
#16 /home/agstudiodiital/public_html/magia/vendor/laravel/framework/src/Illuminate/Pipeline/Pipeline.php(183): Illuminate\\Routing\\Middleware\\SubstituteBindings->handle()
#17 /home/agstudiodiital/public_html/magia/vendor/laravel/framework/src/Illuminate/Auth/Middleware/Authenticate.php(57): Illuminate\\Pipeline\\Pipeline->Illuminate\\Pipeline\\{closure}()
#18 /home/agstudiodiital/public_html/magia/vendor/laravel/framework/src/Illuminate/Pipeline/Pipeline.php(183): Illuminate\\Auth\\Middleware\\Authenticate->handle()
#19 /home/agstudiodiital/public_html/magia/vendor/laravel/framework/src/Illuminate/Foundation/Http/Middleware/VerifyCsrfToken.php(78): Illuminate\\Pipeline\\Pipeline->Illuminate\\Pipeline\\{closure}()
#20 /home/agstudiodiital/public_html/magia/vendor/laravel/framework/src/Illuminate/Pipeline/Pipeline.php(183): Illuminate\\Foundation\\Http\\Middleware\\VerifyCsrfToken->handle()
#21 /home/agstudiodiital/public_html/magia/vendor/laravel/framework/src/Illuminate/View/Middleware/ShareErrorsFromSession.php(49): Illuminate\\Pipeline\\Pipeline->Illuminate\\Pipeline\\{closure}()
#22 /home/agstudiodiital/public_html/magia/vendor/laravel/framework/src/Illuminate/Pipeline/Pipeline.php(183): Illuminate\\View\\Middleware\\ShareErrorsFromSession->handle()
#23 /home/agstudiodiital/public_html/magia/vendor/laravel/framework/src/Illuminate/Session/Middleware/StartSession.php(121): Illuminate\\Pipeline\\Pipeline->Illuminate\\Pipeline\\{closure}()
#24 /home/agstudiodiital/public_html/magia/vendor/laravel/framework/src/Illuminate/Session/Middleware/StartSession.php(64): Illuminate\\Session\\Middleware\\StartSession->handleStatefulRequest()
#25 /home/agstudiodiital/public_html/magia/vendor/laravel/framework/src/Illuminate/Pipeline/Pipeline.php(183): Illuminate\\Session\\Middleware\\StartSession->handle()
#26 /home/agstudiodiital/public_html/magia/vendor/laravel/framework/src/Illuminate/Cookie/Middleware/AddQueuedCookiesToResponse.php(37): Illuminate\\Pipeline\\Pipeline->Illuminate\\Pipeline\\{closure}()
#27 /home/agstudiodiital/public_html/magia/vendor/laravel/framework/src/Illuminate/Pipeline/Pipeline.php(183): Illuminate\\Cookie\\Middleware\\AddQueuedCookiesToResponse->handle()
#28 /home/agstudiodiital/public_html/magia/vendor/laravel/framework/src/Illuminate/Cookie/Middleware/EncryptCookies.php(67): Illuminate\\Pipeline\\Pipeline->Illuminate\\Pipeline\\{closure}()
#29 /home/agstudiodiital/public_html/magia/vendor/laravel/framework/src/Illuminate/Pipeline/Pipeline.php(183): Illuminate\\Cookie\\Middleware\\EncryptCookies->handle()
#30 /home/agstudiodiital/public_html/magia/vendor/laravel/framework/src/Illuminate/Pipeline/Pipeline.php(119): Illuminate\\Pipeline\\Pipeline->Illuminate\\Pipeline\\{closure}()
#31 /home/agstudiodiital/public_html/magia/vendor/laravel/framework/src/Illuminate/Routing/Router.php(807): Illuminate\\Pipeline\\Pipeline->then()
#32 /home/agstudiodiital/public_html/magia/vendor/laravel/framework/src/Illuminate/Routing/Router.php(784): Illuminate\\Routing\\Router->runRouteWithinStack()
#33 /home/agstudiodiital/public_html/magia/vendor/laravel/framework/src/Illuminate/Routing/Router.php(748): Illuminate\\Routing\\Router->runRoute()
#34 /home/agstudiodiital/public_html/magia/vendor/laravel/framework/src/Illuminate/Routing/Router.php(737): Illuminate\\Routing\\Router->dispatchToRoute()
#35 /home/agstudiodiital/public_html/magia/vendor/laravel/framework/src/Illuminate/Foundation/Http/Kernel.php(200): Illuminate\\Routing\\Router->dispatch()
#36 /home/agstudiodiital/public_html/magia/vendor/laravel/framework/src/Illuminate/Pipeline/Pipeline.php(144): Illuminate\\Foundation\\Http\\Kernel->Illuminate\\Foundation\\Http\\{closure}()
#37 /home/agstudiodiital/public_html/magia/vendor/laravel/framework/src/Illuminate/Foundation/Http/Middleware/TransformsRequest.php(21): Illuminate\\Pipeline\\Pipeline->Illuminate\\Pipeline\\{closure}()
#38 /home/agstudiodiital/public_html/magia/vendor/laravel/framework/src/Illuminate/Foundation/Http/Middleware/ConvertEmptyStringsToNull.php(31): Illuminate\\Foundation\\Http\\Middleware\\TransformsRequest->handle()
#39 /home/agstudiodiital/public_html/magia/vendor/laravel/framework/src/Illuminate/Pipeline/Pipeline.php(183): Illuminate\\Foundation\\Http\\Middleware\\ConvertEmptyStringsToNull->handle()
#40 /home/agstudiodiital/public_html/magia/vendor/laravel/framework/src/Illuminate/Foundation/Http/Middleware/TransformsRequest.php(21): Illuminate\\Pipeline\\Pipeline->Illuminate\\Pipeline\\{closure}()
#41 /home/agstudiodiital/public_html/magia/vendor/laravel/framework/src/Illuminate/Foundation/Http/Middleware/TrimStrings.php(40): Illuminate\\Foundation\\Http\\Middleware\\TransformsRequest->handle()
#42 /home/agstudiodiital/public_html/magia/vendor/laravel/framework/src/Illuminate/Pipeline/Pipeline.php(183): Illuminate\\Foundation\\Http\\Middleware\\TrimStrings->handle()
#43 /home/agstudiodiital/public_html/magia/vendor/laravel/framework/src/Illuminate/Foundation/Http/Middleware/ValidatePostSize.php(27): Illuminate\\Pipeline\\Pipeline->Illuminate\\Pipeline\\{closure}()
#44 /home/agstudiodiital/public_html/magia/vendor/laravel/framework/src/Illuminate/Pipeline/Pipeline.php(183): Illuminate\\Foundation\\Http\\Middleware\\ValidatePostSize->handle()
#45 /home/agstudiodiital/public_html/magia/vendor/laravel/framework/src/Illuminate/Foundation/Http/Middleware/PreventRequestsDuringMaintenance.php(99): Illuminate\\Pipeline\\Pipeline->Illuminate\\Pipeline\\{closure}()
#46 /home/agstudiodiital/public_html/magia/vendor/laravel/framework/src/Illuminate/Pipeline/Pipeline.php(183): Illuminate\\Foundation\\Http\\Middleware\\PreventRequestsDuringMaintenance->handle()
#47 /home/agstudiodiital/public_html/magia/vendor/laravel/framework/src/Illuminate/Http/Middleware/HandleCors.php(49): Illuminate\\Pipeline\\Pipeline->Illuminate\\Pipeline\\{closure}()
#48 /home/agstudiodiital/public_html/magia/vendor/laravel/framework/src/Illuminate/Pipeline/Pipeline.php(183): Illuminate\\Http\\Middleware\\HandleCors->handle()
#49 /home/agstudiodiital/public_html/magia/vendor/laravel/framework/src/Illuminate/Http/Middleware/TrustProxies.php(39): Illuminate\\Pipeline\\Pipeline->Illuminate\\Pipeline\\{closure}()
#50 /home/agstudiodiital/public_html/magia/vendor/laravel/framework/src/Illuminate/Pipeline/Pipeline.php(183): Illuminate\\Http\\Middleware\\TrustProxies->handle()
#51 /home/agstudiodiital/public_html/magia/vendor/laravel/framework/src/Illuminate/Pipeline/Pipeline.php(119): Illuminate\\Pipeline\\Pipeline->Illuminate\\Pipeline\\{closure}()
#52 /home/agstudiodiital/public_html/magia/vendor/laravel/framework/src/Illuminate/Foundation/Http/Kernel.php(175): Illuminate\\Pipeline\\Pipeline->then()
#53 /home/agstudiodiital/public_html/magia/vendor/laravel/framework/src/Illuminate/Foundation/Http/Kernel.php(144): Illuminate\\Foundation\\Http\\Kernel->sendRequestThroughRouter()
#54 /home/agstudiodiital/public_html/magia/public/index.php(52): Illuminate\\Foundation\\Http\\Kernel->handle()
#55 {main}

[previous exception] [object] (ErrorException(code: 0): Undefined variable $totaleClienti at /home/agstudiodiital/public_html/magia/storage/framework/views/a75176e0b179937379418d239b49e383.php:14)
[stacktrace]
#0 /home/agstudiodiital/public_html/magia/vendor/laravel/framework/src/Illuminate/Foundation/Bootstrap/HandleExceptions.php(255): Illuminate\\Foundation\\Bootstrap\\HandleExceptions->handleError()
#1 /home/agstudiodiital/public_html/magia/storage/framework/views/a75176e0b179937379418d239b49e383.php(14): Illuminate\\Foundation\\Bootstrap\\HandleExceptions->Illuminate\\Foundation\\Bootstrap\\{closure}()
#2 /home/agstudiodiital/public_html/magia/vendor/laravel/framework/src/Illuminate/Filesystem/Filesystem.php(123): require('/home/agstudiod...')
#3 /home/agstudiodiital/public_html/magia/vendor/laravel/framework/src/Illuminate/Filesystem/Filesystem.php(124): Illuminate\\Filesystem\\Filesystem::Illuminate\\Filesystem\\{closure}()
#4 /home/agstudiodiital/public_html/magia/vendor/laravel/framework/src/Illuminate/View/Engines/PhpEngine.php(58): Illuminate\\Filesystem\\Filesystem->getRequire()
#5 /home/agstudiodiital/public_html/magia/vendor/laravel/framework/src/Illuminate/View/Engines/CompilerEngine.php(72): Illuminate\\View\\Engines\\PhpEngine->evaluatePath()
#6 /home/agstudiodiital/public_html/magia/vendor/laravel/framework/src/Illuminate/View/View.php(207): Illuminate\\View\\Engines\\CompilerEngine->get()
#7 /home/agstudiodiital/public_html/magia/vendor/laravel/framework/src/Illuminate/View/View.php(190): Illuminate\\View\\View->getContents()
#8 /home/agstudiodiital/public_html/magia/vendor/laravel/framework/src/Illuminate/View/View.php(159): Illuminate\\View\\View->renderContents()
#9 /home/agstudiodiital/public_html/magia/vendor/laravel/framework/src/Illuminate/Http/Response.php(69): Illuminate\\View\\View->render()
#10 /home/agstudiodiital/public_html/magia/vendor/laravel/framework/src/Illuminate/Http/Response.php(35): Illuminate\\Http\\Response->setContent()
#11 /home/agstudiodiital/public_html/magia/vendor/laravel/framework/src/Illuminate/Routing/Router.php(918): Illuminate\\Http\\Response->__construct()
#12 /home/agstudiodiital/public_html/magia/vendor/laravel/framework/src/Illuminate/Routing/Router.php(885): Illuminate\\Routing\\Router::toResponse()
#13 /home/agstudiodiital/public_html/magia/vendor/laravel/framework/src/Illuminate/Routing/Router.php(806): Illuminate\\Routing\\Router->prepareResponse()
#14 /home/agstudiodiital/public_html/magia/vendor/laravel/framework/src/Illuminate/Pipeline/Pipeline.php(144): Illuminate\\Routing\\Router->Illuminate\\Routing\\{closure}()
#15 /home/agstudiodiital/public_html/magia/app/Http/Controllers/Admin/DashboardController.php(46): Illuminate\\Pipeline\\Pipeline->Illuminate\\Pipeline\\{closure}()
#16 /home/agstudiodiital/public_html/magia/vendor/laravel/framework/src/Illuminate/Pipeline/Pipeline.php(165): App\\Http\\Controllers\\Admin\\DashboardController->App\\Http\\Controllers\\Admin\\{closure}()
#17 /home/agstudiodiital/public_html/magia/vendor/laravel/framework/src/Illuminate/Routing/Middleware/SubstituteBindings.php(50): Illuminate\\Pipeline\\Pipeline->Illuminate\\Pipeline\\{closure}()
#18 /home/agstudiodiital/public_html/magia/vendor/laravel/framework/src/Illuminate/Pipeline/Pipeline.php(183): Illuminate\\Routing\\Middleware\\SubstituteBindings->handle()
#19 /home/agstudiodiital/public_html/magia/vendor/laravel/framework/src/Illuminate/Auth/Middleware/Authenticate.php(57): Illuminate\\Pipeline\\Pipeline->Illuminate\\Pipeline\\{closure}()
#20 /home/agstudiodiital/public_html/magia/vendor/laravel/framework/src/Illuminate/Pipeline/Pipeline.php(183): Illuminate\\Auth\\Middleware\\Authenticate->handle()
#21 /home/agstudiodiital/public_html/magia/vendor/laravel/framework/src/Illuminate/Foundation/Http/Middleware/VerifyCsrfToken.php(78): Illuminate\\Pipeline\\Pipeline->Illuminate\\Pipeline\\{closure}()
#22 /home/agstudiodiital/public_html/magia/vendor/laravel/framework/src/Illuminate/Pipeline/Pipeline.php(183): Illuminate\\Foundation\\Http\\Middleware\\VerifyCsrfToken->handle()
#23 /home/agstudiodiital/public_html/magia/vendor/laravel/framework/src/Illuminate/View/Middleware/ShareErrorsFromSession.php(49): Illuminate\\Pipeline\\Pipeline->Illuminate\\Pipeline\\{closure}()
#24 /home/agstudiodiital/public_html/magia/vendor/laravel/framework/src/Illuminate/Pipeline/Pipeline.php(183): Illuminate\\View\\Middleware\\ShareErrorsFromSession->handle()
#25 /home/agstudiodiital/public_html/magia/vendor/laravel/framework/src/Illuminate/Session/Middleware/StartSession.php(121): Illuminate\\Pipeline\\Pipeline->Illuminate\\Pipeline\\{closure}()
#26 /home/agstudiodiital/public_html/magia/vendor/laravel/framework/src/Illuminate/Session/Middleware/StartSession.php(64): Illuminate\\Session\\Middleware\\StartSession->handleStatefulRequest()
#27 /home/agstudiodiital/public_html/magia/vendor/laravel/framework/src/Illuminate/Pipeline/Pipeline.php(183): Illuminate\\Session\\Middleware\\StartSession->handle()
#28 /home/agstudiodiital/public_html/magia/vendor/laravel/framework/src/Illuminate/Cookie/Middleware/AddQueuedCookiesToResponse.php(37): Illuminate\\Pipeline\\Pipeline->Illuminate\\Pipeline\\{closure}()
#29 /home/agstudiodiital/public_html/magia/vendor/laravel/framework/src/Illuminate/Pipeline/Pipeline.php(183): Illuminate\\Cookie\\Middleware\\AddQueuedCookiesToResponse->handle()
#30 /home/agstudiodiital/public_html/magia/vendor/laravel/framework/src/Illuminate/Cookie/Middleware/EncryptCookies.php(67): Illuminate\\Pipeline\\Pipeline->Illuminate\\Pipeline\\{closure}()
#31 /home/agstudiodiital/public_html/magia/vendor/laravel/framework/src/Illuminate/Pipeline/Pipeline.php(183): Illuminate\\Cookie\\Middleware\\EncryptCookies->handle()
#32 /home/agstudiodiital/public_html/magia/vendor/laravel/framework/src/Illuminate/Pipeline/Pipeline.php(119): Illuminate\\Pipeline\\Pipeline->Illuminate\\Pipeline\\{closure}()
#33 /home/agstudiodiital/public_html/magia/vendor/laravel/framework/src/Illuminate/Routing/Router.php(807): Illuminate\\Pipeline\\Pipeline->then()
#34 /home/agstudiodiital/public_html/magia/vendor/laravel/framework/src/Illuminate/Routing/Router.php(784): Illuminate\\Routing\\Router->runRouteWithinStack()
#35 /home/agstudiodiital/public_html/magia/vendor/laravel/framework/src/Illuminate/Routing/Router.php(748): Illuminate\\Routing\\Router->runRoute()
#36 /home/agstudiodiital/public_html/magia/vendor/laravel/framework/src/Illuminate/Routing/Router.php(737): Illuminate\\Routing\\Router->dispatchToRoute()
#37 /home/agstudiodiital/public_html/magia/vendor/laravel/framework/src/Illuminate/Foundation/Http/Kernel.php(200): Illuminate\\Routing\\Router->dispatch()
#38 /home/agstudiodiital/public_html/magia/vendor/laravel/framework/src/Illuminate/Pipeline/Pipeline.php(144): Illuminate\\Foundation\\Http\\Kernel->Illuminate\\Foundation\\Http\\{closure}()
#39 /home/agstudiodiital/public_html/magia/vendor/laravel/framework/src/Illuminate/Foundation/Http/Middleware/TransformsRequest.php(21): Illuminate\\Pipeline\\Pipeline->Illuminate\\Pipeline\\{closure}()
#40 /home/agstudiodiital/public_html/magia/vendor/laravel/framework/src/Illuminate/Foundation/Http/Middleware/ConvertEmptyStringsToNull.php(31): Illuminate\\Foundation\\Http\\Middleware\\TransformsRequest->handle()
#41 /home/agstudiodiital/public_html/magia/vendor/laravel/framework/src/Illuminate/Pipeline/Pipeline.php(183): Illuminate\\Foundation\\Http\\Middleware\\ConvertEmptyStringsToNull->handle()
#42 /home/agstudiodiital/public_html/magia/vendor/laravel/framework/src/Illuminate/Foundation/Http/Middleware/TransformsRequest.php(21): Illuminate\\Pipeline\\Pipeline->Illuminate\\Pipeline\\{closure}()
#43 /home/agstudiodiital/public_html/magia/vendor/laravel/framework/src/Illuminate/Foundation/Http/Middleware/TrimStrings.php(40): Illuminate\\Foundation\\Http\\Middleware\\TransformsRequest->handle()
#44 /home/agstudiodiital/public_html/magia/vendor/laravel/framework/src/Illuminate/Pipeline/Pipeline.php(183): Illuminate\\Foundation\\Http\\Middleware\\TrimStrings->handle()
#45 /home/agstudiodiital/public_html/magia/vendor/laravel/framework/src/Illuminate/Foundation/Http/Middleware/ValidatePostSize.php(27): Illuminate\\Pipeline\\Pipeline->Illuminate\\Pipeline\\{closure}()
#46 /home/agstudiodiital/public_html/magia/vendor/laravel/framework/src/Illuminate/Pipeline/Pipeline.php(183): Illuminate\\Foundation\\Http\\Middleware\\ValidatePostSize->handle()
#47 /home/agstudiodiital/public_html/magia/vendor/laravel/framework/src/Illuminate/Foundation/Http/Middleware/PreventRequestsDuringMaintenance.php(99): Illuminate\\Pipeline\\Pipeline->Illuminate\\Pipeline\\{closure}()
#48 /home/agstudiodiital/public_html/magia/vendor/laravel/framework/src/Illuminate/Pipeline/Pipeline.php(183): Illuminate\\Foundation\\Http\\Middleware\\PreventRequestsDuringMaintenance->handle()
#49 /home/agstudiodiital/public_html/magia/vendor/laravel/framework/src/Illuminate/Http/Middleware/HandleCors.php(49): Illuminate\\Pipeline\\Pipeline->Illuminate\\Pipeline\\{closure}()
#50 /home/agstudiodiital/public_html/magia/vendor/laravel/framework/src/Illuminate/Pipeline/Pipeline.php(183): Illuminate\\Http\\Middleware\\HandleCors->handle()
#51 /home/agstudiodiital/public_html/magia/vendor/laravel/framework/src/Illuminate/Http/Middleware/TrustProxies.php(39): Illuminate\\Pipeline\\Pipeline->Illuminate\\Pipeline\\{closure}()
#52 /home/agstudiodiital/public_html/magia/vendor/laravel/framework/src/Illuminate/Pipeline/Pipeline.php(183): Illuminate\\Http\\Middleware\\TrustProxies->handle()
#53 /home/agstudiodiital/public_html/magia/vendor/laravel/framework/src/Illuminate/Pipeline/Pipeline.php(119): Illuminate\\Pipeline\\Pipeline->Illuminate\\Pipeline\\{closure}()
#54 /home/agstudiodiital/public_html/magia/vendor/laravel/framework/src/Illuminate/Foundation/Http/Kernel.php(175): Illuminate\\Pipeline\\Pipeline->then()
#55 /home/agstudiodiital/public_html/magia/vendor/laravel/framework/src/Illuminate/Foundation/Http/Kernel.php(144): Illuminate\\Foundation\\Http\\Kernel->sendRequestThroughRouter()
#56 /home/agstudiodiital/public_html/magia/public/index.php(52): Illuminate\\Foundation\\Http\\Kernel->handle()
#57 {main}
"} 
[2025-11-10 08:47:01] production.ERROR: Undefined variable $totaleClienti {"view":{"view":"/home/agstudiodiital/public_html/magia/resources/views/admin/dashboard.blade.php","data":[]},"userId":1,"exception":"[object] (Spatie\\LaravelIgnition\\Exceptions\\ViewException(code: 0): Undefined variable $totaleClienti at /home/agstudiodiital/public_html/magia/resources/views/admin/dashboard.blade.php:16)
[stacktrace]
#0 /home/agstudiodiital/public_html/magia/vendor/laravel/framework/src/Illuminate/Filesystem/Filesystem.php(123): require('/home/agstudiod...')
#1 /home/agstudiodiital/public_html/magia/vendor/laravel/framework/src/Illuminate/Filesystem/Filesystem.php(124): Illuminate\\Filesystem\\Filesystem::Illuminate\\Filesystem\\{closure}()
#2 /home/agstudiodiital/public_html/magia/vendor/laravel/framework/src/Illuminate/View/Engines/PhpEngine.php(58): Illuminate\\Filesystem\\Filesystem->getRequire()
#3 /home/agstudiodiital/public_html/magia/vendor/laravel/framework/src/Illuminate/View/Engines/CompilerEngine.php(72): Illuminate\\View\\Engines\\PhpEngine->evaluatePath()
#4 /home/agstudiodiital/public_html/magia/vendor/laravel/framework/src/Illuminate/View/View.php(207): Illuminate\\View\\Engines\\CompilerEngine->get()
#5 /home/agstudiodiital/public_html/magia/vendor/laravel/framework/src/Illuminate/View/View.php(190): Illuminate\\View\\View->getContents()
#6 /home/agstudiodiital/public_html/magia/vendor/laravel/framework/src/Illuminate/View/View.php(159): Illuminate\\View\\View->renderContents()
#7 /home/agstudiodiital/public_html/magia/vendor/laravel/framework/src/Illuminate/Http/Response.php(69): Illuminate\\View\\View->render()
#8 /home/agstudiodiital/public_html/magia/vendor/laravel/framework/src/Illuminate/Http/Response.php(35): Illuminate\\Http\\Response->setContent()
#9 /home/agstudiodiital/public_html/magia/vendor/laravel/framework/src/Illuminate/Routing/Router.php(918): Illuminate\\Http\\Response->__construct()
#10 /home/agstudiodiital/public_html/magia/vendor/laravel/framework/src/Illuminate/Routing/Router.php(885): Illuminate\\Routing\\Router::toResponse()
#11 /home/agstudiodiital/public_html/magia/vendor/laravel/framework/src/Illuminate/Routing/Router.php(806): Illuminate\\Routing\\Router->prepareResponse()
#12 /home/agstudiodiital/public_html/magia/vendor/laravel/framework/src/Illuminate/Pipeline/Pipeline.php(144): Illuminate\\Routing\\Router->Illuminate\\Routing\\{closure}()
#13 /home/agstudiodiital/public_html/magia/app/Http/Controllers/Admin/DashboardController.php(46): Illuminate\\Pipeline\\Pipeline->Illuminate\\Pipeline\\{closure}()
#14 /home/agstudiodiital/public_html/magia/vendor/laravel/framework/src/Illuminate/Pipeline/Pipeline.php(165): App\\Http\\Controllers\\Admin\\DashboardController->App\\Http\\Controllers\\Admin\\{closure}()
#15 /home/agstudiodiital/public_html/magia/vendor/laravel/framework/src/Illuminate/Routing/Middleware/SubstituteBindings.php(50): Illuminate\\Pipeline\\Pipeline->Illuminate\\Pipeline\\{closure}()
#16 /home/agstudiodiital/public_html/magia/vendor/laravel/framework/src/Illuminate/Pipeline/Pipeline.php(183): Illuminate\\Routing\\Middleware\\SubstituteBindings->handle()
#17 /home/agstudiodiital/public_html/magia/vendor/laravel/framework/src/Illuminate/Auth/Middleware/Authenticate.php(57): Illuminate\\Pipeline\\Pipeline->Illuminate\\Pipeline\\{closure}()
#18 /home/agstudiodiital/public_html/magia/vendor/laravel/framework/src/Illuminate/Pipeline/Pipeline.php(183): Illuminate\\Auth\\Middleware\\Authenticate->handle()
#19 /home/agstudiodiital/public_html/magia/vendor/laravel/framework/src/Illuminate/Foundation/Http/Middleware/VerifyCsrfToken.php(78): Illuminate\\Pipeline\\Pipeline->Illuminate\\Pipeline\\{closure}()
#20 /home/agstudiodiital/public_html/magia/vendor/laravel/framework/src/Illuminate/Pipeline/Pipeline.php(183): Illuminate\\Foundation\\Http\\Middleware\\VerifyCsrfToken->handle()
#21 /home/agstudiodiital/public_html/magia/vendor/laravel/framework/src/Illuminate/View/Middleware/ShareErrorsFromSession.php(49): Illuminate\\Pipeline\\Pipeline->Illuminate\\Pipeline\\{closure}()
#22 /home/agstudiodiital/public_html/magia/vendor/laravel/framework/src/Illuminate/Pipeline/Pipeline.php(183): Illuminate\\View\\Middleware\\ShareErrorsFromSession->handle()
#23 /home/agstudiodiital/public_html/magia/vendor/laravel/framework/src/Illuminate/Session/Middleware/StartSession.php(121): Illuminate\\Pipeline\\Pipeline->Illuminate\\Pipeline\\{closure}()
#24 /home/agstudiodiital/public_html/magia/vendor/laravel/framework/src/Illuminate/Session/Middleware/StartSession.php(64): Illuminate\\Session\\Middleware\\StartSession->handleStatefulRequest()
#25 /home/agstudiodiital/public_html/magia/vendor/laravel/framework/src/Illuminate/Pipeline/Pipeline.php(183): Illuminate\\Session\\Middleware\\StartSession->handle()
#26 /home/agstudiodiital/public_html/magia/vendor/laravel/framework/src/Illuminate/Cookie/Middleware/AddQueuedCookiesToResponse.php(37): Illuminate\\Pipeline\\Pipeline->Illuminate\\Pipeline\\{closure}()
#27 /home/agstudiodiital/public_html/magia/vendor/laravel/framework/src/Illuminate/Pipeline/Pipeline.php(183): Illuminate\\Cookie\\Middleware\\AddQueuedCookiesToResponse->handle()
#28 /home/agstudiodiital/public_html/magia/vendor/laravel/framework/src/Illuminate/Cookie/Middleware/EncryptCookies.php(67): Illuminate\\Pipeline\\Pipeline->Illuminate\\Pipeline\\{closure}()
#29 /home/agstudiodiital/public_html/magia/vendor/laravel/framework/src/Illuminate/Pipeline/Pipeline.php(183): Illuminate\\Cookie\\Middleware\\EncryptCookies->handle()
#30 /home/agstudiodiital/public_html/magia/vendor/laravel/framework/src/Illuminate/Pipeline/Pipeline.php(119): Illuminate\\Pipeline\\Pipeline->Illuminate\\Pipeline\\{closure}()
#31 /home/agstudiodiital/public_html/magia/vendor/laravel/framework/src/Illuminate/Routing/Router.php(807): Illuminate\\Pipeline\\Pipeline->then()
#32 /home/agstudiodiital/public_html/magia/vendor/laravel/framework/src/Illuminate/Routing/Router.php(784): Illuminate\\Routing\\Router->runRouteWithinStack()
#33 /home/agstudiodiital/public_html/magia/vendor/laravel/framework/src/Illuminate/Routing/Router.php(748): Illuminate\\Routing\\Router->runRoute()
#34 /home/agstudiodiital/public_html/magia/vendor/laravel/framework/src/Illuminate/Routing/Router.php(737): Illuminate\\Routing\\Router->dispatchToRoute()
#35 /home/agstudiodiital/public_html/magia/vendor/laravel/framework/src/Illuminate/Foundation/Http/Kernel.php(200): Illuminate\\Routing\\Router->dispatch()
#36 /home/agstudiodiital/public_html/magia/vendor/laravel/framework/src/Illuminate/Pipeline/Pipeline.php(144): Illuminate\\Foundation\\Http\\Kernel->Illuminate\\Foundation\\Http\\{closure}()
#37 /home/agstudiodiital/public_html/magia/vendor/laravel/framework/src/Illuminate/Foundation/Http/Middleware/TransformsRequest.php(21): Illuminate\\Pipeline\\Pipeline->Illuminate\\Pipeline\\{closure}()
#38 /home/agstudiodiital/public_html/magia/vendor/laravel/framework/src/Illuminate/Foundation/Http/Middleware/ConvertEmptyStringsToNull.php(31): Illuminate\\Foundation\\Http\\Middleware\\TransformsRequest->handle()
#39 /home/agstudiodiital/public_html/magia/vendor/laravel/framework/src/Illuminate/Pipeline/Pipeline.php(183): Illuminate\\Foundation\\Http\\Middleware\\ConvertEmptyStringsToNull->handle()
#40 /home/agstudiodiital/public_html/magia/vendor/laravel/framework/src/Illuminate/Foundation/Http/Middleware/TransformsRequest.php(21): Illuminate\\Pipeline\\Pipeline->Illuminate\\Pipeline\\{closure}()
#41 /home/agstudiodiital/public_html/magia/vendor/laravel/framework/src/Illuminate/Foundation/Http/Middleware/TrimStrings.php(40): Illuminate\\Foundation\\Http\\Middleware\\TransformsRequest->handle()
#42 /home/agstudiodiital/public_html/magia/vendor/laravel/framework/src/Illuminate/Pipeline/Pipeline.php(183): Illuminate\\Foundation\\Http\\Middleware\\TrimStrings->handle()
#43 /home/agstudiodiital/public_html/magia/vendor/laravel/framework/src/Illuminate/Foundation/Http/Middleware/ValidatePostSize.php(27): Illuminate\\Pipeline\\Pipeline->Illuminate\\Pipeline\\{closure}()
#44 /home/agstudiodiital/public_html/magia/vendor/laravel/framework/src/Illuminate/Pipeline/Pipeline.php(183): Illuminate\\Foundation\\Http\\Middleware\\ValidatePostSize->handle()
#45 /home/agstudiodiital/public_html/magia/vendor/laravel/framework/src/Illuminate/Foundation/Http/Middleware/PreventRequestsDuringMaintenance.php(99): Illuminate\\Pipeline\\Pipeline->Illuminate\\Pipeline\\{closure}()
#46 /home/agstudiodiital/public_html/magia/vendor/laravel/framework/src/Illuminate/Pipeline/Pipeline.php(183): Illuminate\\Foundation\\Http\\Middleware\\PreventRequestsDuringMaintenance->handle()
#47 /home/agstudiodiital/public_html/magia/vendor/laravel/framework/src/Illuminate/Http/Middleware/HandleCors.php(49): Illuminate\\Pipeline\\Pipeline->Illuminate\\Pipeline\\{closure}()
#48 /home/agstudiodiital/public_html/magia/vendor/laravel/framework/src/Illuminate/Pipeline/Pipeline.php(183): Illuminate\\Http\\Middleware\\HandleCors->handle()
#49 /home/agstudiodiital/public_html/magia/vendor/laravel/framework/src/Illuminate/Http/Middleware/TrustProxies.php(39): Illuminate\\Pipeline\\Pipeline->Illuminate\\Pipeline\\{closure}()
#50 /home/agstudiodiital/public_html/magia/vendor/laravel/framework/src/Illuminate/Pipeline/Pipeline.php(183): Illuminate\\Http\\Middleware\\TrustProxies->handle()
#51 /home/agstudiodiital/public_html/magia/vendor/laravel/framework/src/Illuminate/Pipeline/Pipeline.php(119): Illuminate\\Pipeline\\Pipeline->Illuminate\\Pipeline\\{closure}()
#52 /home/agstudiodiital/public_html/magia/vendor/laravel/framework/src/Illuminate/Foundation/Http/Kernel.php(175): Illuminate\\Pipeline\\Pipeline->then()
#53 /home/agstudiodiital/public_html/magia/vendor/laravel/framework/src/Illuminate/Foundation/Http/Kernel.php(144): Illuminate\\Foundation\\Http\\Kernel->sendRequestThroughRouter()
#54 /home/agstudiodiital/public_html/magia/public/index.php(52): Illuminate\\Foundation\\Http\\Kernel->handle()
#55 {main}

[previous exception] [object] (ErrorException(code: 0): Undefined variable $totaleClienti at /home/agstudiodiital/public_html/magia/storage/framework/views/a75176e0b179937379418d239b49e383.php:14)
[stacktrace]
#0 /home/agstudiodiital/public_html/magia/vendor/laravel/framework/src/Illuminate/Foundation/Bootstrap/HandleExceptions.php(255): Illuminate\\Foundation\\Bootstrap\\HandleExceptions->handleError()
#1 /home/agstudiodiital/public_html/magia/storage/framework/views/a75176e0b179937379418d239b49e383.php(14): Illuminate\\Foundation\\Bootstrap\\HandleExceptions->Illuminate\\Foundation\\Bootstrap\\{closure}()
#2 /home/agstudiodiital/public_html/magia/vendor/laravel/framework/src/Illuminate/Filesystem/Filesystem.php(123): require('/home/agstudiod...')
#3 /home/agstudiodiital/public_html/magia/vendor/laravel/framework/src/Illuminate/Filesystem/Filesystem.php(124): Illuminate\\Filesystem\\Filesystem::Illuminate\\Filesystem\\{closure}()
#4 /home/agstudiodiital/public_html/magia/vendor/laravel/framework/src/Illuminate/View/Engines/PhpEngine.php(58): Illuminate\\Filesystem\\Filesystem->getRequire()
#5 /home/agstudiodiital/public_html/magia/vendor/laravel/framework/src/Illuminate/View/Engines/CompilerEngine.php(72): Illuminate\\View\\Engines\\PhpEngine->evaluatePath()
#6 /home/agstudiodiital/public_html/magia/vendor/laravel/framework/src/Illuminate/View/View.php(207): Illuminate\\View\\Engines\\CompilerEngine->get()
#7 /home/agstudiodiital/public_html/magia/vendor/laravel/framework/src/Illuminate/View/View.php(190): Illuminate\\View\\View->getContents()
#8 /home/agstudiodiital/public_html/magia/vendor/laravel/framework/src/Illuminate/View/View.php(159): Illuminate\\View\\View->renderContents()
#9 /home/agstudiodiital/public_html/magia/vendor/laravel/framework/src/Illuminate/Http/Response.php(69): Illuminate\\View\\View->render()
#10 /home/agstudiodiital/public_html/magia/vendor/laravel/framework/src/Illuminate/Http/Response.php(35): Illuminate\\Http\\Response->setContent()
#11 /home/agstudiodiital/public_html/magia/vendor/laravel/framework/src/Illuminate/Routing/Router.php(918): Illuminate\\Http\\Response->__construct()
#12 /home/agstudiodiital/public_html/magia/vendor/laravel/framework/src/Illuminate/Routing/Router.php(885): Illuminate\\Routing\\Router::toResponse()
#13 /home/agstudiodiital/public_html/magia/vendor/laravel/framework/src/Illuminate/Routing/Router.php(806): Illuminate\\Routing\\Router->prepareResponse()
#14 /home/agstudiodiital/public_html/magia/vendor/laravel/framework/src/Illuminate/Pipeline/Pipeline.php(144): Illuminate\\Routing\\Router->Illuminate\\Routing\\{closure}()
#15 /home/agstudiodiital/public_html/magia/app/Http/Controllers/Admin/DashboardController.php(46): Illuminate\\Pipeline\\Pipeline->Illuminate\\Pipeline\\{closure}()
#16 /home/agstudiodiital/public_html/magia/vendor/laravel/framework/src/Illuminate/Pipeline/Pipeline.php(165): App\\Http\\Controllers\\Admin\\DashboardController->App\\Http\\Controllers\\Admin\\{closure}()
#17 /home/agstudiodiital/public_html/magia/vendor/laravel/framework/src/Illuminate/Routing/Middleware/SubstituteBindings.php(50): Illuminate\\Pipeline\\Pipeline->Illuminate\\Pipeline\\{closure}()
#18 /home/agstudiodiital/public_html/magia/vendor/laravel/framework/src/Illuminate/Pipeline/Pipeline.php(183): Illuminate\\Routing\\Middleware\\SubstituteBindings->handle()
#19 /home/agstudiodiital/public_html/magia/vendor/laravel/framework/src/Illuminate/Auth/Middleware/Authenticate.php(57): Illuminate\\Pipeline\\Pipeline->Illuminate\\Pipeline\\{closure}()
#20 /home/agstudiodiital/public_html/magia/vendor/laravel/framework/src/Illuminate/Pipeline/Pipeline.php(183): Illuminate\\Auth\\Middleware\\Authenticate->handle()
#21 /home/agstudiodiital/public_html/magia/vendor/laravel/framework/src/Illuminate/Foundation/Http/Middleware/VerifyCsrfToken.php(78): Illuminate\\Pipeline\\Pipeline->Illuminate\\Pipeline\\{closure}()
#22 /home/agstudiodiital/public_html/magia/vendor/laravel/framework/src/Illuminate/Pipeline/Pipeline.php(183): Illuminate\\Foundation\\Http\\Middleware\\VerifyCsrfToken->handle()
#23 /home/agstudiodiital/public_html/magia/vendor/laravel/framework/src/Illuminate/View/Middleware/ShareErrorsFromSession.php(49): Illuminate\\Pipeline\\Pipeline->Illuminate\\Pipeline\\{closure}()
#24 /home/agstudiodiital/public_html/magia/vendor/laravel/framework/src/Illuminate/Pipeline/Pipeline.php(183): Illuminate\\View\\Middleware\\ShareErrorsFromSession->handle()
#25 /home/agstudiodiital/public_html/magia/vendor/laravel/framework/src/Illuminate/Session/Middleware/StartSession.php(121): Illuminate\\Pipeline\\Pipeline->Illuminate\\Pipeline\\{closure}()
#26 /home/agstudiodiital/public_html/magia/vendor/laravel/framework/src/Illuminate/Session/Middleware/StartSession.php(64): Illuminate\\Session\\Middleware\\StartSession->handleStatefulRequest()
#27 /home/agstudiodiital/public_html/magia/vendor/laravel/framework/src/Illuminate/Pipeline/Pipeline.php(183): Illuminate\\Session\\Middleware\\StartSession->handle()
#28 /home/agstudiodiital/public_html/magia/vendor/laravel/framework/src/Illuminate/Cookie/Middleware/AddQueuedCookiesToResponse.php(37): Illuminate\\Pipeline\\Pipeline->Illuminate\\Pipeline\\{closure}()
#29 /home/agstudiodiital/public_html/magia/vendor/laravel/framework/src/Illuminate/Pipeline/Pipeline.php(183): Illuminate\\Cookie\\Middleware\\AddQueuedCookiesToResponse->handle()
#30 /home/agstudiodiital/public_html/magia/vendor/laravel/framework/src/Illuminate/Cookie/Middleware/EncryptCookies.php(67): Illuminate\\Pipeline\\Pipeline->Illuminate\\Pipeline\\{closure}()
#31 /home/agstudiodiital/public_html/magia/vendor/laravel/framework/src/Illuminate/Pipeline/Pipeline.php(183): Illuminate\\Cookie\\Middleware\\EncryptCookies->handle()
#32 /home/agstudiodiital/public_html/magia/vendor/laravel/framework/src/Illuminate/Pipeline/Pipeline.php(119): Illuminate\\Pipeline\\Pipeline->Illuminate\\Pipeline\\{closure}()
#33 /home/agstudiodiital/public_html/magia/vendor/laravel/framework/src/Illuminate/Routing/Router.php(807): Illuminate\\Pipeline\\Pipeline->then()
#34 /home/agstudiodiital/public_html/magia/vendor/laravel/framework/src/Illuminate/Routing/Router.php(784): Illuminate\\Routing\\Router->runRouteWithinStack()
#35 /home/agstudiodiital/public_html/magia/vendor/laravel/framework/src/Illuminate/Routing/Router.php(748): Illuminate\\Routing\\Router->runRoute()
#36 /home/agstudiodiital/public_html/magia/vendor/laravel/framework/src/Illuminate/Routing/Router.php(737): Illuminate\\Routing\\Router->dispatchToRoute()
#37 /home/agstudiodiital/public_html/magia/vendor/laravel/framework/src/Illuminate/Foundation/Http/Kernel.php(200): Illuminate\\Routing\\Router->dispatch()
#38 /home/agstudiodiital/public_html/magia/vendor/laravel/framework/src/Illuminate/Pipeline/Pipeline.php(144): Illuminate\\Foundation\\Http\\Kernel->Illuminate\\Foundation\\Http\\{closure}()
#39 /home/agstudiodiital/public_html/magia/vendor/laravel/framework/src/Illuminate/Foundation/Http/Middleware/TransformsRequest.php(21): Illuminate\\Pipeline\\Pipeline->Illuminate\\Pipeline\\{closure}()
#40 /home/agstudiodiital/public_html/magia/vendor/laravel/framework/src/Illuminate/Foundation/Http/Middleware/ConvertEmptyStringsToNull.php(31): Illuminate\\Foundation\\Http\\Middleware\\TransformsRequest->handle()
#41 /home/agstudiodiital/public_html/magia/vendor/laravel/framework/src/Illuminate/Pipeline/Pipeline.php(183): Illuminate\\Foundation\\Http\\Middleware\\ConvertEmptyStringsToNull->handle()
#42 /home/agstudiodiital/public_html/magia/vendor/laravel/framework/src/Illuminate/Foundation/Http/Middleware/TransformsRequest.php(21): Illuminate\\Pipeline\\Pipeline->Illuminate\\Pipeline\\{closure}()
#43 /home/agstudiodiital/public_html/magia/vendor/laravel/framework/src/Illuminate/Foundation/Http/Middleware/TrimStrings.php(40): Illuminate\\Foundation\\Http\\Middleware\\TransformsRequest->handle()
#44 /home/agstudiodiital/public_html/magia/vendor/laravel/framework/src/Illuminate/Pipeline/Pipeline.php(183): Illuminate\\Foundation\\Http\\Middleware\\TrimStrings->handle()
#45 /home/agstudiodiital/public_html/magia/vendor/laravel/framework/src/Illuminate/Foundation/Http/Middleware/ValidatePostSize.php(27): Illuminate\\Pipeline\\Pipeline->Illuminate\\Pipeline\\{closure}()
#46 /home/agstudiodiital/public_html/magia/vendor/laravel/framework/src/Illuminate/Pipeline/Pipeline.php(183): Illuminate\\Foundation\\Http\\Middleware\\ValidatePostSize->handle()
#47 /home/agstudiodiital/public_html/magia/vendor/laravel/framework/src/Illuminate/Foundation/Http/Middleware/PreventRequestsDuringMaintenance.php(99): Illuminate\\Pipeline\\Pipeline->Illuminate\\Pipeline\\{closure}()
#48 /home/agstudiodiital/public_html/magia/vendor/laravel/framework/src/Illuminate/Pipeline/Pipeline.php(183): Illuminate\\Foundation\\Http\\Middleware\\PreventRequestsDuringMaintenance->handle()
#49 /home/agstudiodiital/public_html/magia/vendor/laravel/framework/src/Illuminate/Http/Middleware/HandleCors.php(49): Illuminate\\Pipeline\\Pipeline->Illuminate\\Pipeline\\{closure}()
#50 /home/agstudiodiital/public_html/magia/vendor/laravel/framework/src/Illuminate/Pipeline/Pipeline.php(183): Illuminate\\Http\\Middleware\\HandleCors->handle()
#51 /home/agstudiodiital/public_html/magia/vendor/laravel/framework/src/Illuminate/Http/Middleware/TrustProxies.php(39): Illuminate\\Pipeline\\Pipeline->Illuminate\\Pipeline\\{closure}()
#52 /home/agstudiodiital/public_html/magia/vendor/laravel/framework/src/Illuminate/Pipeline/Pipeline.php(183): Illuminate\\Http\\Middleware\\TrustProxies->handle()
#53 /home/agstudiodiital/public_html/magia/vendor/laravel/framework/src/Illuminate/Pipeline/Pipeline.php(119): Illuminate\\Pipeline\\Pipeline->Illuminate\\Pipeline\\{closure}()
#54 /home/agstudiodiital/public_html/magia/vendor/laravel/framework/src/Illuminate/Foundation/Http/Kernel.php(175): Illuminate\\Pipeline\\Pipeline->then()
#55 /home/agstudiodiital/public_html/magia/vendor/laravel/framework/src/Illuminate/Foundation/Http/Kernel.php(144): Illuminate\\Foundation\\Http\\Kernel->sendRequestThroughRouter()
#56 /home/agstudiodiital/public_html/magia/public/index.php(52): Illuminate\\Foundation\\Http\\Kernel->handle()
#57 {main}
"} 
[2025-11-10 08:56:09] production.ERROR: Undefined variable $totaleClienti {"view":{"view":"/home/agstudiodiital/public_html/magia/resources/views/admin/dashboard.blade.php","data":[]},"userId":1,"exception":"[object] (Spatie\\LaravelIgnition\\Exceptions\\ViewException(code: 0): Undefined variable $totaleClienti at /home/agstudiodiital/public_html/magia/resources/views/admin/dashboard.blade.php:16)
[stacktrace]
#0 /home/agstudiodiital/public_html/magia/vendor/laravel/framework/src/Illuminate/Filesystem/Filesystem.php(123): require('/home/agstudiod...')
#1 /home/agstudiodiital/public_html/magia/vendor/laravel/framework/src/Illuminate/Filesystem/Filesystem.php(124): Illuminate\\Filesystem\\Filesystem::Illuminate\\Filesystem\\{closure}()
#2 /home/agstudiodiital/public_html/magia/vendor/laravel/framework/src/Illuminate/View/Engines/PhpEngine.php(58): Illuminate\\Filesystem\\Filesystem->getRequire()
#3 /home/agstudiodiital/public_html/magia/vendor/laravel/framework/src/Illuminate/View/Engines/CompilerEngine.php(72): Illuminate\\View\\Engines\\PhpEngine->evaluatePath()
#4 /home/agstudiodiital/public_html/magia/vendor/laravel/framework/src/Illuminate/View/View.php(207): Illuminate\\View\\Engines\\CompilerEngine->get()
#5 /home/agstudiodiital/public_html/magia/vendor/laravel/framework/src/Illuminate/View/View.php(190): Illuminate\\View\\View->getContents()
#6 /home/agstudiodiital/public_html/magia/vendor/laravel/framework/src/Illuminate/View/View.php(159): Illuminate\\View\\View->renderContents()
#7 /home/agstudiodiital/public_html/magia/vendor/laravel/framework/src/Illuminate/Http/Response.php(69): Illuminate\\View\\View->render()
#8 /home/agstudiodiital/public_html/magia/vendor/laravel/framework/src/Illuminate/Http/Response.php(35): Illuminate\\Http\\Response->setContent()
#9 /home/agstudiodiital/public_html/magia/vendor/laravel/framework/src/Illuminate/Routing/Router.php(918): Illuminate\\Http\\Response->__construct()
#10 /home/agstudiodiital/public_html/magia/vendor/laravel/framework/src/Illuminate/Routing/Router.php(885): Illuminate\\Routing\\Router::toResponse()
#11 /home/agstudiodiital/public_html/magia/vendor/laravel/framework/src/Illuminate/Routing/Router.php(806): Illuminate\\Routing\\Router->prepareResponse()
#12 /home/agstudiodiital/public_html/magia/vendor/laravel/framework/src/Illuminate/Pipeline/Pipeline.php(144): Illuminate\\Routing\\Router->Illuminate\\Routing\\{closure}()
#13 /home/agstudiodiital/public_html/magia/vendor/laravel/framework/src/Illuminate/Routing/Middleware/SubstituteBindings.php(50): Illuminate\\Pipeline\\Pipeline->Illuminate\\Pipeline\\{closure}()
#14 /home/agstudiodiital/public_html/magia/vendor/laravel/framework/src/Illuminate/Pipeline/Pipeline.php(183): Illuminate\\Routing\\Middleware\\SubstituteBindings->handle()
#15 /home/agstudiodiital/public_html/magia/vendor/laravel/framework/src/Illuminate/Auth/Middleware/Authenticate.php(57): Illuminate\\Pipeline\\Pipeline->Illuminate\\Pipeline\\{closure}()
#16 /home/agstudiodiital/public_html/magia/vendor/laravel/framework/src/Illuminate/Pipeline/Pipeline.php(183): Illuminate\\Auth\\Middleware\\Authenticate->handle()
#17 /home/agstudiodiital/public_html/magia/vendor/laravel/framework/src/Illuminate/Foundation/Http/Middleware/VerifyCsrfToken.php(78): Illuminate\\Pipeline\\Pipeline->Illuminate\\Pipeline\\{closure}()
#18 /home/agstudiodiital/public_html/magia/vendor/laravel/framework/src/Illuminate/Pipeline/Pipeline.php(183): Illuminate\\Foundation\\Http\\Middleware\\VerifyCsrfToken->handle()
#19 /home/agstudiodiital/public_html/magia/vendor/laravel/framework/src/Illuminate/View/Middleware/ShareErrorsFromSession.php(49): Illuminate\\Pipeline\\Pipeline->Illuminate\\Pipeline\\{closure}()
#20 /home/agstudiodiital/public_html/magia/vendor/laravel/framework/src/Illuminate/Pipeline/Pipeline.php(183): Illuminate\\View\\Middleware\\ShareErrorsFromSession->handle()
#21 /home/agstudiodiital/public_html/magia/vendor/laravel/framework/src/Illuminate/Session/Middleware/StartSession.php(121): Illuminate\\Pipeline\\Pipeline->Illuminate\\Pipeline\\{closure}()
#22 /home/agstudiodiital/public_html/magia/vendor/laravel/framework/src/Illuminate/Session/Middleware/StartSession.php(64): Illuminate\\Session\\Middleware\\StartSession->handleStatefulRequest()
#23 /home/agstudiodiital/public_html/magia/vendor/laravel/framework/src/Illuminate/Pipeline/Pipeline.php(183): Illuminate\\Session\\Middleware\\StartSession->handle()
#24 /home/agstudiodiital/public_html/magia/vendor/laravel/framework/src/Illuminate/Cookie/Middleware/AddQueuedCookiesToResponse.php(37): Illuminate\\Pipeline\\Pipeline->Illuminate\\Pipeline\\{closure}()
#25 /home/agstudiodiital/public_html/magia/vendor/laravel/framework/src/Illuminate/Pipeline/Pipeline.php(183): Illuminate\\Cookie\\Middleware\\AddQueuedCookiesToResponse->handle()
#26 /home/agstudiodiital/public_html/magia/vendor/laravel/framework/src/Illuminate/Cookie/Middleware/EncryptCookies.php(67): Illuminate\\Pipeline\\Pipeline->Illuminate\\Pipeline\\{closure}()
#27 /home/agstudiodiital/public_html/magia/vendor/laravel/framework/src/Illuminate/Pipeline/Pipeline.php(183): Illuminate\\Cookie\\Middleware\\EncryptCookies->handle()
#28 /home/agstudiodiital/public_html/magia/vendor/laravel/framework/src/Illuminate/Pipeline/Pipeline.php(119): Illuminate\\Pipeline\\Pipeline->Illuminate\\Pipeline\\{closure}()
#29 /home/agstudiodiital/public_html/magia/vendor/laravel/framework/src/Illuminate/Routing/Router.php(807): Illuminate\\Pipeline\\Pipeline->then()
#30 /home/agstudiodiital/public_html/magia/vendor/laravel/framework/src/Illuminate/Routing/Router.php(784): Illuminate\\Routing\\Router->runRouteWithinStack()
#31 /home/agstudiodiital/public_html/magia/vendor/laravel/framework/src/Illuminate/Routing/Router.php(748): Illuminate\\Routing\\Router->runRoute()
#32 /home/agstudiodiital/public_html/magia/vendor/laravel/framework/src/Illuminate/Routing/Router.php(737): Illuminate\\Routing\\Router->dispatchToRoute()
#33 /home/agstudiodiital/public_html/magia/vendor/laravel/framework/src/Illuminate/Foundation/Http/Kernel.php(200): Illuminate\\Routing\\Router->dispatch()
#34 /home/agstudiodiital/public_html/magia/vendor/laravel/framework/src/Illuminate/Pipeline/Pipeline.php(144): Illuminate\\Foundation\\Http\\Kernel->Illuminate\\Foundation\\Http\\{closure}()
#35 /home/agstudiodiital/public_html/magia/vendor/laravel/framework/src/Illuminate/Foundation/Http/Middleware/TransformsRequest.php(21): Illuminate\\Pipeline\\Pipeline->Illuminate\\Pipeline\\{closure}()
#36 /home/agstudiodiital/public_html/magia/vendor/laravel/framework/src/Illuminate/Foundation/Http/Middleware/ConvertEmptyStringsToNull.php(31): Illuminate\\Foundation\\Http\\Middleware\\TransformsRequest->handle()
#37 /home/agstudiodiital/public_html/magia/vendor/laravel/framework/src/Illuminate/Pipeline/Pipeline.php(183): Illuminate\\Foundation\\Http\\Middleware\\ConvertEmptyStringsToNull->handle()
#38 /home/agstudiodiital/public_html/magia/vendor/laravel/framework/src/Illuminate/Foundation/Http/Middleware/TransformsRequest.php(21): Illuminate\\Pipeline\\Pipeline->Illuminate\\Pipeline\\{closure}()
#39 /home/agstudiodiital/public_html/magia/vendor/laravel/framework/src/Illuminate/Foundation/Http/Middleware/TrimStrings.php(40): Illuminate\\Foundation\\Http\\Middleware\\TransformsRequest->handle()
#40 /home/agstudiodiital/public_html/magia/vendor/laravel/framework/src/Illuminate/Pipeline/Pipeline.php(183): Illuminate\\Foundation\\Http\\Middleware\\TrimStrings->handle()
#41 /home/agstudiodiital/public_html/magia/vendor/laravel/framework/src/Illuminate/Foundation/Http/Middleware/ValidatePostSize.php(27): Illuminate\\Pipeline\\Pipeline->Illuminate\\Pipeline\\{closure}()
#42 /home/agstudiodiital/public_html/magia/vendor/laravel/framework/src/Illuminate/Pipeline/Pipeline.php(183): Illuminate\\Foundation\\Http\\Middleware\\ValidatePostSize->handle()
#43 /home/agstudiodiital/public_html/magia/vendor/laravel/framework/src/Illuminate/Foundation/Http/Middleware/PreventRequestsDuringMaintenance.php(99): Illuminate\\Pipeline\\Pipeline->Illuminate\\Pipeline\\{closure}()
#44 /home/agstudiodiital/public_html/magia/vendor/laravel/framework/src/Illuminate/Pipeline/Pipeline.php(183): Illuminate\\Foundation\\Http\\Middleware\\PreventRequestsDuringMaintenance->handle()
#45 /home/agstudiodiital/public_html/magia/vendor/laravel/framework/src/Illuminate/Http/Middleware/HandleCors.php(49): Illuminate\\Pipeline\\Pipeline->Illuminate\\Pipeline\\{closure}()
#46 /home/agstudiodiital/public_html/magia/vendor/laravel/framework/src/Illuminate/Pipeline/Pipeline.php(183): Illuminate\\Http\\Middleware\\HandleCors->handle()
#47 /home/agstudiodiital/public_html/magia/vendor/laravel/framework/src/Illuminate/Http/Middleware/TrustProxies.php(39): Illuminate\\Pipeline\\Pipeline->Illuminate\\Pipeline\\{closure}()
#48 /home/agstudiodiital/public_html/magia/vendor/laravel/framework/src/Illuminate/Pipeline/Pipeline.php(183): Illuminate\\Http\\Middleware\\TrustProxies->handle()
#49 /home/agstudiodiital/public_html/magia/vendor/laravel/framework/src/Illuminate/Pipeline/Pipeline.php(119): Illuminate\\Pipeline\\Pipeline->Illuminate\\Pipeline\\{closure}()
#50 /home/agstudiodiital/public_html/magia/vendor/laravel/framework/src/Illuminate/Foundation/Http/Kernel.php(175): Illuminate\\Pipeline\\Pipeline->then()
#51 /home/agstudiodiital/public_html/magia/vendor/laravel/framework/src/Illuminate/Foundation/Http/Kernel.php(144): Illuminate\\Foundation\\Http\\Kernel->sendRequestThroughRouter()
#52 /home/agstudiodiital/public_html/magia/public/index.php(52): Illuminate\\Foundation\\Http\\Kernel->handle()
#53 {main}

[previous exception] [object] (ErrorException(code: 0): Undefined variable $totaleClienti at /home/agstudiodiital/public_html/magia/storage/framework/views/a75176e0b179937379418d239b49e383.php:14)
[stacktrace]
#0 /home/agstudiodiital/public_html/magia/vendor/laravel/framework/src/Illuminate/Foundation/Bootstrap/HandleExceptions.php(255): Illuminate\\Foundation\\Bootstrap\\HandleExceptions->handleError()
#1 /home/agstudiodiital/public_html/magia/storage/framework/views/a75176e0b179937379418d239b49e383.php(14): Illuminate\\Foundation\\Bootstrap\\HandleExceptions->Illuminate\\Foundation\\Bootstrap\\{closure}()
#2 /home/agstudiodiital/public_html/magia/vendor/laravel/framework/src/Illuminate/Filesystem/Filesystem.php(123): require('/home/agstudiod...')
#3 /home/agstudiodiital/public_html/magia/vendor/laravel/framework/src/Illuminate/Filesystem/Filesystem.php(124): Illuminate\\Filesystem\\Filesystem::Illuminate\\Filesystem\\{closure}()
#4 /home/agstudiodiital/public_html/magia/vendor/laravel/framework/src/Illuminate/View/Engines/PhpEngine.php(58): Illuminate\\Filesystem\\Filesystem->getRequire()
#5 /home/agstudiodiital/public_html/magia/vendor/laravel/framework/src/Illuminate/View/Engines/CompilerEngine.php(72): Illuminate\\View\\Engines\\PhpEngine->evaluatePath()
#6 /home/agstudiodiital/public_html/magia/vendor/laravel/framework/src/Illuminate/View/View.php(207): Illuminate\\View\\Engines\\CompilerEngine->get()
#7 /home/agstudiodiital/public_html/magia/vendor/laravel/framework/src/Illuminate/View/View.php(190): Illuminate\\View\\View->getContents()
#8 /home/agstudiodiital/public_html/magia/vendor/laravel/framework/src/Illuminate/View/View.php(159): Illuminate\\View\\View->renderContents()
#9 /home/agstudiodiital/public_html/magia/vendor/laravel/framework/src/Illuminate/Http/Response.php(69): Illuminate\\View\\View->render()
#10 /home/agstudiodiital/public_html/magia/vendor/laravel/framework/src/Illuminate/Http/Response.php(35): Illuminate\\Http\\Response->setContent()
#11 /home/agstudiodiital/public_html/magia/vendor/laravel/framework/src/Illuminate/Routing/Router.php(918): Illuminate\\Http\\Response->__construct()
#12 /home/agstudiodiital/public_html/magia/vendor/laravel/framework/src/Illuminate/Routing/Router.php(885): Illuminate\\Routing\\Router::toResponse()
#13 /home/agstudiodiital/public_html/magia/vendor/laravel/framework/src/Illuminate/Routing/Router.php(806): Illuminate\\Routing\\Router->prepareResponse()
#14 /home/agstudiodiital/public_html/magia/vendor/laravel/framework/src/Illuminate/Pipeline/Pipeline.php(144): Illuminate\\Routing\\Router->Illuminate\\Routing\\{closure}()
#15 /home/agstudiodiital/public_html/magia/vendor/laravel/framework/src/Illuminate/Routing/Middleware/SubstituteBindings.php(50): Illuminate\\Pipeline\\Pipeline->Illuminate\\Pipeline\\{closure}()
#16 /home/agstudiodiital/public_html/magia/vendor/laravel/framework/src/Illuminate/Pipeline/Pipeline.php(183): Illuminate\\Routing\\Middleware\\SubstituteBindings->handle()
#17 /home/agstudiodiital/public_html/magia/vendor/laravel/framework/src/Illuminate/Auth/Middleware/Authenticate.php(57): Illuminate\\Pipeline\\Pipeline->Illuminate\\Pipeline\\{closure}()
#18 /home/agstudiodiital/public_html/magia/vendor/laravel/framework/src/Illuminate/Pipeline/Pipeline.php(183): Illuminate\\Auth\\Middleware\\Authenticate->handle()
#19 /home/agstudiodiital/public_html/magia/vendor/laravel/framework/src/Illuminate/Foundation/Http/Middleware/VerifyCsrfToken.php(78): Illuminate\\Pipeline\\Pipeline->Illuminate\\Pipeline\\{closure}()
#20 /home/agstudiodiital/public_html/magia/vendor/laravel/framework/src/Illuminate/Pipeline/Pipeline.php(183): Illuminate\\Foundation\\Http\\Middleware\\VerifyCsrfToken->handle()
#21 /home/agstudiodiital/public_html/magia/vendor/laravel/framework/src/Illuminate/View/Middleware/ShareErrorsFromSession.php(49): Illuminate\\Pipeline\\Pipeline->Illuminate\\Pipeline\\{closure}()
#22 /home/agstudiodiital/public_html/magia/vendor/laravel/framework/src/Illuminate/Pipeline/Pipeline.php(183): Illuminate\\View\\Middleware\\ShareErrorsFromSession->handle()
#23 /home/agstudiodiital/public_html/magia/vendor/laravel/framework/src/Illuminate/Session/Middleware/StartSession.php(121): Illuminate\\Pipeline\\Pipeline->Illuminate\\Pipeline\\{closure}()
#24 /home/agstudiodiital/public_html/magia/vendor/laravel/framework/src/Illuminate/Session/Middleware/StartSession.php(64): Illuminate\\Session\\Middleware\\StartSession->handleStatefulRequest()
#25 /home/agstudiodiital/public_html/magia/vendor/laravel/framework/src/Illuminate/Pipeline/Pipeline.php(183): Illuminate\\Session\\Middleware\\StartSession->handle()
#26 /home/agstudiodiital/public_html/magia/vendor/laravel/framework/src/Illuminate/Cookie/Middleware/AddQueuedCookiesToResponse.php(37): Illuminate\\Pipeline\\Pipeline->Illuminate\\Pipeline\\{closure}()
#27 /home/agstudiodiital/public_html/magia/vendor/laravel/framework/src/Illuminate/Pipeline/Pipeline.php(183): Illuminate\\Cookie\\Middleware\\AddQueuedCookiesToResponse->handle()
#28 /home/agstudiodiital/public_html/magia/vendor/laravel/framework/src/Illuminate/Cookie/Middleware/EncryptCookies.php(67): Illuminate\\Pipeline\\Pipeline->Illuminate\\Pipeline\\{closure}()
#29 /home/agstudiodiital/public_html/magia/vendor/laravel/framework/src/Illuminate/Pipeline/Pipeline.php(183): Illuminate\\Cookie\\Middleware\\EncryptCookies->handle()
#30 /home/agstudiodiital/public_html/magia/vendor/laravel/framework/src/Illuminate/Pipeline/Pipeline.php(119): Illuminate\\Pipeline\\Pipeline->Illuminate\\Pipeline\\{closure}()
#31 /home/agstudiodiital/public_html/magia/vendor/laravel/framework/src/Illuminate/Routing/Router.php(807): Illuminate\\Pipeline\\Pipeline->then()
#32 /home/agstudiodiital/public_html/magia/vendor/laravel/framework/src/Illuminate/Routing/Router.php(784): Illuminate\\Routing\\Router->runRouteWithinStack()
#33 /home/agstudiodiital/public_html/magia/vendor/laravel/framework/src/Illuminate/Routing/Router.php(748): Illuminate\\Routing\\Router->runRoute()
#34 /home/agstudiodiital/public_html/magia/vendor/laravel/framework/src/Illuminate/Routing/Router.php(737): Illuminate\\Routing\\Router->dispatchToRoute()
#35 /home/agstudiodiital/public_html/magia/vendor/laravel/framework/src/Illuminate/Foundation/Http/Kernel.php(200): Illuminate\\Routing\\Router->dispatch()
#36 /home/agstudiodiital/public_html/magia/vendor/laravel/framework/src/Illuminate/Pipeline/Pipeline.php(144): Illuminate\\Foundation\\Http\\Kernel->Illuminate\\Foundation\\Http\\{closure}()
#37 /home/agstudiodiital/public_html/magia/vendor/laravel/framework/src/Illuminate/Foundation/Http/Middleware/TransformsRequest.php(21): Illuminate\\Pipeline\\Pipeline->Illuminate\\Pipeline\\{closure}()
#38 /home/agstudiodiital/public_html/magia/vendor/laravel/framework/src/Illuminate/Foundation/Http/Middleware/ConvertEmptyStringsToNull.php(31): Illuminate\\Foundation\\Http\\Middleware\\TransformsRequest->handle()
#39 /home/agstudiodiital/public_html/magia/vendor/laravel/framework/src/Illuminate/Pipeline/Pipeline.php(183): Illuminate\\Foundation\\Http\\Middleware\\ConvertEmptyStringsToNull->handle()
#40 /home/agstudiodiital/public_html/magia/vendor/laravel/framework/src/Illuminate/Foundation/Http/Middleware/TransformsRequest.php(21): Illuminate\\Pipeline\\Pipeline->Illuminate\\Pipeline\\{closure}()
#41 /home/agstudiodiital/public_html/magia/vendor/laravel/framework/src/Illuminate/Foundation/Http/Middleware/TrimStrings.php(40): Illuminate\\Foundation\\Http\\Middleware\\TransformsRequest->handle()
#42 /home/agstudiodiital/public_html/magia/vendor/laravel/framework/src/Illuminate/Pipeline/Pipeline.php(183): Illuminate\\Foundation\\Http\\Middleware\\TrimStrings->handle()
#43 /home/agstudiodiital/public_html/magia/vendor/laravel/framework/src/Illuminate/Foundation/Http/Middleware/ValidatePostSize.php(27): Illuminate\\Pipeline\\Pipeline->Illuminate\\Pipeline\\{closure}()
#44 /home/agstudiodiital/public_html/magia/vendor/laravel/framework/src/Illuminate/Pipeline/Pipeline.php(183): Illuminate\\Foundation\\Http\\Middleware\\ValidatePostSize->handle()
#45 /home/agstudiodiital/public_html/magia/vendor/laravel/framework/src/Illuminate/Foundation/Http/Middleware/PreventRequestsDuringMaintenance.php(99): Illuminate\\Pipeline\\Pipeline->Illuminate\\Pipeline\\{closure}()
#46 /home/agstudiodiital/public_html/magia/vendor/laravel/framework/src/Illuminate/Pipeline/Pipeline.php(183): Illuminate\\Foundation\\Http\\Middleware\\PreventRequestsDuringMaintenance->handle()
#47 /home/agstudiodiital/public_html/magia/vendor/laravel/framework/src/Illuminate/Http/Middleware/HandleCors.php(49): Illuminate\\Pipeline\\Pipeline->Illuminate\\Pipeline\\{closure}()
#48 /home/agstudiodiital/public_html/magia/vendor/laravel/framework/src/Illuminate/Pipeline/Pipeline.php(183): Illuminate\\Http\\Middleware\\HandleCors->handle()
#49 /home/agstudiodiital/public_html/magia/vendor/laravel/framework/src/Illuminate/Http/Middleware/TrustProxies.php(39): Illuminate\\Pipeline\\Pipeline->Illuminate\\Pipeline\\{closure}()
#50 /home/agstudiodiital/public_html/magia/vendor/laravel/framework/src/Illuminate/Pipeline/Pipeline.php(183): Illuminate\\Http\\Middleware\\TrustProxies->handle()
#51 /home/agstudiodiital/public_html/magia/vendor/laravel/framework/src/Illuminate/Pipeline/Pipeline.php(119): Illuminate\\Pipeline\\Pipeline->Illuminate\\Pipeline\\{closure}()
#52 /home/agstudiodiital/public_html/magia/vendor/laravel/framework/src/Illuminate/Foundation/Http/Kernel.php(175): Illuminate\\Pipeline\\Pipeline->then()
#53 /home/agstudiodiital/public_html/magia/vendor/laravel/framework/src/Illuminate/Foundation/Http/Kernel.php(144): Illuminate\\Foundation\\Http\\Kernel->sendRequestThroughRouter()
#54 /home/agstudiodiital/public_html/magia/public/index.php(52): Illuminate\\Foundation\\Http\\Kernel->handle()
#55 {main}
"} 
[2025-11-10 08:56:11] production.ERROR: Undefined variable $totaleClienti {"view":{"view":"/home/agstudiodiital/public_html/magia/resources/views/admin/dashboard.blade.php","data":[]},"userId":1,"exception":"[object] (Spatie\\LaravelIgnition\\Exceptions\\ViewException(code: 0): Undefined variable $totaleClienti at /home/agstudiodiital/public_html/magia/resources/views/admin/dashboard.blade.php:16)
[stacktrace]
#0 /home/agstudiodiital/public_html/magia/vendor/laravel/framework/src/Illuminate/Filesystem/Filesystem.php(123): require('/home/agstudiod...')
#1 /home/agstudiodiital/public_html/magia/vendor/laravel/framework/src/Illuminate/Filesystem/Filesystem.php(124): Illuminate\\Filesystem\\Filesystem::Illuminate\\Filesystem\\{closure}()
#2 /home/agstudiodiital/public_html/magia/vendor/laravel/framework/src/Illuminate/View/Engines/PhpEngine.php(58): Illuminate\\Filesystem\\Filesystem->getRequire()
#3 /home/agstudiodiital/public_html/magia/vendor/laravel/framework/src/Illuminate/View/Engines/CompilerEngine.php(72): Illuminate\\View\\Engines\\PhpEngine->evaluatePath()
#4 /home/agstudiodiital/public_html/magia/vendor/laravel/framework/src/Illuminate/View/View.php(207): Illuminate\\View\\Engines\\CompilerEngine->get()
#5 /home/agstudiodiital/public_html/magia/vendor/laravel/framework/src/Illuminate/View/View.php(190): Illuminate\\View\\View->getContents()
#6 /home/agstudiodiital/public_html/magia/vendor/laravel/framework/src/Illuminate/View/View.php(159): Illuminate\\View\\View->renderContents()
#7 /home/agstudiodiital/public_html/magia/vendor/laravel/framework/src/Illuminate/Http/Response.php(69): Illuminate\\View\\View->render()
#8 /home/agstudiodiital/public_html/magia/vendor/laravel/framework/src/Illuminate/Http/Response.php(35): Illuminate\\Http\\Response->setContent()
#9 /home/agstudiodiital/public_html/magia/vendor/laravel/framework/src/Illuminate/Routing/Router.php(918): Illuminate\\Http\\Response->__construct()
#10 /home/agstudiodiital/public_html/magia/vendor/laravel/framework/src/Illuminate/Routing/Router.php(885): Illuminate\\Routing\\Router::toResponse()
#11 /home/agstudiodiital/public_html/magia/vendor/laravel/framework/src/Illuminate/Routing/Router.php(806): Illuminate\\Routing\\Router->prepareResponse()
#12 /home/agstudiodiital/public_html/magia/vendor/laravel/framework/src/Illuminate/Pipeline/Pipeline.php(144): Illuminate\\Routing\\Router->Illuminate\\Routing\\{closure}()
#13 /home/agstudiodiital/public_html/magia/vendor/laravel/framework/src/Illuminate/Routing/Middleware/SubstituteBindings.php(50): Illuminate\\Pipeline\\Pipeline->Illuminate\\Pipeline\\{closure}()
#14 /home/agstudiodiital/public_html/magia/vendor/laravel/framework/src/Illuminate/Pipeline/Pipeline.php(183): Illuminate\\Routing\\Middleware\\SubstituteBindings->handle()
#15 /home/agstudiodiital/public_html/magia/vendor/laravel/framework/src/Illuminate/Auth/Middleware/Authenticate.php(57): Illuminate\\Pipeline\\Pipeline->Illuminate\\Pipeline\\{closure}()
#16 /home/agstudiodiital/public_html/magia/vendor/laravel/framework/src/Illuminate/Pipeline/Pipeline.php(183): Illuminate\\Auth\\Middleware\\Authenticate->handle()
#17 /home/agstudiodiital/public_html/magia/vendor/laravel/framework/src/Illuminate/Foundation/Http/Middleware/VerifyCsrfToken.php(78): Illuminate\\Pipeline\\Pipeline->Illuminate\\Pipeline\\{closure}()
#18 /home/agstudiodiital/public_html/magia/vendor/laravel/framework/src/Illuminate/Pipeline/Pipeline.php(183): Illuminate\\Foundation\\Http\\Middleware\\VerifyCsrfToken->handle()
#19 /home/agstudiodiital/public_html/magia/vendor/laravel/framework/src/Illuminate/View/Middleware/ShareErrorsFromSession.php(49): Illuminate\\Pipeline\\Pipeline->Illuminate\\Pipeline\\{closure}()
#20 /home/agstudiodiital/public_html/magia/vendor/laravel/framework/src/Illuminate/Pipeline/Pipeline.php(183): Illuminate\\View\\Middleware\\ShareErrorsFromSession->handle()
#21 /home/agstudiodiital/public_html/magia/vendor/laravel/framework/src/Illuminate/Session/Middleware/StartSession.php(121): Illuminate\\Pipeline\\Pipeline->Illuminate\\Pipeline\\{closure}()
#22 /home/agstudiodiital/public_html/magia/vendor/laravel/framework/src/Illuminate/Session/Middleware/StartSession.php(64): Illuminate\\Session\\Middleware\\StartSession->handleStatefulRequest()
#23 /home/agstudiodiital/public_html/magia/vendor/laravel/framework/src/Illuminate/Pipeline/Pipeline.php(183): Illuminate\\Session\\Middleware\\StartSession->handle()
#24 /home/agstudiodiital/public_html/magia/vendor/laravel/framework/src/Illuminate/Cookie/Middleware/AddQueuedCookiesToResponse.php(37): Illuminate\\Pipeline\\Pipeline->Illuminate\\Pipeline\\{closure}()
#25 /home/agstudiodiital/public_html/magia/vendor/laravel/framework/src/Illuminate/Pipeline/Pipeline.php(183): Illuminate\\Cookie\\Middleware\\AddQueuedCookiesToResponse->handle()
#26 /home/agstudiodiital/public_html/magia/vendor/laravel/framework/src/Illuminate/Cookie/Middleware/EncryptCookies.php(67): Illuminate\\Pipeline\\Pipeline->Illuminate\\Pipeline\\{closure}()
#27 /home/agstudiodiital/public_html/magia/vendor/laravel/framework/src/Illuminate/Pipeline/Pipeline.php(183): Illuminate\\Cookie\\Middleware\\EncryptCookies->handle()
#28 /home/agstudiodiital/public_html/magia/vendor/laravel/framework/src/Illuminate/Pipeline/Pipeline.php(119): Illuminate\\Pipeline\\Pipeline->Illuminate\\Pipeline\\{closure}()
#29 /home/agstudiodiital/public_html/magia/vendor/laravel/framework/src/Illuminate/Routing/Router.php(807): Illuminate\\Pipeline\\Pipeline->then()
#30 /home/agstudiodiital/public_html/magia/vendor/laravel/framework/src/Illuminate/Routing/Router.php(784): Illuminate\\Routing\\Router->runRouteWithinStack()
#31 /home/agstudiodiital/public_html/magia/vendor/laravel/framework/src/Illuminate/Routing/Router.php(748): Illuminate\\Routing\\Router->runRoute()
#32 /home/agstudiodiital/public_html/magia/vendor/laravel/framework/src/Illuminate/Routing/Router.php(737): Illuminate\\Routing\\Router->dispatchToRoute()
#33 /home/agstudiodiital/public_html/magia/vendor/laravel/framework/src/Illuminate/Foundation/Http/Kernel.php(200): Illuminate\\Routing\\Router->dispatch()
#34 /home/agstudiodiital/public_html/magia/vendor/laravel/framework/src/Illuminate/Pipeline/Pipeline.php(144): Illuminate\\Foundation\\Http\\Kernel->Illuminate\\Foundation\\Http\\{closure}()
#35 /home/agstudiodiital/public_html/magia/vendor/laravel/framework/src/Illuminate/Foundation/Http/Middleware/TransformsRequest.php(21): Illuminate\\Pipeline\\Pipeline->Illuminate\\Pipeline\\{closure}()
#36 /home/agstudiodiital/public_html/magia/vendor/laravel/framework/src/Illuminate/Foundation/Http/Middleware/ConvertEmptyStringsToNull.php(31): Illuminate\\Foundation\\Http\\Middleware\\TransformsRequest->handle()
#37 /home/agstudiodiital/public_html/magia/vendor/laravel/framework/src/Illuminate/Pipeline/Pipeline.php(183): Illuminate\\Foundation\\Http\\Middleware\\ConvertEmptyStringsToNull->handle()
#38 /home/agstudiodiital/public_html/magia/vendor/laravel/framework/src/Illuminate/Foundation/Http/Middleware/TransformsRequest.php(21): Illuminate\\Pipeline\\Pipeline->Illuminate\\Pipeline\\{closure}()
#39 /home/agstudiodiital/public_html/magia/vendor/laravel/framework/src/Illuminate/Foundation/Http/Middleware/TrimStrings.php(40): Illuminate\\Foundation\\Http\\Middleware\\TransformsRequest->handle()
#40 /home/agstudiodiital/public_html/magia/vendor/laravel/framework/src/Illuminate/Pipeline/Pipeline.php(183): Illuminate\\Foundation\\Http\\Middleware\\TrimStrings->handle()
#41 /home/agstudiodiital/public_html/magia/vendor/laravel/framework/src/Illuminate/Foundation/Http/Middleware/ValidatePostSize.php(27): Illuminate\\Pipeline\\Pipeline->Illuminate\\Pipeline\\{closure}()
#42 /home/agstudiodiital/public_html/magia/vendor/laravel/framework/src/Illuminate/Pipeline/Pipeline.php(183): Illuminate\\Foundation\\Http\\Middleware\\ValidatePostSize->handle()
#43 /home/agstudiodiital/public_html/magia/vendor/laravel/framework/src/Illuminate/Foundation/Http/Middleware/PreventRequestsDuringMaintenance.php(99): Illuminate\\Pipeline\\Pipeline->Illuminate\\Pipeline\\{closure}()
#44 /home/agstudiodiital/public_html/magia/vendor/laravel/framework/src/Illuminate/Pipeline/Pipeline.php(183): Illuminate\\Foundation\\Http\\Middleware\\PreventRequestsDuringMaintenance->handle()
#45 /home/agstudiodiital/public_html/magia/vendor/laravel/framework/src/Illuminate/Http/Middleware/HandleCors.php(49): Illuminate\\Pipeline\\Pipeline->Illuminate\\Pipeline\\{closure}()
#46 /home/agstudiodiital/public_html/magia/vendor/laravel/framework/src/Illuminate/Pipeline/Pipeline.php(183): Illuminate\\Http\\Middleware\\HandleCors->handle()
#47 /home/agstudiodiital/public_html/magia/vendor/laravel/framework/src/Illuminate/Http/Middleware/TrustProxies.php(39): Illuminate\\Pipeline\\Pipeline->Illuminate\\Pipeline\\{closure}()
#48 /home/agstudiodiital/public_html/magia/vendor/laravel/framework/src/Illuminate/Pipeline/Pipeline.php(183): Illuminate\\Http\\Middleware\\TrustProxies->handle()
#49 /home/agstudiodiital/public_html/magia/vendor/laravel/framework/src/Illuminate/Pipeline/Pipeline.php(119): Illuminate\\Pipeline\\Pipeline->Illuminate\\Pipeline\\{closure}()
#50 /home/agstudiodiital/public_html/magia/vendor/laravel/framework/src/Illuminate/Foundation/Http/Kernel.php(175): Illuminate\\Pipeline\\Pipeline->then()
#51 /home/agstudiodiital/public_html/magia/vendor/laravel/framework/src/Illuminate/Foundation/Http/Kernel.php(144): Illuminate\\Foundation\\Http\\Kernel->sendRequestThroughRouter()
#52 /home/agstudiodiital/public_html/magia/public/index.php(52): Illuminate\\Foundation\\Http\\Kernel->handle()
#53 {main}

[previous exception] [object] (ErrorException(code: 0): Undefined variable $totaleClienti at /home/agstudiodiital/public_html/magia/storage/framework/views/a75176e0b179937379418d239b49e383.php:14)
[stacktrace]
#0 /home/agstudiodiital/public_html/magia/vendor/laravel/framework/src/Illuminate/Foundation/Bootstrap/HandleExceptions.php(255): Illuminate\\Foundation\\Bootstrap\\HandleExceptions->handleError()
#1 /home/agstudiodiital/public_html/magia/storage/framework/views/a75176e0b179937379418d239b49e383.php(14): Illuminate\\Foundation\\Bootstrap\\HandleExceptions->Illuminate\\Foundation\\Bootstrap\\{closure}()
#2 /home/agstudiodiital/public_html/magia/vendor/laravel/framework/src/Illuminate/Filesystem/Filesystem.php(123): require('/home/agstudiod...')
#3 /home/agstudiodiital/public_html/magia/vendor/laravel/framework/src/Illuminate/Filesystem/Filesystem.php(124): Illuminate\\Filesystem\\Filesystem::Illuminate\\Filesystem\\{closure}()
#4 /home/agstudiodiital/public_html/magia/vendor/laravel/framework/src/Illuminate/View/Engines/PhpEngine.php(58): Illuminate\\Filesystem\\Filesystem->getRequire()
#5 /home/agstudiodiital/public_html/magia/vendor/laravel/framework/src/Illuminate/View/Engines/CompilerEngine.php(72): Illuminate\\View\\Engines\\PhpEngine->evaluatePath()
#6 /home/agstudiodiital/public_html/magia/vendor/laravel/framework/src/Illuminate/View/View.php(207): Illuminate\\View\\Engines\\CompilerEngine->get()
#7 /home/agstudiodiital/public_html/magia/vendor/laravel/framework/src/Illuminate/View/View.php(190): Illuminate\\View\\View->getContents()
#8 /home/agstudiodiital/public_html/magia/vendor/laravel/framework/src/Illuminate/View/View.php(159): Illuminate\\View\\View->renderContents()
#9 /home/agstudiodiital/public_html/magia/vendor/laravel/framework/src/Illuminate/Http/Response.php(69): Illuminate\\View\\View->render()
#10 /home/agstudiodiital/public_html/magia/vendor/laravel/framework/src/Illuminate/Http/Response.php(35): Illuminate\\Http\\Response->setContent()
#11 /home/agstudiodiital/public_html/magia/vendor/laravel/framework/src/Illuminate/Routing/Router.php(918): Illuminate\\Http\\Response->__construct()
#12 /home/agstudiodiital/public_html/magia/vendor/laravel/framework/src/Illuminate/Routing/Router.php(885): Illuminate\\Routing\\Router::toResponse()
#13 /home/agstudiodiital/public_html/magia/vendor/laravel/framework/src/Illuminate/Routing/Router.php(806): Illuminate\\Routing\\Router->prepareResponse()
#14 /home/agstudiodiital/public_html/magia/vendor/laravel/framework/src/Illuminate/Pipeline/Pipeline.php(144): Illuminate\\Routing\\Router->Illuminate\\Routing\\{closure}()
#15 /home/agstudiodiital/public_html/magia/vendor/laravel/framework/src/Illuminate/Routing/Middleware/SubstituteBindings.php(50): Illuminate\\Pipeline\\Pipeline->Illuminate\\Pipeline\\{closure}()
#16 /home/agstudiodiital/public_html/magia/vendor/laravel/framework/src/Illuminate/Pipeline/Pipeline.php(183): Illuminate\\Routing\\Middleware\\SubstituteBindings->handle()
#17 /home/agstudiodiital/public_html/magia/vendor/laravel/framework/src/Illuminate/Auth/Middleware/Authenticate.php(57): Illuminate\\Pipeline\\Pipeline->Illuminate\\Pipeline\\{closure}()
#18 /home/agstudiodiital/public_html/magia/vendor/laravel/framework/src/Illuminate/Pipeline/Pipeline.php(183): Illuminate\\Auth\\Middleware\\Authenticate->handle()
#19 /home/agstudiodiital/public_html/magia/vendor/laravel/framework/src/Illuminate/Foundation/Http/Middleware/VerifyCsrfToken.php(78): Illuminate\\Pipeline\\Pipeline->Illuminate\\Pipeline\\{closure}()
#20 /home/agstudiodiital/public_html/magia/vendor/laravel/framework/src/Illuminate/Pipeline/Pipeline.php(183): Illuminate\\Foundation\\Http\\Middleware\\VerifyCsrfToken->handle()
#21 /home/agstudiodiital/public_html/magia/vendor/laravel/framework/src/Illuminate/View/Middleware/ShareErrorsFromSession.php(49): Illuminate\\Pipeline\\Pipeline->Illuminate\\Pipeline\\{closure}()
#22 /home/agstudiodiital/public_html/magia/vendor/laravel/framework/src/Illuminate/Pipeline/Pipeline.php(183): Illuminate\\View\\Middleware\\ShareErrorsFromSession->handle()
#23 /home/agstudiodiital/public_html/magia/vendor/laravel/framework/src/Illuminate/Session/Middleware/StartSession.php(121): Illuminate\\Pipeline\\Pipeline->Illuminate\\Pipeline\\{closure}()
#24 /home/agstudiodiital/public_html/magia/vendor/laravel/framework/src/Illuminate/Session/Middleware/StartSession.php(64): Illuminate\\Session\\Middleware\\StartSession->handleStatefulRequest()
#25 /home/agstudiodiital/public_html/magia/vendor/laravel/framework/src/Illuminate/Pipeline/Pipeline.php(183): Illuminate\\Session\\Middleware\\StartSession->handle()
#26 /home/agstudiodiital/public_html/magia/vendor/laravel/framework/src/Illuminate/Cookie/Middleware/AddQueuedCookiesToResponse.php(37): Illuminate\\Pipeline\\Pipeline->Illuminate\\Pipeline\\{closure}()
#27 /home/agstudiodiital/public_html/magia/vendor/laravel/framework/src/Illuminate/Pipeline/Pipeline.php(183): Illuminate\\Cookie\\Middleware\\AddQueuedCookiesToResponse->handle()
#28 /home/agstudiodiital/public_html/magia/vendor/laravel/framework/src/Illuminate/Cookie/Middleware/EncryptCookies.php(67): Illuminate\\Pipeline\\Pipeline->Illuminate\\Pipeline\\{closure}()
#29 /home/agstudiodiital/public_html/magia/vendor/laravel/framework/src/Illuminate/Pipeline/Pipeline.php(183): Illuminate\\Cookie\\Middleware\\EncryptCookies->handle()
#30 /home/agstudiodiital/public_html/magia/vendor/laravel/framework/src/Illuminate/Pipeline/Pipeline.php(119): Illuminate\\Pipeline\\Pipeline->Illuminate\\Pipeline\\{closure}()
#31 /home/agstudiodiital/public_html/magia/vendor/laravel/framework/src/Illuminate/Routing/Router.php(807): Illuminate\\Pipeline\\Pipeline->then()
#32 /home/agstudiodiital/public_html/magia/vendor/laravel/framework/src/Illuminate/Routing/Router.php(784): Illuminate\\Routing\\Router->runRouteWithinStack()
#33 /home/agstudiodiital/public_html/magia/vendor/laravel/framework/src/Illuminate/Routing/Router.php(748): Illuminate\\Routing\\Router->runRoute()
#34 /home/agstudiodiital/public_html/magia/vendor/laravel/framework/src/Illuminate/Routing/Router.php(737): Illuminate\\Routing\\Router->dispatchToRoute()
#35 /home/agstudiodiital/public_html/magia/vendor/laravel/framework/src/Illuminate/Foundation/Http/Kernel.php(200): Illuminate\\Routing\\Router->dispatch()
#36 /home/agstudiodiital/public_html/magia/vendor/laravel/framework/src/Illuminate/Pipeline/Pipeline.php(144): Illuminate\\Foundation\\Http\\Kernel->Illuminate\\Foundation\\Http\\{closure}()
#37 /home/agstudiodiital/public_html/magia/vendor/laravel/framework/src/Illuminate/Foundation/Http/Middleware/TransformsRequest.php(21): Illuminate\\Pipeline\\Pipeline->Illuminate\\Pipeline\\{closure}()
#38 /home/agstudiodiital/public_html/magia/vendor/laravel/framework/src/Illuminate/Foundation/Http/Middleware/ConvertEmptyStringsToNull.php(31): Illuminate\\Foundation\\Http\\Middleware\\TransformsRequest->handle()
#39 /home/agstudiodiital/public_html/magia/vendor/laravel/framework/src/Illuminate/Pipeline/Pipeline.php(183): Illuminate\\Foundation\\Http\\Middleware\\ConvertEmptyStringsToNull->handle()
#40 /home/agstudiodiital/public_html/magia/vendor/laravel/framework/src/Illuminate/Foundation/Http/Middleware/TransformsRequest.php(21): Illuminate\\Pipeline\\Pipeline->Illuminate\\Pipeline\\{closure}()
#41 /home/agstudiodiital/public_html/magia/vendor/laravel/framework/src/Illuminate/Foundation/Http/Middleware/TrimStrings.php(40): Illuminate\\Foundation\\Http\\Middleware\\TransformsRequest->handle()
#42 /home/agstudiodiital/public_html/magia/vendor/laravel/framework/src/Illuminate/Pipeline/Pipeline.php(183): Illuminate\\Foundation\\Http\\Middleware\\TrimStrings->handle()
#43 /home/agstudiodiital/public_html/magia/vendor/laravel/framework/src/Illuminate/Foundation/Http/Middleware/ValidatePostSize.php(27): Illuminate\\Pipeline\\Pipeline->Illuminate\\Pipeline\\{closure}()
#44 /home/agstudiodiital/public_html/magia/vendor/laravel/framework/src/Illuminate/Pipeline/Pipeline.php(183): Illuminate\\Foundation\\Http\\Middleware\\ValidatePostSize->handle()
#45 /home/agstudiodiital/public_html/magia/vendor/laravel/framework/src/Illuminate/Foundation/Http/Middleware/PreventRequestsDuringMaintenance.php(99): Illuminate\\Pipeline\\Pipeline->Illuminate\\Pipeline\\{closure}()
#46 /home/agstudiodiital/public_html/magia/vendor/laravel/framework/src/Illuminate/Pipeline/Pipeline.php(183): Illuminate\\Foundation\\Http\\Middleware\\PreventRequestsDuringMaintenance->handle()
#47 /home/agstudiodiital/public_html/magia/vendor/laravel/framework/src/Illuminate/Http/Middleware/HandleCors.php(49): Illuminate\\Pipeline\\Pipeline->Illuminate\\Pipeline\\{closure}()
#48 /home/agstudiodiital/public_html/magia/vendor/laravel/framework/src/Illuminate/Pipeline/Pipeline.php(183): Illuminate\\Http\\Middleware\\HandleCors->handle()
#49 /home/agstudiodiital/public_html/magia/vendor/laravel/framework/src/Illuminate/Http/Middleware/TrustProxies.php(39): Illuminate\\Pipeline\\Pipeline->Illuminate\\Pipeline\\{closure}()
#50 /home/agstudiodiital/public_html/magia/vendor/laravel/framework/src/Illuminate/Pipeline/Pipeline.php(183): Illuminate\\Http\\Middleware\\TrustProxies->handle()
#51 /home/agstudiodiital/public_html/magia/vendor/laravel/framework/src/Illuminate/Pipeline/Pipeline.php(119): Illuminate\\Pipeline\\Pipeline->Illuminate\\Pipeline\\{closure}()
#52 /home/agstudiodiital/public_html/magia/vendor/laravel/framework/src/Illuminate/Foundation/Http/Kernel.php(175): Illuminate\\Pipeline\\Pipeline->then()
#53 /home/agstudiodiital/public_html/magia/vendor/laravel/framework/src/Illuminate/Foundation/Http/Kernel.php(144): Illuminate\\Foundation\\Http\\Kernel->sendRequestThroughRouter()
#54 /home/agstudiodiital/public_html/magia/public/index.php(52): Illuminate\\Foundation\\Http\\Kernel->handle()
#55 {main}
"} 
[2025-11-10 08:56:20] production.ERROR: View [errors.404] not found. {"userId":1,"exception":"[object] (InvalidArgumentException(code: 0): View [errors.404] not found. at /home/agstudiodiital/public_html/magia/vendor/laravel/framework/src/Illuminate/View/FileViewFinder.php:137)
[stacktrace]
#0 /home/agstudiodiital/public_html/magia/vendor/laravel/framework/src/Illuminate/View/FileViewFinder.php(79): Illuminate\\View\\FileViewFinder->findInPaths()
#1 /home/agstudiodiital/public_html/magia/vendor/laravel/framework/src/Illuminate/View/Factory.php(138): Illuminate\\View\\FileViewFinder->find()
#2 /home/agstudiodiital/public_html/magia/vendor/laravel/framework/src/Illuminate/Routing/ResponseFactory.php(88): Illuminate\\View\\Factory->make()
#3 /home/agstudiodiital/public_html/magia/routes/web.php(147): Illuminate\\Routing\\ResponseFactory->view()
#4 /home/agstudiodiital/public_html/magia/vendor/laravel/framework/src/Illuminate/Routing/CallableDispatcher.php(40): Illuminate\\Routing\\RouteFileRegistrar->{closure}()
#5 /home/agstudiodiital/public_html/magia/vendor/laravel/framework/src/Illuminate/Routing/Route.php(237): Illuminate\\Routing\\CallableDispatcher->dispatch()
#6 /home/agstudiodiital/public_html/magia/vendor/laravel/framework/src/Illuminate/Routing/Route.php(208): Illuminate\\Routing\\Route->runCallable()
#7 /home/agstudiodiital/public_html/magia/vendor/laravel/framework/src/Illuminate/Routing/Router.php(806): Illuminate\\Routing\\Route->run()
#8 /home/agstudiodiital/public_html/magia/vendor/laravel/framework/src/Illuminate/Pipeline/Pipeline.php(144): Illuminate\\Routing\\Router->Illuminate\\Routing\\{closure}()
#9 /home/agstudiodiital/public_html/magia/vendor/laravel/framework/src/Illuminate/Routing/Middleware/SubstituteBindings.php(50): Illuminate\\Pipeline\\Pipeline->Illuminate\\Pipeline\\{closure}()
#10 /home/agstudiodiital/public_html/magia/vendor/laravel/framework/src/Illuminate/Pipeline/Pipeline.php(183): Illuminate\\Routing\\Middleware\\SubstituteBindings->handle()
#11 /home/agstudiodiital/public_html/magia/vendor/laravel/framework/src/Illuminate/Foundation/Http/Middleware/VerifyCsrfToken.php(78): Illuminate\\Pipeline\\Pipeline->Illuminate\\Pipeline\\{closure}()
#12 /home/agstudiodiital/public_html/magia/vendor/laravel/framework/src/Illuminate/Pipeline/Pipeline.php(183): Illuminate\\Foundation\\Http\\Middleware\\VerifyCsrfToken->handle()
#13 /home/agstudiodiital/public_html/magia/vendor/laravel/framework/src/Illuminate/View/Middleware/ShareErrorsFromSession.php(49): Illuminate\\Pipeline\\Pipeline->Illuminate\\Pipeline\\{closure}()
#14 /home/agstudiodiital/public_html/magia/vendor/laravel/framework/src/Illuminate/Pipeline/Pipeline.php(183): Illuminate\\View\\Middleware\\ShareErrorsFromSession->handle()
#15 /home/agstudiodiital/public_html/magia/vendor/laravel/framework/src/Illuminate/Session/Middleware/StartSession.php(121): Illuminate\\Pipeline\\Pipeline->Illuminate\\Pipeline\\{closure}()
#16 /home/agstudiodiital/public_html/magia/vendor/laravel/framework/src/Illuminate/Session/Middleware/StartSession.php(64): Illuminate\\Session\\Middleware\\StartSession->handleStatefulRequest()
#17 /home/agstudiodiital/public_html/magia/vendor/laravel/framework/src/Illuminate/Pipeline/Pipeline.php(183): Illuminate\\Session\\Middleware\\StartSession->handle()
#18 /home/agstudiodiital/public_html/magia/vendor/laravel/framework/src/Illuminate/Cookie/Middleware/AddQueuedCookiesToResponse.php(37): Illuminate\\Pipeline\\Pipeline->Illuminate\\Pipeline\\{closure}()
#19 /home/agstudiodiital/public_html/magia/vendor/laravel/framework/src/Illuminate/Pipeline/Pipeline.php(183): Illuminate\\Cookie\\Middleware\\AddQueuedCookiesToResponse->handle()
#20 /home/agstudiodiital/public_html/magia/vendor/laravel/framework/src/Illuminate/Cookie/Middleware/EncryptCookies.php(67): Illuminate\\Pipeline\\Pipeline->Illuminate\\Pipeline\\{closure}()
#21 /home/agstudiodiital/public_html/magia/vendor/laravel/framework/src/Illuminate/Pipeline/Pipeline.php(183): Illuminate\\Cookie\\Middleware\\EncryptCookies->handle()
#22 /home/agstudiodiital/public_html/magia/vendor/laravel/framework/src/Illuminate/Pipeline/Pipeline.php(119): Illuminate\\Pipeline\\Pipeline->Illuminate\\Pipeline\\{closure}()
#23 /home/agstudiodiital/public_html/magia/vendor/laravel/framework/src/Illuminate/Routing/Router.php(807): Illuminate\\Pipeline\\Pipeline->then()
#24 /home/agstudiodiital/public_html/magia/vendor/laravel/framework/src/Illuminate/Routing/Router.php(784): Illuminate\\Routing\\Router->runRouteWithinStack()
#25 /home/agstudiodiital/public_html/magia/vendor/laravel/framework/src/Illuminate/Routing/Router.php(748): Illuminate\\Routing\\Router->runRoute()
#26 /home/agstudiodiital/public_html/magia/vendor/laravel/framework/src/Illuminate/Routing/Router.php(737): Illuminate\\Routing\\Router->dispatchToRoute()
#27 /home/agstudiodiital/public_html/magia/vendor/laravel/framework/src/Illuminate/Foundation/Http/Kernel.php(200): Illuminate\\Routing\\Router->dispatch()
#28 /home/agstudiodiital/public_html/magia/vendor/laravel/framework/src/Illuminate/Pipeline/Pipeline.php(144): Illuminate\\Foundation\\Http\\Kernel->Illuminate\\Foundation\\Http\\{closure}()
#29 /home/agstudiodiital/public_html/magia/vendor/laravel/framework/src/Illuminate/Foundation/Http/Middleware/TransformsRequest.php(21): Illuminate\\Pipeline\\Pipeline->Illuminate\\Pipeline\\{closure}()
#30 /home/agstudiodiital/public_html/magia/vendor/laravel/framework/src/Illuminate/Foundation/Http/Middleware/ConvertEmptyStringsToNull.php(31): Illuminate\\Foundation\\Http\\Middleware\\TransformsRequest->handle()
#31 /home/agstudiodiital/public_html/magia/vendor/laravel/framework/src/Illuminate/Pipeline/Pipeline.php(183): Illuminate\\Foundation\\Http\\Middleware\\ConvertEmptyStringsToNull->handle()
#32 /home/agstudiodiital/public_html/magia/vendor/laravel/framework/src/Illuminate/Foundation/Http/Middleware/TransformsRequest.php(21): Illuminate\\Pipeline\\Pipeline->Illuminate\\Pipeline\\{closure}()
#33 /home/agstudiodiital/public_html/magia/vendor/laravel/framework/src/Illuminate/Foundation/Http/Middleware/TrimStrings.php(40): Illuminate\\Foundation\\Http\\Middleware\\TransformsRequest->handle()
#34 /home/agstudiodiital/public_html/magia/vendor/laravel/framework/src/Illuminate/Pipeline/Pipeline.php(183): Illuminate\\Foundation\\Http\\Middleware\\TrimStrings->handle()
#35 /home/agstudiodiital/public_html/magia/vendor/laravel/framework/src/Illuminate/Foundation/Http/Middleware/ValidatePostSize.php(27): Illuminate\\Pipeline\\Pipeline->Illuminate\\Pipeline\\{closure}()
#36 /home/agstudiodiital/public_html/magia/vendor/laravel/framework/src/Illuminate/Pipeline/Pipeline.php(183): Illuminate\\Foundation\\Http\\Middleware\\ValidatePostSize->handle()
#37 /home/agstudiodiital/public_html/magia/vendor/laravel/framework/src/Illuminate/Foundation/Http/Middleware/PreventRequestsDuringMaintenance.php(99): Illuminate\\Pipeline\\Pipeline->Illuminate\\Pipeline\\{closure}()
#38 /home/agstudiodiital/public_html/magia/vendor/laravel/framework/src/Illuminate/Pipeline/Pipeline.php(183): Illuminate\\Foundation\\Http\\Middleware\\PreventRequestsDuringMaintenance->handle()
#39 /home/agstudiodiital/public_html/magia/vendor/laravel/framework/src/Illuminate/Http/Middleware/HandleCors.php(49): Illuminate\\Pipeline\\Pipeline->Illuminate\\Pipeline\\{closure}()
#40 /home/agstudiodiital/public_html/magia/vendor/laravel/framework/src/Illuminate/Pipeline/Pipeline.php(183): Illuminate\\Http\\Middleware\\HandleCors->handle()
#41 /home/agstudiodiital/public_html/magia/vendor/laravel/framework/src/Illuminate/Http/Middleware/TrustProxies.php(39): Illuminate\\Pipeline\\Pipeline->Illuminate\\Pipeline\\{closure}()
#42 /home/agstudiodiital/public_html/magia/vendor/laravel/framework/src/Illuminate/Pipeline/Pipeline.php(183): Illuminate\\Http\\Middleware\\TrustProxies->handle()
#43 /home/agstudiodiital/public_html/magia/vendor/laravel/framework/src/Illuminate/Pipeline/Pipeline.php(119): Illuminate\\Pipeline\\Pipeline->Illuminate\\Pipeline\\{closure}()
#44 /home/agstudiodiital/public_html/magia/vendor/laravel/framework/src/Illuminate/Foundation/Http/Kernel.php(175): Illuminate\\Pipeline\\Pipeline->then()
#45 /home/agstudiodiital/public_html/magia/vendor/laravel/framework/src/Illuminate/Foundation/Http/Kernel.php(144): Illuminate\\Foundation\\Http\\Kernel->sendRequestThroughRouter()
#46 /home/agstudiodiital/public_html/magia/public/index.php(52): Illuminate\\Foundation\\Http\\Kernel->handle()
#47 {main}
"} 
[2025-11-10 08:56:32] production.ERROR: View [errors.404] not found. {"userId":1,"exception":"[object] (InvalidArgumentException(code: 0): View [errors.404] not found. at /home/agstudiodiital/public_html/magia/vendor/laravel/framework/src/Illuminate/View/FileViewFinder.php:137)
[stacktrace]
#0 /home/agstudiodiital/public_html/magia/vendor/laravel/framework/src/Illuminate/View/FileViewFinder.php(79): Illuminate\\View\\FileViewFinder->findInPaths()
#1 /home/agstudiodiital/public_html/magia/vendor/laravel/framework/src/Illuminate/View/Factory.php(138): Illuminate\\View\\FileViewFinder->find()
#2 /home/agstudiodiital/public_html/magia/vendor/laravel/framework/src/Illuminate/Routing/ResponseFactory.php(88): Illuminate\\View\\Factory->make()
#3 /home/agstudiodiital/public_html/magia/routes/web.php(147): Illuminate\\Routing\\ResponseFactory->view()
#4 /home/agstudiodiital/public_html/magia/vendor/laravel/framework/src/Illuminate/Routing/CallableDispatcher.php(40): Illuminate\\Routing\\RouteFileRegistrar->{closure}()
#5 /home/agstudiodiital/public_html/magia/vendor/laravel/framework/src/Illuminate/Routing/Route.php(237): Illuminate\\Routing\\CallableDispatcher->dispatch()
#6 /home/agstudiodiital/public_html/magia/vendor/laravel/framework/src/Illuminate/Routing/Route.php(208): Illuminate\\Routing\\Route->runCallable()
#7 /home/agstudiodiital/public_html/magia/vendor/laravel/framework/src/Illuminate/Routing/Router.php(806): Illuminate\\Routing\\Route->run()
#8 /home/agstudiodiital/public_html/magia/vendor/laravel/framework/src/Illuminate/Pipeline/Pipeline.php(144): Illuminate\\Routing\\Router->Illuminate\\Routing\\{closure}()
#9 /home/agstudiodiital/public_html/magia/vendor/laravel/framework/src/Illuminate/Routing/Middleware/SubstituteBindings.php(50): Illuminate\\Pipeline\\Pipeline->Illuminate\\Pipeline\\{closure}()
#10 /home/agstudiodiital/public_html/magia/vendor/laravel/framework/src/Illuminate/Pipeline/Pipeline.php(183): Illuminate\\Routing\\Middleware\\SubstituteBindings->handle()
#11 /home/agstudiodiital/public_html/magia/vendor/laravel/framework/src/Illuminate/Foundation/Http/Middleware/VerifyCsrfToken.php(78): Illuminate\\Pipeline\\Pipeline->Illuminate\\Pipeline\\{closure}()
#12 /home/agstudiodiital/public_html/magia/vendor/laravel/framework/src/Illuminate/Pipeline/Pipeline.php(183): Illuminate\\Foundation\\Http\\Middleware\\VerifyCsrfToken->handle()
#13 /home/agstudiodiital/public_html/magia/vendor/laravel/framework/src/Illuminate/View/Middleware/ShareErrorsFromSession.php(49): Illuminate\\Pipeline\\Pipeline->Illuminate\\Pipeline\\{closure}()
#14 /home/agstudiodiital/public_html/magia/vendor/laravel/framework/src/Illuminate/Pipeline/Pipeline.php(183): Illuminate\\View\\Middleware\\ShareErrorsFromSession->handle()
#15 /home/agstudiodiital/public_html/magia/vendor/laravel/framework/src/Illuminate/Session/Middleware/StartSession.php(121): Illuminate\\Pipeline\\Pipeline->Illuminate\\Pipeline\\{closure}()
#16 /home/agstudiodiital/public_html/magia/vendor/laravel/framework/src/Illuminate/Session/Middleware/StartSession.php(64): Illuminate\\Session\\Middleware\\StartSession->handleStatefulRequest()
#17 /home/agstudiodiital/public_html/magia/vendor/laravel/framework/src/Illuminate/Pipeline/Pipeline.php(183): Illuminate\\Session\\Middleware\\StartSession->handle()
#18 /home/agstudiodiital/public_html/magia/vendor/laravel/framework/src/Illuminate/Cookie/Middleware/AddQueuedCookiesToResponse.php(37): Illuminate\\Pipeline\\Pipeline->Illuminate\\Pipeline\\{closure}()
#19 /home/agstudiodiital/public_html/magia/vendor/laravel/framework/src/Illuminate/Pipeline/Pipeline.php(183): Illuminate\\Cookie\\Middleware\\AddQueuedCookiesToResponse->handle()
#20 /home/agstudiodiital/public_html/magia/vendor/laravel/framework/src/Illuminate/Cookie/Middleware/EncryptCookies.php(67): Illuminate\\Pipeline\\Pipeline->Illuminate\\Pipeline\\{closure}()
#21 /home/agstudiodiital/public_html/magia/vendor/laravel/framework/src/Illuminate/Pipeline/Pipeline.php(183): Illuminate\\Cookie\\Middleware\\EncryptCookies->handle()
#22 /home/agstudiodiital/public_html/magia/vendor/laravel/framework/src/Illuminate/Pipeline/Pipeline.php(119): Illuminate\\Pipeline\\Pipeline->Illuminate\\Pipeline\\{closure}()
#23 /home/agstudiodiital/public_html/magia/vendor/laravel/framework/src/Illuminate/Routing/Router.php(807): Illuminate\\Pipeline\\Pipeline->then()
#24 /home/agstudiodiital/public_html/magia/vendor/laravel/framework/src/Illuminate/Routing/Router.php(784): Illuminate\\Routing\\Router->runRouteWithinStack()
#25 /home/agstudiodiital/public_html/magia/vendor/laravel/framework/src/Illuminate/Routing/Router.php(748): Illuminate\\Routing\\Router->runRoute()
#26 /home/agstudiodiital/public_html/magia/vendor/laravel/framework/src/Illuminate/Routing/Router.php(737): Illuminate\\Routing\\Router->dispatchToRoute()
#27 /home/agstudiodiital/public_html/magia/vendor/laravel/framework/src/Illuminate/Foundation/Http/Kernel.php(200): Illuminate\\Routing\\Router->dispatch()
#28 /home/agstudiodiital/public_html/magia/vendor/laravel/framework/src/Illuminate/Pipeline/Pipeline.php(144): Illuminate\\Foundation\\Http\\Kernel->Illuminate\\Foundation\\Http\\{closure}()
#29 /home/agstudiodiital/public_html/magia/vendor/laravel/framework/src/Illuminate/Foundation/Http/Middleware/TransformsRequest.php(21): Illuminate\\Pipeline\\Pipeline->Illuminate\\Pipeline\\{closure}()
#30 /home/agstudiodiital/public_html/magia/vendor/laravel/framework/src/Illuminate/Foundation/Http/Middleware/ConvertEmptyStringsToNull.php(31): Illuminate\\Foundation\\Http\\Middleware\\TransformsRequest->handle()
#31 /home/agstudiodiital/public_html/magia/vendor/laravel/framework/src/Illuminate/Pipeline/Pipeline.php(183): Illuminate\\Foundation\\Http\\Middleware\\ConvertEmptyStringsToNull->handle()
#32 /home/agstudiodiital/public_html/magia/vendor/laravel/framework/src/Illuminate/Foundation/Http/Middleware/TransformsRequest.php(21): Illuminate\\Pipeline\\Pipeline->Illuminate\\Pipeline\\{closure}()
#33 /home/agstudiodiital/public_html/magia/vendor/laravel/framework/src/Illuminate/Foundation/Http/Middleware/TrimStrings.php(40): Illuminate\\Foundation\\Http\\Middleware\\TransformsRequest->handle()
#34 /home/agstudiodiital/public_html/magia/vendor/laravel/framework/src/Illuminate/Pipeline/Pipeline.php(183): Illuminate\\Foundation\\Http\\Middleware\\TrimStrings->handle()
#35 /home/agstudiodiital/public_html/magia/vendor/laravel/framework/src/Illuminate/Foundation/Http/Middleware/ValidatePostSize.php(27): Illuminate\\Pipeline\\Pipeline->Illuminate\\Pipeline\\{closure}()
#36 /home/agstudiodiital/public_html/magia/vendor/laravel/framework/src/Illuminate/Pipeline/Pipeline.php(183): Illuminate\\Foundation\\Http\\Middleware\\ValidatePostSize->handle()
#37 /home/agstudiodiital/public_html/magia/vendor/laravel/framework/src/Illuminate/Foundation/Http/Middleware/PreventRequestsDuringMaintenance.php(99): Illuminate\\Pipeline\\Pipeline->Illuminate\\Pipeline\\{closure}()
#38 /home/agstudiodiital/public_html/magia/vendor/laravel/framework/src/Illuminate/Pipeline/Pipeline.php(183): Illuminate\\Foundation\\Http\\Middleware\\PreventRequestsDuringMaintenance->handle()
#39 /home/agstudiodiital/public_html/magia/vendor/laravel/framework/src/Illuminate/Http/Middleware/HandleCors.php(49): Illuminate\\Pipeline\\Pipeline->Illuminate\\Pipeline\\{closure}()
#40 /home/agstudiodiital/public_html/magia/vendor/laravel/framework/src/Illuminate/Pipeline/Pipeline.php(183): Illuminate\\Http\\Middleware\\HandleCors->handle()
#41 /home/agstudiodiital/public_html/magia/vendor/laravel/framework/src/Illuminate/Http/Middleware/TrustProxies.php(39): Illuminate\\Pipeline\\Pipeline->Illuminate\\Pipeline\\{closure}()
#42 /home/agstudiodiital/public_html/magia/vendor/laravel/framework/src/Illuminate/Pipeline/Pipeline.php(183): Illuminate\\Http\\Middleware\\TrustProxies->handle()
#43 /home/agstudiodiital/public_html/magia/vendor/laravel/framework/src/Illuminate/Pipeline/Pipeline.php(119): Illuminate\\Pipeline\\Pipeline->Illuminate\\Pipeline\\{closure}()
#44 /home/agstudiodiital/public_html/magia/vendor/laravel/framework/src/Illuminate/Foundation/Http/Kernel.php(175): Illuminate\\Pipeline\\Pipeline->then()
#45 /home/agstudiodiital/public_html/magia/vendor/laravel/framework/src/Illuminate/Foundation/Http/Kernel.php(144): Illuminate\\Foundation\\Http\\Kernel->sendRequestThroughRouter()
#46 /home/agstudiodiital/public_html/magia/public/index.php(52): Illuminate\\Foundation\\Http\\Kernel->handle()
#47 {main}
"} 
[2025-11-10 08:56:34] production.ERROR: View [errors.404] not found. {"userId":1,"exception":"[object] (InvalidArgumentException(code: 0): View [errors.404] not found. at /home/agstudiodiital/public_html/magia/vendor/laravel/framework/src/Illuminate/View/FileViewFinder.php:137)
[stacktrace]
#0 /home/agstudiodiital/public_html/magia/vendor/laravel/framework/src/Illuminate/View/FileViewFinder.php(79): Illuminate\\View\\FileViewFinder->findInPaths()
#1 /home/agstudiodiital/public_html/magia/vendor/laravel/framework/src/Illuminate/View/Factory.php(138): Illuminate\\View\\FileViewFinder->find()
#2 /home/agstudiodiital/public_html/magia/vendor/laravel/framework/src/Illuminate/Routing/ResponseFactory.php(88): Illuminate\\View\\Factory->make()
#3 /home/agstudiodiital/public_html/magia/routes/web.php(147): Illuminate\\Routing\\ResponseFactory->view()
#4 /home/agstudiodiital/public_html/magia/vendor/laravel/framework/src/Illuminate/Routing/CallableDispatcher.php(40): Illuminate\\Routing\\RouteFileRegistrar->{closure}()
#5 /home/agstudiodiital/public_html/magia/vendor/laravel/framework/src/Illuminate/Routing/Route.php(237): Illuminate\\Routing\\CallableDispatcher->dispatch()
#6 /home/agstudiodiital/public_html/magia/vendor/laravel/framework/src/Illuminate/Routing/Route.php(208): Illuminate\\Routing\\Route->runCallable()
#7 /home/agstudiodiital/public_html/magia/vendor/laravel/framework/src/Illuminate/Routing/Router.php(806): Illuminate\\Routing\\Route->run()
#8 /home/agstudiodiital/public_html/magia/vendor/laravel/framework/src/Illuminate/Pipeline/Pipeline.php(144): Illuminate\\Routing\\Router->Illuminate\\Routing\\{closure}()
#9 /home/agstudiodiital/public_html/magia/vendor/laravel/framework/src/Illuminate/Routing/Middleware/SubstituteBindings.php(50): Illuminate\\Pipeline\\Pipeline->Illuminate\\Pipeline\\{closure}()
#10 /home/agstudiodiital/public_html/magia/vendor/laravel/framework/src/Illuminate/Pipeline/Pipeline.php(183): Illuminate\\Routing\\Middleware\\SubstituteBindings->handle()
#11 /home/agstudiodiital/public_html/magia/vendor/laravel/framework/src/Illuminate/Foundation/Http/Middleware/VerifyCsrfToken.php(78): Illuminate\\Pipeline\\Pipeline->Illuminate\\Pipeline\\{closure}()
#12 /home/agstudiodiital/public_html/magia/vendor/laravel/framework/src/Illuminate/Pipeline/Pipeline.php(183): Illuminate\\Foundation\\Http\\Middleware\\VerifyCsrfToken->handle()
#13 /home/agstudiodiital/public_html/magia/vendor/laravel/framework/src/Illuminate/View/Middleware/ShareErrorsFromSession.php(49): Illuminate\\Pipeline\\Pipeline->Illuminate\\Pipeline\\{closure}()
#14 /home/agstudiodiital/public_html/magia/vendor/laravel/framework/src/Illuminate/Pipeline/Pipeline.php(183): Illuminate\\View\\Middleware\\ShareErrorsFromSession->handle()
#15 /home/agstudiodiital/public_html/magia/vendor/laravel/framework/src/Illuminate/Session/Middleware/StartSession.php(121): Illuminate\\Pipeline\\Pipeline->Illuminate\\Pipeline\\{closure}()
#16 /home/agstudiodiital/public_html/magia/vendor/laravel/framework/src/Illuminate/Session/Middleware/StartSession.php(64): Illuminate\\Session\\Middleware\\StartSession->handleStatefulRequest()
#17 /home/agstudiodiital/public_html/magia/vendor/laravel/framework/src/Illuminate/Pipeline/Pipeline.php(183): Illuminate\\Session\\Middleware\\StartSession->handle()
#18 /home/agstudiodiital/public_html/magia/vendor/laravel/framework/src/Illuminate/Cookie/Middleware/AddQueuedCookiesToResponse.php(37): Illuminate\\Pipeline\\Pipeline->Illuminate\\Pipeline\\{closure}()
#19 /home/agstudiodiital/public_html/magia/vendor/laravel/framework/src/Illuminate/Pipeline/Pipeline.php(183): Illuminate\\Cookie\\Middleware\\AddQueuedCookiesToResponse->handle()
#20 /home/agstudiodiital/public_html/magia/vendor/laravel/framework/src/Illuminate/Cookie/Middleware/EncryptCookies.php(67): Illuminate\\Pipeline\\Pipeline->Illuminate\\Pipeline\\{closure}()
#21 /home/agstudiodiital/public_html/magia/vendor/laravel/framework/src/Illuminate/Pipeline/Pipeline.php(183): Illuminate\\Cookie\\Middleware\\EncryptCookies->handle()
#22 /home/agstudiodiital/public_html/magia/vendor/laravel/framework/src/Illuminate/Pipeline/Pipeline.php(119): Illuminate\\Pipeline\\Pipeline->Illuminate\\Pipeline\\{closure}()
#23 /home/agstudiodiital/public_html/magia/vendor/laravel/framework/src/Illuminate/Routing/Router.php(807): Illuminate\\Pipeline\\Pipeline->then()
#24 /home/agstudiodiital/public_html/magia/vendor/laravel/framework/src/Illuminate/Routing/Router.php(784): Illuminate\\Routing\\Router->runRouteWithinStack()
#25 /home/agstudiodiital/public_html/magia/vendor/laravel/framework/src/Illuminate/Routing/Router.php(748): Illuminate\\Routing\\Router->runRoute()
#26 /home/agstudiodiital/public_html/magia/vendor/laravel/framework/src/Illuminate/Routing/Router.php(737): Illuminate\\Routing\\Router->dispatchToRoute()
#27 /home/agstudiodiital/public_html/magia/vendor/laravel/framework/src/Illuminate/Foundation/Http/Kernel.php(200): Illuminate\\Routing\\Router->dispatch()
#28 /home/agstudiodiital/public_html/magia/vendor/laravel/framework/src/Illuminate/Pipeline/Pipeline.php(144): Illuminate\\Foundation\\Http\\Kernel->Illuminate\\Foundation\\Http\\{closure}()
#29 /home/agstudiodiital/public_html/magia/vendor/laravel/framework/src/Illuminate/Foundation/Http/Middleware/TransformsRequest.php(21): Illuminate\\Pipeline\\Pipeline->Illuminate\\Pipeline\\{closure}()
#30 /home/agstudiodiital/public_html/magia/vendor/laravel/framework/src/Illuminate/Foundation/Http/Middleware/ConvertEmptyStringsToNull.php(31): Illuminate\\Foundation\\Http\\Middleware\\TransformsRequest->handle()
#31 /home/agstudiodiital/public_html/magia/vendor/laravel/framework/src/Illuminate/Pipeline/Pipeline.php(183): Illuminate\\Foundation\\Http\\Middleware\\ConvertEmptyStringsToNull->handle()
#32 /home/agstudiodiital/public_html/magia/vendor/laravel/framework/src/Illuminate/Foundation/Http/Middleware/TransformsRequest.php(21): Illuminate\\Pipeline\\Pipeline->Illuminate\\Pipeline\\{closure}()
#33 /home/agstudiodiital/public_html/magia/vendor/laravel/framework/src/Illuminate/Foundation/Http/Middleware/TrimStrings.php(40): Illuminate\\Foundation\\Http\\Middleware\\TransformsRequest->handle()
#34 /home/agstudiodiital/public_html/magia/vendor/laravel/framework/src/Illuminate/Pipeline/Pipeline.php(183): Illuminate\\Foundation\\Http\\Middleware\\TrimStrings->handle()
#35 /home/agstudiodiital/public_html/magia/vendor/laravel/framework/src/Illuminate/Foundation/Http/Middleware/ValidatePostSize.php(27): Illuminate\\Pipeline\\Pipeline->Illuminate\\Pipeline\\{closure}()
#36 /home/agstudiodiital/public_html/magia/vendor/laravel/framework/src/Illuminate/Pipeline/Pipeline.php(183): Illuminate\\Foundation\\Http\\Middleware\\ValidatePostSize->handle()
#37 /home/agstudiodiital/public_html/magia/vendor/laravel/framework/src/Illuminate/Foundation/Http/Middleware/PreventRequestsDuringMaintenance.php(99): Illuminate\\Pipeline\\Pipeline->Illuminate\\Pipeline\\{closure}()
#38 /home/agstudiodiital/public_html/magia/vendor/laravel/framework/src/Illuminate/Pipeline/Pipeline.php(183): Illuminate\\Foundation\\Http\\Middleware\\PreventRequestsDuringMaintenance->handle()
#39 /home/agstudiodiital/public_html/magia/vendor/laravel/framework/src/Illuminate/Http/Middleware/HandleCors.php(49): Illuminate\\Pipeline\\Pipeline->Illuminate\\Pipeline\\{closure}()
#40 /home/agstudiodiital/public_html/magia/vendor/laravel/framework/src/Illuminate/Pipeline/Pipeline.php(183): Illuminate\\Http\\Middleware\\HandleCors->handle()
#41 /home/agstudiodiital/public_html/magia/vendor/laravel/framework/src/Illuminate/Http/Middleware/TrustProxies.php(39): Illuminate\\Pipeline\\Pipeline->Illuminate\\Pipeline\\{closure}()
#42 /home/agstudiodiital/public_html/magia/vendor/laravel/framework/src/Illuminate/Pipeline/Pipeline.php(183): Illuminate\\Http\\Middleware\\TrustProxies->handle()
#43 /home/agstudiodiital/public_html/magia/vendor/laravel/framework/src/Illuminate/Pipeline/Pipeline.php(119): Illuminate\\Pipeline\\Pipeline->Illuminate\\Pipeline\\{closure}()
#44 /home/agstudiodiital/public_html/magia/vendor/laravel/framework/src/Illuminate/Foundation/Http/Kernel.php(175): Illuminate\\Pipeline\\Pipeline->then()
#45 /home/agstudiodiital/public_html/magia/vendor/laravel/framework/src/Illuminate/Foundation/Http/Kernel.php(144): Illuminate\\Foundation\\Http\\Kernel->sendRequestThroughRouter()
#46 /home/agstudiodiital/public_html/magia/public/index.php(52): Illuminate\\Foundation\\Http\\Kernel->handle()
#47 {main}
"} 
[2025-11-10 08:56:34] production.ERROR: View [errors.404] not found. {"userId":1,"exception":"[object] (InvalidArgumentException(code: 0): View [errors.404] not found. at /home/agstudiodiital/public_html/magia/vendor/laravel/framework/src/Illuminate/View/FileViewFinder.php:137)
[stacktrace]
#0 /home/agstudiodiital/public_html/magia/vendor/laravel/framework/src/Illuminate/View/FileViewFinder.php(79): Illuminate\\View\\FileViewFinder->findInPaths()
#1 /home/agstudiodiital/public_html/magia/vendor/laravel/framework/src/Illuminate/View/Factory.php(138): Illuminate\\View\\FileViewFinder->find()
#2 /home/agstudiodiital/public_html/magia/vendor/laravel/framework/src/Illuminate/Routing/ResponseFactory.php(88): Illuminate\\View\\Factory->make()
#3 /home/agstudiodiital/public_html/magia/routes/web.php(147): Illuminate\\Routing\\ResponseFactory->view()
#4 /home/agstudiodiital/public_html/magia/vendor/laravel/framework/src/Illuminate/Routing/CallableDispatcher.php(40): Illuminate\\Routing\\RouteFileRegistrar->{closure}()
#5 /home/agstudiodiital/public_html/magia/vendor/laravel/framework/src/Illuminate/Routing/Route.php(237): Illuminate\\Routing\\CallableDispatcher->dispatch()
#6 /home/agstudiodiital/public_html/magia/vendor/laravel/framework/src/Illuminate/Routing/Route.php(208): Illuminate\\Routing\\Route->runCallable()
#7 /home/agstudiodiital/public_html/magia/vendor/laravel/framework/src/Illuminate/Routing/Router.php(806): Illuminate\\Routing\\Route->run()
#8 /home/agstudiodiital/public_html/magia/vendor/laravel/framework/src/Illuminate/Pipeline/Pipeline.php(144): Illuminate\\Routing\\Router->Illuminate\\Routing\\{closure}()
#9 /home/agstudiodiital/public_html/magia/vendor/laravel/framework/src/Illuminate/Routing/Middleware/SubstituteBindings.php(50): Illuminate\\Pipeline\\Pipeline->Illuminate\\Pipeline\\{closure}()
#10 /home/agstudiodiital/public_html/magia/vendor/laravel/framework/src/Illuminate/Pipeline/Pipeline.php(183): Illuminate\\Routing\\Middleware\\SubstituteBindings->handle()
#11 /home/agstudiodiital/public_html/magia/vendor/laravel/framework/src/Illuminate/Foundation/Http/Middleware/VerifyCsrfToken.php(78): Illuminate\\Pipeline\\Pipeline->Illuminate\\Pipeline\\{closure}()
#12 /home/agstudiodiital/public_html/magia/vendor/laravel/framework/src/Illuminate/Pipeline/Pipeline.php(183): Illuminate\\Foundation\\Http\\Middleware\\VerifyCsrfToken->handle()
#13 /home/agstudiodiital/public_html/magia/vendor/laravel/framework/src/Illuminate/View/Middleware/ShareErrorsFromSession.php(49): Illuminate\\Pipeline\\Pipeline->Illuminate\\Pipeline\\{closure}()
#14 /home/agstudiodiital/public_html/magia/vendor/laravel/framework/src/Illuminate/Pipeline/Pipeline.php(183): Illuminate\\View\\Middleware\\ShareErrorsFromSession->handle()
#15 /home/agstudiodiital/public_html/magia/vendor/laravel/framework/src/Illuminate/Session/Middleware/StartSession.php(121): Illuminate\\Pipeline\\Pipeline->Illuminate\\Pipeline\\{closure}()
#16 /home/agstudiodiital/public_html/magia/vendor/laravel/framework/src/Illuminate/Session/Middleware/StartSession.php(64): Illuminate\\Session\\Middleware\\StartSession->handleStatefulRequest()
#17 /home/agstudiodiital/public_html/magia/vendor/laravel/framework/src/Illuminate/Pipeline/Pipeline.php(183): Illuminate\\Session\\Middleware\\StartSession->handle()
#18 /home/agstudiodiital/public_html/magia/vendor/laravel/framework/src/Illuminate/Cookie/Middleware/AddQueuedCookiesToResponse.php(37): Illuminate\\Pipeline\\Pipeline->Illuminate\\Pipeline\\{closure}()
#19 /home/agstudiodiital/public_html/magia/vendor/laravel/framework/src/Illuminate/Pipeline/Pipeline.php(183): Illuminate\\Cookie\\Middleware\\AddQueuedCookiesToResponse->handle()
#20 /home/agstudiodiital/public_html/magia/vendor/laravel/framework/src/Illuminate/Cookie/Middleware/EncryptCookies.php(67): Illuminate\\Pipeline\\Pipeline->Illuminate\\Pipeline\\{closure}()
#21 /home/agstudiodiital/public_html/magia/vendor/laravel/framework/src/Illuminate/Pipeline/Pipeline.php(183): Illuminate\\Cookie\\Middleware\\EncryptCookies->handle()
#22 /home/agstudiodiital/public_html/magia/vendor/laravel/framework/src/Illuminate/Pipeline/Pipeline.php(119): Illuminate\\Pipeline\\Pipeline->Illuminate\\Pipeline\\{closure}()
#23 /home/agstudiodiital/public_html/magia/vendor/laravel/framework/src/Illuminate/Routing/Router.php(807): Illuminate\\Pipeline\\Pipeline->then()
#24 /home/agstudiodiital/public_html/magia/vendor/laravel/framework/src/Illuminate/Routing/Router.php(784): Illuminate\\Routing\\Router->runRouteWithinStack()
#25 /home/agstudiodiital/public_html/magia/vendor/laravel/framework/src/Illuminate/Routing/Router.php(748): Illuminate\\Routing\\Router->runRoute()
#26 /home/agstudiodiital/public_html/magia/vendor/laravel/framework/src/Illuminate/Routing/Router.php(737): Illuminate\\Routing\\Router->dispatchToRoute()
#27 /home/agstudiodiital/public_html/magia/vendor/laravel/framework/src/Illuminate/Foundation/Http/Kernel.php(200): Illuminate\\Routing\\Router->dispatch()
#28 /home/agstudiodiital/public_html/magia/vendor/laravel/framework/src/Illuminate/Pipeline/Pipeline.php(144): Illuminate\\Foundation\\Http\\Kernel->Illuminate\\Foundation\\Http\\{closure}()
#29 /home/agstudiodiital/public_html/magia/vendor/laravel/framework/src/Illuminate/Foundation/Http/Middleware/TransformsRequest.php(21): Illuminate\\Pipeline\\Pipeline->Illuminate\\Pipeline\\{closure}()
#30 /home/agstudiodiital/public_html/magia/vendor/laravel/framework/src/Illuminate/Foundation/Http/Middleware/ConvertEmptyStringsToNull.php(31): Illuminate\\Foundation\\Http\\Middleware\\TransformsRequest->handle()
#31 /home/agstudiodiital/public_html/magia/vendor/laravel/framework/src/Illuminate/Pipeline/Pipeline.php(183): Illuminate\\Foundation\\Http\\Middleware\\ConvertEmptyStringsToNull->handle()
#32 /home/agstudiodiital/public_html/magia/vendor/laravel/framework/src/Illuminate/Foundation/Http/Middleware/TransformsRequest.php(21): Illuminate\\Pipeline\\Pipeline->Illuminate\\Pipeline\\{closure}()
#33 /home/agstudiodiital/public_html/magia/vendor/laravel/framework/src/Illuminate/Foundation/Http/Middleware/TrimStrings.php(40): Illuminate\\Foundation\\Http\\Middleware\\TransformsRequest->handle()
#34 /home/agstudiodiital/public_html/magia/vendor/laravel/framework/src/Illuminate/Pipeline/Pipeline.php(183): Illuminate\\Foundation\\Http\\Middleware\\TrimStrings->handle()
#35 /home/agstudiodiital/public_html/magia/vendor/laravel/framework/src/Illuminate/Foundation/Http/Middleware/ValidatePostSize.php(27): Illuminate\\Pipeline\\Pipeline->Illuminate\\Pipeline\\{closure}()
#36 /home/agstudiodiital/public_html/magia/vendor/laravel/framework/src/Illuminate/Pipeline/Pipeline.php(183): Illuminate\\Foundation\\Http\\Middleware\\ValidatePostSize->handle()
#37 /home/agstudiodiital/public_html/magia/vendor/laravel/framework/src/Illuminate/Foundation/Http/Middleware/PreventRequestsDuringMaintenance.php(99): Illuminate\\Pipeline\\Pipeline->Illuminate\\Pipeline\\{closure}()
#38 /home/agstudiodiital/public_html/magia/vendor/laravel/framework/src/Illuminate/Pipeline/Pipeline.php(183): Illuminate\\Foundation\\Http\\Middleware\\PreventRequestsDuringMaintenance->handle()
#39 /home/agstudiodiital/public_html/magia/vendor/laravel/framework/src/Illuminate/Http/Middleware/HandleCors.php(49): Illuminate\\Pipeline\\Pipeline->Illuminate\\Pipeline\\{closure}()
#40 /home/agstudiodiital/public_html/magia/vendor/laravel/framework/src/Illuminate/Pipeline/Pipeline.php(183): Illuminate\\Http\\Middleware\\HandleCors->handle()
#41 /home/agstudiodiital/public_html/magia/vendor/laravel/framework/src/Illuminate/Http/Middleware/TrustProxies.php(39): Illuminate\\Pipeline\\Pipeline->Illuminate\\Pipeline\\{closure}()
#42 /home/agstudiodiital/public_html/magia/vendor/laravel/framework/src/Illuminate/Pipeline/Pipeline.php(183): Illuminate\\Http\\Middleware\\TrustProxies->handle()
#43 /home/agstudiodiital/public_html/magia/vendor/laravel/framework/src/Illuminate/Pipeline/Pipeline.php(119): Illuminate\\Pipeline\\Pipeline->Illuminate\\Pipeline\\{closure}()
#44 /home/agstudiodiital/public_html/magia/vendor/laravel/framework/src/Illuminate/Foundation/Http/Kernel.php(175): Illuminate\\Pipeline\\Pipeline->then()
#45 /home/agstudiodiital/public_html/magia/vendor/laravel/framework/src/Illuminate/Foundation/Http/Kernel.php(144): Illuminate\\Foundation\\Http\\Kernel->sendRequestThroughRouter()
#46 /home/agstudiodiital/public_html/magia/public/index.php(52): Illuminate\\Foundation\\Http\\Kernel->handle()
#47 {main}
"} 
[2025-11-10 08:56:34] production.ERROR: View [errors.404] not found. {"userId":1,"exception":"[object] (InvalidArgumentException(code: 0): View [errors.404] not found. at /home/agstudiodiital/public_html/magia/vendor/laravel/framework/src/Illuminate/View/FileViewFinder.php:137)
[stacktrace]
#0 /home/agstudiodiital/public_html/magia/vendor/laravel/framework/src/Illuminate/View/FileViewFinder.php(79): Illuminate\\View\\FileViewFinder->findInPaths()
#1 /home/agstudiodiital/public_html/magia/vendor/laravel/framework/src/Illuminate/View/Factory.php(138): Illuminate\\View\\FileViewFinder->find()
#2 /home/agstudiodiital/public_html/magia/vendor/laravel/framework/src/Illuminate/Routing/ResponseFactory.php(88): Illuminate\\View\\Factory->make()
#3 /home/agstudiodiital/public_html/magia/routes/web.php(147): Illuminate\\Routing\\ResponseFactory->view()
#4 /home/agstudiodiital/public_html/magia/vendor/laravel/framework/src/Illuminate/Routing/CallableDispatcher.php(40): Illuminate\\Routing\\RouteFileRegistrar->{closure}()
#5 /home/agstudiodiital/public_html/magia/vendor/laravel/framework/src/Illuminate/Routing/Route.php(237): Illuminate\\Routing\\CallableDispatcher->dispatch()
#6 /home/agstudiodiital/public_html/magia/vendor/laravel/framework/src/Illuminate/Routing/Route.php(208): Illuminate\\Routing\\Route->runCallable()
#7 /home/agstudiodiital/public_html/magia/vendor/laravel/framework/src/Illuminate/Routing/Router.php(806): Illuminate\\Routing\\Route->run()
#8 /home/agstudiodiital/public_html/magia/vendor/laravel/framework/src/Illuminate/Pipeline/Pipeline.php(144): Illuminate\\Routing\\Router->Illuminate\\Routing\\{closure}()
#9 /home/agstudiodiital/public_html/magia/vendor/laravel/framework/src/Illuminate/Routing/Middleware/SubstituteBindings.php(50): Illuminate\\Pipeline\\Pipeline->Illuminate\\Pipeline\\{closure}()
#10 /home/agstudiodiital/public_html/magia/vendor/laravel/framework/src/Illuminate/Pipeline/Pipeline.php(183): Illuminate\\Routing\\Middleware\\SubstituteBindings->handle()
#11 /home/agstudiodiital/public_html/magia/vendor/laravel/framework/src/Illuminate/Foundation/Http/Middleware/VerifyCsrfToken.php(78): Illuminate\\Pipeline\\Pipeline->Illuminate\\Pipeline\\{closure}()
#12 /home/agstudiodiital/public_html/magia/vendor/laravel/framework/src/Illuminate/Pipeline/Pipeline.php(183): Illuminate\\Foundation\\Http\\Middleware\\VerifyCsrfToken->handle()
#13 /home/agstudiodiital/public_html/magia/vendor/laravel/framework/src/Illuminate/View/Middleware/ShareErrorsFromSession.php(49): Illuminate\\Pipeline\\Pipeline->Illuminate\\Pipeline\\{closure}()
#14 /home/agstudiodiital/public_html/magia/vendor/laravel/framework/src/Illuminate/Pipeline/Pipeline.php(183): Illuminate\\View\\Middleware\\ShareErrorsFromSession->handle()
#15 /home/agstudiodiital/public_html/magia/vendor/laravel/framework/src/Illuminate/Session/Middleware/StartSession.php(121): Illuminate\\Pipeline\\Pipeline->Illuminate\\Pipeline\\{closure}()
#16 /home/agstudiodiital/public_html/magia/vendor/laravel/framework/src/Illuminate/Session/Middleware/StartSession.php(64): Illuminate\\Session\\Middleware\\StartSession->handleStatefulRequest()
#17 /home/agstudiodiital/public_html/magia/vendor/laravel/framework/src/Illuminate/Pipeline/Pipeline.php(183): Illuminate\\Session\\Middleware\\StartSession->handle()
#18 /home/agstudiodiital/public_html/magia/vendor/laravel/framework/src/Illuminate/Cookie/Middleware/AddQueuedCookiesToResponse.php(37): Illuminate\\Pipeline\\Pipeline->Illuminate\\Pipeline\\{closure}()
#19 /home/agstudiodiital/public_html/magia/vendor/laravel/framework/src/Illuminate/Pipeline/Pipeline.php(183): Illuminate\\Cookie\\Middleware\\AddQueuedCookiesToResponse->handle()
#20 /home/agstudiodiital/public_html/magia/vendor/laravel/framework/src/Illuminate/Cookie/Middleware/EncryptCookies.php(67): Illuminate\\Pipeline\\Pipeline->Illuminate\\Pipeline\\{closure}()
#21 /home/agstudiodiital/public_html/magia/vendor/laravel/framework/src/Illuminate/Pipeline/Pipeline.php(183): Illuminate\\Cookie\\Middleware\\EncryptCookies->handle()
#22 /home/agstudiodiital/public_html/magia/vendor/laravel/framework/src/Illuminate/Pipeline/Pipeline.php(119): Illuminate\\Pipeline\\Pipeline->Illuminate\\Pipeline\\{closure}()
#23 /home/agstudiodiital/public_html/magia/vendor/laravel/framework/src/Illuminate/Routing/Router.php(807): Illuminate\\Pipeline\\Pipeline->then()
#24 /home/agstudiodiital/public_html/magia/vendor/laravel/framework/src/Illuminate/Routing/Router.php(784): Illuminate\\Routing\\Router->runRouteWithinStack()
#25 /home/agstudiodiital/public_html/magia/vendor/laravel/framework/src/Illuminate/Routing/Router.php(748): Illuminate\\Routing\\Router->runRoute()
#26 /home/agstudiodiital/public_html/magia/vendor/laravel/framework/src/Illuminate/Routing/Router.php(737): Illuminate\\Routing\\Router->dispatchToRoute()
#27 /home/agstudiodiital/public_html/magia/vendor/laravel/framework/src/Illuminate/Foundation/Http/Kernel.php(200): Illuminate\\Routing\\Router->dispatch()
#28 /home/agstudiodiital/public_html/magia/vendor/laravel/framework/src/Illuminate/Pipeline/Pipeline.php(144): Illuminate\\Foundation\\Http\\Kernel->Illuminate\\Foundation\\Http\\{closure}()
#29 /home/agstudiodiital/public_html/magia/vendor/laravel/framework/src/Illuminate/Foundation/Http/Middleware/TransformsRequest.php(21): Illuminate\\Pipeline\\Pipeline->Illuminate\\Pipeline\\{closure}()
#30 /home/agstudiodiital/public_html/magia/vendor/laravel/framework/src/Illuminate/Foundation/Http/Middleware/ConvertEmptyStringsToNull.php(31): Illuminate\\Foundation\\Http\\Middleware\\TransformsRequest->handle()
#31 /home/agstudiodiital/public_html/magia/vendor/laravel/framework/src/Illuminate/Pipeline/Pipeline.php(183): Illuminate\\Foundation\\Http\\Middleware\\ConvertEmptyStringsToNull->handle()
#32 /home/agstudiodiital/public_html/magia/vendor/laravel/framework/src/Illuminate/Foundation/Http/Middleware/TransformsRequest.php(21): Illuminate\\Pipeline\\Pipeline->Illuminate\\Pipeline\\{closure}()
#33 /home/agstudiodiital/public_html/magia/vendor/laravel/framework/src/Illuminate/Foundation/Http/Middleware/TrimStrings.php(40): Illuminate\\Foundation\\Http\\Middleware\\TransformsRequest->handle()
#34 /home/agstudiodiital/public_html/magia/vendor/laravel/framework/src/Illuminate/Pipeline/Pipeline.php(183): Illuminate\\Foundation\\Http\\Middleware\\TrimStrings->handle()
#35 /home/agstudiodiital/public_html/magia/vendor/laravel/framework/src/Illuminate/Foundation/Http/Middleware/ValidatePostSize.php(27): Illuminate\\Pipeline\\Pipeline->Illuminate\\Pipeline\\{closure}()
#36 /home/agstudiodiital/public_html/magia/vendor/laravel/framework/src/Illuminate/Pipeline/Pipeline.php(183): Illuminate\\Foundation\\Http\\Middleware\\ValidatePostSize->handle()
#37 /home/agstudiodiital/public_html/magia/vendor/laravel/framework/src/Illuminate/Foundation/Http/Middleware/PreventRequestsDuringMaintenance.php(99): Illuminate\\Pipeline\\Pipeline->Illuminate\\Pipeline\\{closure}()
#38 /home/agstudiodiital/public_html/magia/vendor/laravel/framework/src/Illuminate/Pipeline/Pipeline.php(183): Illuminate\\Foundation\\Http\\Middleware\\PreventRequestsDuringMaintenance->handle()
#39 /home/agstudiodiital/public_html/magia/vendor/laravel/framework/src/Illuminate/Http/Middleware/HandleCors.php(49): Illuminate\\Pipeline\\Pipeline->Illuminate\\Pipeline\\{closure}()
#40 /home/agstudiodiital/public_html/magia/vendor/laravel/framework/src/Illuminate/Pipeline/Pipeline.php(183): Illuminate\\Http\\Middleware\\HandleCors->handle()
#41 /home/agstudiodiital/public_html/magia/vendor/laravel/framework/src/Illuminate/Http/Middleware/TrustProxies.php(39): Illuminate\\Pipeline\\Pipeline->Illuminate\\Pipeline\\{closure}()
#42 /home/agstudiodiital/public_html/magia/vendor/laravel/framework/src/Illuminate/Pipeline/Pipeline.php(183): Illuminate\\Http\\Middleware\\TrustProxies->handle()
#43 /home/agstudiodiital/public_html/magia/vendor/laravel/framework/src/Illuminate/Pipeline/Pipeline.php(119): Illuminate\\Pipeline\\Pipeline->Illuminate\\Pipeline\\{closure}()
#44 /home/agstudiodiital/public_html/magia/vendor/laravel/framework/src/Illuminate/Foundation/Http/Kernel.php(175): Illuminate\\Pipeline\\Pipeline->then()
#45 /home/agstudiodiital/public_html/magia/vendor/laravel/framework/src/Illuminate/Foundation/Http/Kernel.php(144): Illuminate\\Foundation\\Http\\Kernel->sendRequestThroughRouter()
#46 /home/agstudiodiital/public_html/magia/public/index.php(52): Illuminate\\Foundation\\Http\\Kernel->handle()
#47 {main}
"} 
[2025-11-10 08:59:59] production.ERROR: Method App\Http\Controllers\Auth\AuthController::mostraLoginAdmin does not exist. {"userId":1,"exception":"[object] (BadMethodCallException(code: 0): Method App\\Http\\Controllers\\Auth\\AuthController::mostraLoginAdmin does not exist. at /home/agstudiodiital/public_html/magia/vendor/laravel/framework/src/Illuminate/Routing/Controller.php:68)
[stacktrace]
#0 /home/agstudiodiital/public_html/magia/vendor/laravel/framework/src/Illuminate/Routing/Controller.php(54): Illuminate\\Routing\\Controller->__call()
#1 /home/agstudiodiital/public_html/magia/vendor/laravel/framework/src/Illuminate/Routing/ControllerDispatcher.php(43): Illuminate\\Routing\\Controller->callAction()
#2 /home/agstudiodiital/public_html/magia/vendor/laravel/framework/src/Illuminate/Routing/Route.php(260): Illuminate\\Routing\\ControllerDispatcher->dispatch()
#3 /home/agstudiodiital/public_html/magia/vendor/laravel/framework/src/Illuminate/Routing/Route.php(205): Illuminate\\Routing\\Route->runController()
#4 /home/agstudiodiital/public_html/magia/vendor/laravel/framework/src/Illuminate/Routing/Router.php(806): Illuminate\\Routing\\Route->run()
#5 /home/agstudiodiital/public_html/magia/vendor/laravel/framework/src/Illuminate/Pipeline/Pipeline.php(144): Illuminate\\Routing\\Router->Illuminate\\Routing\\{closure}()
#6 /home/agstudiodiital/public_html/magia/vendor/laravel/framework/src/Illuminate/Routing/Middleware/SubstituteBindings.php(50): Illuminate\\Pipeline\\Pipeline->Illuminate\\Pipeline\\{closure}()
#7 /home/agstudiodiital/public_html/magia/vendor/laravel/framework/src/Illuminate/Pipeline/Pipeline.php(183): Illuminate\\Routing\\Middleware\\SubstituteBindings->handle()
#8 /home/agstudiodiital/public_html/magia/vendor/laravel/framework/src/Illuminate/Foundation/Http/Middleware/VerifyCsrfToken.php(78): Illuminate\\Pipeline\\Pipeline->Illuminate\\Pipeline\\{closure}()
#9 /home/agstudiodiital/public_html/magia/vendor/laravel/framework/src/Illuminate/Pipeline/Pipeline.php(183): Illuminate\\Foundation\\Http\\Middleware\\VerifyCsrfToken->handle()
#10 /home/agstudiodiital/public_html/magia/vendor/laravel/framework/src/Illuminate/View/Middleware/ShareErrorsFromSession.php(49): Illuminate\\Pipeline\\Pipeline->Illuminate\\Pipeline\\{closure}()
#11 /home/agstudiodiital/public_html/magia/vendor/laravel/framework/src/Illuminate/Pipeline/Pipeline.php(183): Illuminate\\View\\Middleware\\ShareErrorsFromSession->handle()
#12 /home/agstudiodiital/public_html/magia/vendor/laravel/framework/src/Illuminate/Session/Middleware/StartSession.php(121): Illuminate\\Pipeline\\Pipeline->Illuminate\\Pipeline\\{closure}()
#13 /home/agstudiodiital/public_html/magia/vendor/laravel/framework/src/Illuminate/Session/Middleware/StartSession.php(64): Illuminate\\Session\\Middleware\\StartSession->handleStatefulRequest()
#14 /home/agstudiodiital/public_html/magia/vendor/laravel/framework/src/Illuminate/Pipeline/Pipeline.php(183): Illuminate\\Session\\Middleware\\StartSession->handle()
#15 /home/agstudiodiital/public_html/magia/vendor/laravel/framework/src/Illuminate/Cookie/Middleware/AddQueuedCookiesToResponse.php(37): Illuminate\\Pipeline\\Pipeline->Illuminate\\Pipeline\\{closure}()
#16 /home/agstudiodiital/public_html/magia/vendor/laravel/framework/src/Illuminate/Pipeline/Pipeline.php(183): Illuminate\\Cookie\\Middleware\\AddQueuedCookiesToResponse->handle()
#17 /home/agstudiodiital/public_html/magia/vendor/laravel/framework/src/Illuminate/Cookie/Middleware/EncryptCookies.php(67): Illuminate\\Pipeline\\Pipeline->Illuminate\\Pipeline\\{closure}()
#18 /home/agstudiodiital/public_html/magia/vendor/laravel/framework/src/Illuminate/Pipeline/Pipeline.php(183): Illuminate\\Cookie\\Middleware\\EncryptCookies->handle()
#19 /home/agstudiodiital/public_html/magia/vendor/laravel/framework/src/Illuminate/Pipeline/Pipeline.php(119): Illuminate\\Pipeline\\Pipeline->Illuminate\\Pipeline\\{closure}()
#20 /home/agstudiodiital/public_html/magia/vendor/laravel/framework/src/Illuminate/Routing/Router.php(807): Illuminate\\Pipeline\\Pipeline->then()
#21 /home/agstudiodiital/public_html/magia/vendor/laravel/framework/src/Illuminate/Routing/Router.php(784): Illuminate\\Routing\\Router->runRouteWithinStack()
#22 /home/agstudiodiital/public_html/magia/vendor/laravel/framework/src/Illuminate/Routing/Router.php(748): Illuminate\\Routing\\Router->runRoute()
#23 /home/agstudiodiital/public_html/magia/vendor/laravel/framework/src/Illuminate/Routing/Router.php(737): Illuminate\\Routing\\Router->dispatchToRoute()
#24 /home/agstudiodiital/public_html/magia/vendor/laravel/framework/src/Illuminate/Foundation/Http/Kernel.php(200): Illuminate\\Routing\\Router->dispatch()
#25 /home/agstudiodiital/public_html/magia/vendor/laravel/framework/src/Illuminate/Pipeline/Pipeline.php(144): Illuminate\\Foundation\\Http\\Kernel->Illuminate\\Foundation\\Http\\{closure}()
#26 /home/agstudiodiital/public_html/magia/vendor/laravel/framework/src/Illuminate/Foundation/Http/Middleware/TransformsRequest.php(21): Illuminate\\Pipeline\\Pipeline->Illuminate\\Pipeline\\{closure}()
#27 /home/agstudiodiital/public_html/magia/vendor/laravel/framework/src/Illuminate/Foundation/Http/Middleware/ConvertEmptyStringsToNull.php(31): Illuminate\\Foundation\\Http\\Middleware\\TransformsRequest->handle()
#28 /home/agstudiodiital/public_html/magia/vendor/laravel/framework/src/Illuminate/Pipeline/Pipeline.php(183): Illuminate\\Foundation\\Http\\Middleware\\ConvertEmptyStringsToNull->handle()
#29 /home/agstudiodiital/public_html/magia/vendor/laravel/framework/src/Illuminate/Foundation/Http/Middleware/TransformsRequest.php(21): Illuminate\\Pipeline\\Pipeline->Illuminate\\Pipeline\\{closure}()
#30 /home/agstudiodiital/public_html/magia/vendor/laravel/framework/src/Illuminate/Foundation/Http/Middleware/TrimStrings.php(40): Illuminate\\Foundation\\Http\\Middleware\\TransformsRequest->handle()
#31 /home/agstudiodiital/public_html/magia/vendor/laravel/framework/src/Illuminate/Pipeline/Pipeline.php(183): Illuminate\\Foundation\\Http\\Middleware\\TrimStrings->handle()
#32 /home/agstudiodiital/public_html/magia/vendor/laravel/framework/src/Illuminate/Foundation/Http/Middleware/ValidatePostSize.php(27): Illuminate\\Pipeline\\Pipeline->Illuminate\\Pipeline\\{closure}()
#33 /home/agstudiodiital/public_html/magia/vendor/laravel/framework/src/Illuminate/Pipeline/Pipeline.php(183): Illuminate\\Foundation\\Http\\Middleware\\ValidatePostSize->handle()
#34 /home/agstudiodiital/public_html/magia/vendor/laravel/framework/src/Illuminate/Foundation/Http/Middleware/PreventRequestsDuringMaintenance.php(99): Illuminate\\Pipeline\\Pipeline->Illuminate\\Pipeline\\{closure}()
#35 /home/agstudiodiital/public_html/magia/vendor/laravel/framework/src/Illuminate/Pipeline/Pipeline.php(183): Illuminate\\Foundation\\Http\\Middleware\\PreventRequestsDuringMaintenance->handle()
#36 /home/agstudiodiital/public_html/magia/vendor/laravel/framework/src/Illuminate/Http/Middleware/HandleCors.php(49): Illuminate\\Pipeline\\Pipeline->Illuminate\\Pipeline\\{closure}()
#37 /home/agstudiodiital/public_html/magia/vendor/laravel/framework/src/Illuminate/Pipeline/Pipeline.php(183): Illuminate\\Http\\Middleware\\HandleCors->handle()
#38 /home/agstudiodiital/public_html/magia/vendor/laravel/framework/src/Illuminate/Http/Middleware/TrustProxies.php(39): Illuminate\\Pipeline\\Pipeline->Illuminate\\Pipeline\\{closure}()
#39 /home/agstudiodiital/public_html/magia/vendor/laravel/framework/src/Illuminate/Pipeline/Pipeline.php(183): Illuminate\\Http\\Middleware\\TrustProxies->handle()
#40 /home/agstudiodiital/public_html/magia/vendor/laravel/framework/src/Illuminate/Pipeline/Pipeline.php(119): Illuminate\\Pipeline\\Pipeline->Illuminate\\Pipeline\\{closure}()
#41 /home/agstudiodiital/public_html/magia/vendor/laravel/framework/src/Illuminate/Foundation/Http/Kernel.php(175): Illuminate\\Pipeline\\Pipeline->then()
#42 /home/agstudiodiital/public_html/magia/vendor/laravel/framework/src/Illuminate/Foundation/Http/Kernel.php(144): Illuminate\\Foundation\\Http\\Kernel->sendRequestThroughRouter()
#43 /home/agstudiodiital/public_html/magia/public/index.php(52): Illuminate\\Foundation\\Http\\Kernel->handle()
#44 {main}
"} 
[2025-11-10 09:00:31] production.ERROR: Undefined variable $totaleClienti {"view":{"view":"/home/agstudiodiital/public_html/magia/resources/views/admin/dashboard.blade.php","data":[]},"userId":1,"exception":"[object] (Spatie\\LaravelIgnition\\Exceptions\\ViewException(code: 0): Undefined variable $totaleClienti at /home/agstudiodiital/public_html/magia/resources/views/admin/dashboard.blade.php:16)
[stacktrace]
#0 /home/agstudiodiital/public_html/magia/vendor/laravel/framework/src/Illuminate/Filesystem/Filesystem.php(123): require('/home/agstudiod...')
#1 /home/agstudiodiital/public_html/magia/vendor/laravel/framework/src/Illuminate/Filesystem/Filesystem.php(124): Illuminate\\Filesystem\\Filesystem::Illuminate\\Filesystem\\{closure}()
#2 /home/agstudiodiital/public_html/magia/vendor/laravel/framework/src/Illuminate/View/Engines/PhpEngine.php(58): Illuminate\\Filesystem\\Filesystem->getRequire()
#3 /home/agstudiodiital/public_html/magia/vendor/laravel/framework/src/Illuminate/View/Engines/CompilerEngine.php(72): Illuminate\\View\\Engines\\PhpEngine->evaluatePath()
#4 /home/agstudiodiital/public_html/magia/vendor/laravel/framework/src/Illuminate/View/View.php(207): Illuminate\\View\\Engines\\CompilerEngine->get()
#5 /home/agstudiodiital/public_html/magia/vendor/laravel/framework/src/Illuminate/View/View.php(190): Illuminate\\View\\View->getContents()
#6 /home/agstudiodiital/public_html/magia/vendor/laravel/framework/src/Illuminate/View/View.php(159): Illuminate\\View\\View->renderContents()
#7 /home/agstudiodiital/public_html/magia/vendor/laravel/framework/src/Illuminate/Http/Response.php(69): Illuminate\\View\\View->render()
#8 /home/agstudiodiital/public_html/magia/vendor/laravel/framework/src/Illuminate/Http/Response.php(35): Illuminate\\Http\\Response->setContent()
#9 /home/agstudiodiital/public_html/magia/vendor/laravel/framework/src/Illuminate/Routing/Router.php(918): Illuminate\\Http\\Response->__construct()
#10 /home/agstudiodiital/public_html/magia/vendor/laravel/framework/src/Illuminate/Routing/Router.php(885): Illuminate\\Routing\\Router::toResponse()
#11 /home/agstudiodiital/public_html/magia/vendor/laravel/framework/src/Illuminate/Routing/Router.php(806): Illuminate\\Routing\\Router->prepareResponse()
#12 /home/agstudiodiital/public_html/magia/vendor/laravel/framework/src/Illuminate/Pipeline/Pipeline.php(144): Illuminate\\Routing\\Router->Illuminate\\Routing\\{closure}()
#13 /home/agstudiodiital/public_html/magia/app/Http/Middleware/VerificaTipoUtente.php(53): Illuminate\\Pipeline\\Pipeline->Illuminate\\Pipeline\\{closure}()
#14 /home/agstudiodiital/public_html/magia/vendor/laravel/framework/src/Illuminate/Pipeline/Pipeline.php(183): App\\Http\\Middleware\\VerificaTipoUtente->handle()
#15 /home/agstudiodiital/public_html/magia/vendor/laravel/framework/src/Illuminate/Routing/Middleware/SubstituteBindings.php(50): Illuminate\\Pipeline\\Pipeline->Illuminate\\Pipeline\\{closure}()
#16 /home/agstudiodiital/public_html/magia/vendor/laravel/framework/src/Illuminate/Pipeline/Pipeline.php(183): Illuminate\\Routing\\Middleware\\SubstituteBindings->handle()
#17 /home/agstudiodiital/public_html/magia/vendor/laravel/framework/src/Illuminate/Auth/Middleware/Authenticate.php(57): Illuminate\\Pipeline\\Pipeline->Illuminate\\Pipeline\\{closure}()
#18 /home/agstudiodiital/public_html/magia/vendor/laravel/framework/src/Illuminate/Pipeline/Pipeline.php(183): Illuminate\\Auth\\Middleware\\Authenticate->handle()
#19 /home/agstudiodiital/public_html/magia/vendor/laravel/framework/src/Illuminate/Foundation/Http/Middleware/VerifyCsrfToken.php(78): Illuminate\\Pipeline\\Pipeline->Illuminate\\Pipeline\\{closure}()
#20 /home/agstudiodiital/public_html/magia/vendor/laravel/framework/src/Illuminate/Pipeline/Pipeline.php(183): Illuminate\\Foundation\\Http\\Middleware\\VerifyCsrfToken->handle()
#21 /home/agstudiodiital/public_html/magia/vendor/laravel/framework/src/Illuminate/View/Middleware/ShareErrorsFromSession.php(49): Illuminate\\Pipeline\\Pipeline->Illuminate\\Pipeline\\{closure}()
#22 /home/agstudiodiital/public_html/magia/vendor/laravel/framework/src/Illuminate/Pipeline/Pipeline.php(183): Illuminate\\View\\Middleware\\ShareErrorsFromSession->handle()
#23 /home/agstudiodiital/public_html/magia/vendor/laravel/framework/src/Illuminate/Session/Middleware/StartSession.php(121): Illuminate\\Pipeline\\Pipeline->Illuminate\\Pipeline\\{closure}()
#24 /home/agstudiodiital/public_html/magia/vendor/laravel/framework/src/Illuminate/Session/Middleware/StartSession.php(64): Illuminate\\Session\\Middleware\\StartSession->handleStatefulRequest()
#25 /home/agstudiodiital/public_html/magia/vendor/laravel/framework/src/Illuminate/Pipeline/Pipeline.php(183): Illuminate\\Session\\Middleware\\StartSession->handle()
#26 /home/agstudiodiital/public_html/magia/vendor/laravel/framework/src/Illuminate/Cookie/Middleware/AddQueuedCookiesToResponse.php(37): Illuminate\\Pipeline\\Pipeline->Illuminate\\Pipeline\\{closure}()
#27 /home/agstudiodiital/public_html/magia/vendor/laravel/framework/src/Illuminate/Pipeline/Pipeline.php(183): Illuminate\\Cookie\\Middleware\\AddQueuedCookiesToResponse->handle()
#28 /home/agstudiodiital/public_html/magia/vendor/laravel/framework/src/Illuminate/Cookie/Middleware/EncryptCookies.php(67): Illuminate\\Pipeline\\Pipeline->Illuminate\\Pipeline\\{closure}()
#29 /home/agstudiodiital/public_html/magia/vendor/laravel/framework/src/Illuminate/Pipeline/Pipeline.php(183): Illuminate\\Cookie\\Middleware\\EncryptCookies->handle()
#30 /home/agstudiodiital/public_html/magia/vendor/laravel/framework/src/Illuminate/Pipeline/Pipeline.php(119): Illuminate\\Pipeline\\Pipeline->Illuminate\\Pipeline\\{closure}()
#31 /home/agstudiodiital/public_html/magia/vendor/laravel/framework/src/Illuminate/Routing/Router.php(807): Illuminate\\Pipeline\\Pipeline->then()
#32 /home/agstudiodiital/public_html/magia/vendor/laravel/framework/src/Illuminate/Routing/Router.php(784): Illuminate\\Routing\\Router->runRouteWithinStack()
#33 /home/agstudiodiital/public_html/magia/vendor/laravel/framework/src/Illuminate/Routing/Router.php(748): Illuminate\\Routing\\Router->runRoute()
#34 /home/agstudiodiital/public_html/magia/vendor/laravel/framework/src/Illuminate/Routing/Router.php(737): Illuminate\\Routing\\Router->dispatchToRoute()
#35 /home/agstudiodiital/public_html/magia/vendor/laravel/framework/src/Illuminate/Foundation/Http/Kernel.php(200): Illuminate\\Routing\\Router->dispatch()
#36 /home/agstudiodiital/public_html/magia/vendor/laravel/framework/src/Illuminate/Pipeline/Pipeline.php(144): Illuminate\\Foundation\\Http\\Kernel->Illuminate\\Foundation\\Http\\{closure}()
#37 /home/agstudiodiital/public_html/magia/vendor/laravel/framework/src/Illuminate/Foundation/Http/Middleware/TransformsRequest.php(21): Illuminate\\Pipeline\\Pipeline->Illuminate\\Pipeline\\{closure}()
#38 /home/agstudiodiital/public_html/magia/vendor/laravel/framework/src/Illuminate/Foundation/Http/Middleware/ConvertEmptyStringsToNull.php(31): Illuminate\\Foundation\\Http\\Middleware\\TransformsRequest->handle()
#39 /home/agstudiodiital/public_html/magia/vendor/laravel/framework/src/Illuminate/Pipeline/Pipeline.php(183): Illuminate\\Foundation\\Http\\Middleware\\ConvertEmptyStringsToNull->handle()
#40 /home/agstudiodiital/public_html/magia/vendor/laravel/framework/src/Illuminate/Foundation/Http/Middleware/TransformsRequest.php(21): Illuminate\\Pipeline\\Pipeline->Illuminate\\Pipeline\\{closure}()
#41 /home/agstudiodiital/public_html/magia/vendor/laravel/framework/src/Illuminate/Foundation/Http/Middleware/TrimStrings.php(40): Illuminate\\Foundation\\Http\\Middleware\\TransformsRequest->handle()
#42 /home/agstudiodiital/public_html/magia/vendor/laravel/framework/src/Illuminate/Pipeline/Pipeline.php(183): Illuminate\\Foundation\\Http\\Middleware\\TrimStrings->handle()
#43 /home/agstudiodiital/public_html/magia/vendor/laravel/framework/src/Illuminate/Foundation/Http/Middleware/ValidatePostSize.php(27): Illuminate\\Pipeline\\Pipeline->Illuminate\\Pipeline\\{closure}()
#44 /home/agstudiodiital/public_html/magia/vendor/laravel/framework/src/Illuminate/Pipeline/Pipeline.php(183): Illuminate\\Foundation\\Http\\Middleware\\ValidatePostSize->handle()
#45 /home/agstudiodiital/public_html/magia/vendor/laravel/framework/src/Illuminate/Foundation/Http/Middleware/PreventRequestsDuringMaintenance.php(99): Illuminate\\Pipeline\\Pipeline->Illuminate\\Pipeline\\{closure}()
#46 /home/agstudiodiital/public_html/magia/vendor/laravel/framework/src/Illuminate/Pipeline/Pipeline.php(183): Illuminate\\Foundation\\Http\\Middleware\\PreventRequestsDuringMaintenance->handle()
#47 /home/agstudiodiital/public_html/magia/vendor/laravel/framework/src/Illuminate/Http/Middleware/HandleCors.php(49): Illuminate\\Pipeline\\Pipeline->Illuminate\\Pipeline\\{closure}()
#48 /home/agstudiodiital/public_html/magia/vendor/laravel/framework/src/Illuminate/Pipeline/Pipeline.php(183): Illuminate\\Http\\Middleware\\HandleCors->handle()
#49 /home/agstudiodiital/public_html/magia/vendor/laravel/framework/src/Illuminate/Http/Middleware/TrustProxies.php(39): Illuminate\\Pipeline\\Pipeline->Illuminate\\Pipeline\\{closure}()
#50 /home/agstudiodiital/public_html/magia/vendor/laravel/framework/src/Illuminate/Pipeline/Pipeline.php(183): Illuminate\\Http\\Middleware\\TrustProxies->handle()
#51 /home/agstudiodiital/public_html/magia/vendor/laravel/framework/src/Illuminate/Pipeline/Pipeline.php(119): Illuminate\\Pipeline\\Pipeline->Illuminate\\Pipeline\\{closure}()
#52 /home/agstudiodiital/public_html/magia/vendor/laravel/framework/src/Illuminate/Foundation/Http/Kernel.php(175): Illuminate\\Pipeline\\Pipeline->then()
#53 /home/agstudiodiital/public_html/magia/vendor/laravel/framework/src/Illuminate/Foundation/Http/Kernel.php(144): Illuminate\\Foundation\\Http\\Kernel->sendRequestThroughRouter()
#54 /home/agstudiodiital/public_html/magia/public/index.php(52): Illuminate\\Foundation\\Http\\Kernel->handle()
#55 {main}

[previous exception] [object] (ErrorException(code: 0): Undefined variable $totaleClienti at /home/agstudiodiital/public_html/magia/storage/framework/views/a75176e0b179937379418d239b49e383.php:14)
[stacktrace]
#0 /home/agstudiodiital/public_html/magia/vendor/laravel/framework/src/Illuminate/Foundation/Bootstrap/HandleExceptions.php(255): Illuminate\\Foundation\\Bootstrap\\HandleExceptions->handleError()
#1 /home/agstudiodiital/public_html/magia/storage/framework/views/a75176e0b179937379418d239b49e383.php(14): Illuminate\\Foundation\\Bootstrap\\HandleExceptions->Illuminate\\Foundation\\Bootstrap\\{closure}()
#2 /home/agstudiodiital/public_html/magia/vendor/laravel/framework/src/Illuminate/Filesystem/Filesystem.php(123): require('/home/agstudiod...')
#3 /home/agstudiodiital/public_html/magia/vendor/laravel/framework/src/Illuminate/Filesystem/Filesystem.php(124): Illuminate\\Filesystem\\Filesystem::Illuminate\\Filesystem\\{closure}()
#4 /home/agstudiodiital/public_html/magia/vendor/laravel/framework/src/Illuminate/View/Engines/PhpEngine.php(58): Illuminate\\Filesystem\\Filesystem->getRequire()
#5 /home/agstudiodiital/public_html/magia/vendor/laravel/framework/src/Illuminate/View/Engines/CompilerEngine.php(72): Illuminate\\View\\Engines\\PhpEngine->evaluatePath()
#6 /home/agstudiodiital/public_html/magia/vendor/laravel/framework/src/Illuminate/View/View.php(207): Illuminate\\View\\Engines\\CompilerEngine->get()
#7 /home/agstudiodiital/public_html/magia/vendor/laravel/framework/src/Illuminate/View/View.php(190): Illuminate\\View\\View->getContents()
#8 /home/agstudiodiital/public_html/magia/vendor/laravel/framework/src/Illuminate/View/View.php(159): Illuminate\\View\\View->renderContents()
#9 /home/agstudiodiital/public_html/magia/vendor/laravel/framework/src/Illuminate/Http/Response.php(69): Illuminate\\View\\View->render()
#10 /home/agstudiodiital/public_html/magia/vendor/laravel/framework/src/Illuminate/Http/Response.php(35): Illuminate\\Http\\Response->setContent()
#11 /home/agstudiodiital/public_html/magia/vendor/laravel/framework/src/Illuminate/Routing/Router.php(918): Illuminate\\Http\\Response->__construct()
#12 /home/agstudiodiital/public_html/magia/vendor/laravel/framework/src/Illuminate/Routing/Router.php(885): Illuminate\\Routing\\Router::toResponse()
#13 /home/agstudiodiital/public_html/magia/vendor/laravel/framework/src/Illuminate/Routing/Router.php(806): Illuminate\\Routing\\Router->prepareResponse()
#14 /home/agstudiodiital/public_html/magia/vendor/laravel/framework/src/Illuminate/Pipeline/Pipeline.php(144): Illuminate\\Routing\\Router->Illuminate\\Routing\\{closure}()
#15 /home/agstudiodiital/public_html/magia/app/Http/Middleware/VerificaTipoUtente.php(53): Illuminate\\Pipeline\\Pipeline->Illuminate\\Pipeline\\{closure}()
#16 /home/agstudiodiital/public_html/magia/vendor/laravel/framework/src/Illuminate/Pipeline/Pipeline.php(183): App\\Http\\Middleware\\VerificaTipoUtente->handle()
#17 /home/agstudiodiital/public_html/magia/vendor/laravel/framework/src/Illuminate/Routing/Middleware/SubstituteBindings.php(50): Illuminate\\Pipeline\\Pipeline->Illuminate\\Pipeline\\{closure}()
#18 /home/agstudiodiital/public_html/magia/vendor/laravel/framework/src/Illuminate/Pipeline/Pipeline.php(183): Illuminate\\Routing\\Middleware\\SubstituteBindings->handle()
#19 /home/agstudiodiital/public_html/magia/vendor/laravel/framework/src/Illuminate/Auth/Middleware/Authenticate.php(57): Illuminate\\Pipeline\\Pipeline->Illuminate\\Pipeline\\{closure}()
#20 /home/agstudiodiital/public_html/magia/vendor/laravel/framework/src/Illuminate/Pipeline/Pipeline.php(183): Illuminate\\Auth\\Middleware\\Authenticate->handle()
#21 /home/agstudiodiital/public_html/magia/vendor/laravel/framework/src/Illuminate/Foundation/Http/Middleware/VerifyCsrfToken.php(78): Illuminate\\Pipeline\\Pipeline->Illuminate\\Pipeline\\{closure}()
#22 /home/agstudiodiital/public_html/magia/vendor/laravel/framework/src/Illuminate/Pipeline/Pipeline.php(183): Illuminate\\Foundation\\Http\\Middleware\\VerifyCsrfToken->handle()
#23 /home/agstudiodiital/public_html/magia/vendor/laravel/framework/src/Illuminate/View/Middleware/ShareErrorsFromSession.php(49): Illuminate\\Pipeline\\Pipeline->Illuminate\\Pipeline\\{closure}()
#24 /home/agstudiodiital/public_html/magia/vendor/laravel/framework/src/Illuminate/Pipeline/Pipeline.php(183): Illuminate\\View\\Middleware\\ShareErrorsFromSession->handle()
#25 /home/agstudiodiital/public_html/magia/vendor/laravel/framework/src/Illuminate/Session/Middleware/StartSession.php(121): Illuminate\\Pipeline\\Pipeline->Illuminate\\Pipeline\\{closure}()
#26 /home/agstudiodiital/public_html/magia/vendor/laravel/framework/src/Illuminate/Session/Middleware/StartSession.php(64): Illuminate\\Session\\Middleware\\StartSession->handleStatefulRequest()
#27 /home/agstudiodiital/public_html/magia/vendor/laravel/framework/src/Illuminate/Pipeline/Pipeline.php(183): Illuminate\\Session\\Middleware\\StartSession->handle()
#28 /home/agstudiodiital/public_html/magia/vendor/laravel/framework/src/Illuminate/Cookie/Middleware/AddQueuedCookiesToResponse.php(37): Illuminate\\Pipeline\\Pipeline->Illuminate\\Pipeline\\{closure}()
#29 /home/agstudiodiital/public_html/magia/vendor/laravel/framework/src/Illuminate/Pipeline/Pipeline.php(183): Illuminate\\Cookie\\Middleware\\AddQueuedCookiesToResponse->handle()
#30 /home/agstudiodiital/public_html/magia/vendor/laravel/framework/src/Illuminate/Cookie/Middleware/EncryptCookies.php(67): Illuminate\\Pipeline\\Pipeline->Illuminate\\Pipeline\\{closure}()
#31 /home/agstudiodiital/public_html/magia/vendor/laravel/framework/src/Illuminate/Pipeline/Pipeline.php(183): Illuminate\\Cookie\\Middleware\\EncryptCookies->handle()
#32 /home/agstudiodiital/public_html/magia/vendor/laravel/framework/src/Illuminate/Pipeline/Pipeline.php(119): Illuminate\\Pipeline\\Pipeline->Illuminate\\Pipeline\\{closure}()
#33 /home/agstudiodiital/public_html/magia/vendor/laravel/framework/src/Illuminate/Routing/Router.php(807): Illuminate\\Pipeline\\Pipeline->then()
#34 /home/agstudiodiital/public_html/magia/vendor/laravel/framework/src/Illuminate/Routing/Router.php(784): Illuminate\\Routing\\Router->runRouteWithinStack()
#35 /home/agstudiodiital/public_html/magia/vendor/laravel/framework/src/Illuminate/Routing/Router.php(748): Illuminate\\Routing\\Router->runRoute()
#36 /home/agstudiodiital/public_html/magia/vendor/laravel/framework/src/Illuminate/Routing/Router.php(737): Illuminate\\Routing\\Router->dispatchToRoute()
#37 /home/agstudiodiital/public_html/magia/vendor/laravel/framework/src/Illuminate/Foundation/Http/Kernel.php(200): Illuminate\\Routing\\Router->dispatch()
#38 /home/agstudiodiital/public_html/magia/vendor/laravel/framework/src/Illuminate/Pipeline/Pipeline.php(144): Illuminate\\Foundation\\Http\\Kernel->Illuminate\\Foundation\\Http\\{closure}()
#39 /home/agstudiodiital/public_html/magia/vendor/laravel/framework/src/Illuminate/Foundation/Http/Middleware/TransformsRequest.php(21): Illuminate\\Pipeline\\Pipeline->Illuminate\\Pipeline\\{closure}()
#40 /home/agstudiodiital/public_html/magia/vendor/laravel/framework/src/Illuminate/Foundation/Http/Middleware/ConvertEmptyStringsToNull.php(31): Illuminate\\Foundation\\Http\\Middleware\\TransformsRequest->handle()
#41 /home/agstudiodiital/public_html/magia/vendor/laravel/framework/src/Illuminate/Pipeline/Pipeline.php(183): Illuminate\\Foundation\\Http\\Middleware\\ConvertEmptyStringsToNull->handle()
#42 /home/agstudiodiital/public_html/magia/vendor/laravel/framework/src/Illuminate/Foundation/Http/Middleware/TransformsRequest.php(21): Illuminate\\Pipeline\\Pipeline->Illuminate\\Pipeline\\{closure}()
#43 /home/agstudiodiital/public_html/magia/vendor/laravel/framework/src/Illuminate/Foundation/Http/Middleware/TrimStrings.php(40): Illuminate\\Foundation\\Http\\Middleware\\TransformsRequest->handle()
#44 /home/agstudiodiital/public_html/magia/vendor/laravel/framework/src/Illuminate/Pipeline/Pipeline.php(183): Illuminate\\Foundation\\Http\\Middleware\\TrimStrings->handle()
#45 /home/agstudiodiital/public_html/magia/vendor/laravel/framework/src/Illuminate/Foundation/Http/Middleware/ValidatePostSize.php(27): Illuminate\\Pipeline\\Pipeline->Illuminate\\Pipeline\\{closure}()
#46 /home/agstudiodiital/public_html/magia/vendor/laravel/framework/src/Illuminate/Pipeline/Pipeline.php(183): Illuminate\\Foundation\\Http\\Middleware\\ValidatePostSize->handle()
#47 /home/agstudiodiital/public_html/magia/vendor/laravel/framework/src/Illuminate/Foundation/Http/Middleware/PreventRequestsDuringMaintenance.php(99): Illuminate\\Pipeline\\Pipeline->Illuminate\\Pipeline\\{closure}()
#48 /home/agstudiodiital/public_html/magia/vendor/laravel/framework/src/Illuminate/Pipeline/Pipeline.php(183): Illuminate\\Foundation\\Http\\Middleware\\PreventRequestsDuringMaintenance->handle()
#49 /home/agstudiodiital/public_html/magia/vendor/laravel/framework/src/Illuminate/Http/Middleware/HandleCors.php(49): Illuminate\\Pipeline\\Pipeline->Illuminate\\Pipeline\\{closure}()
#50 /home/agstudiodiital/public_html/magia/vendor/laravel/framework/src/Illuminate/Pipeline/Pipeline.php(183): Illuminate\\Http\\Middleware\\HandleCors->handle()
#51 /home/agstudiodiital/public_html/magia/vendor/laravel/framework/src/Illuminate/Http/Middleware/TrustProxies.php(39): Illuminate\\Pipeline\\Pipeline->Illuminate\\Pipeline\\{closure}()
#52 /home/agstudiodiital/public_html/magia/vendor/laravel/framework/src/Illuminate/Pipeline/Pipeline.php(183): Illuminate\\Http\\Middleware\\TrustProxies->handle()
#53 /home/agstudiodiital/public_html/magia/vendor/laravel/framework/src/Illuminate/Pipeline/Pipeline.php(119): Illuminate\\Pipeline\\Pipeline->Illuminate\\Pipeline\\{closure}()
#54 /home/agstudiodiital/public_html/magia/vendor/laravel/framework/src/Illuminate/Foundation/Http/Kernel.php(175): Illuminate\\Pipeline\\Pipeline->then()
#55 /home/agstudiodiital/public_html/magia/vendor/laravel/framework/src/Illuminate/Foundation/Http/Kernel.php(144): Illuminate\\Foundation\\Http\\Kernel->sendRequestThroughRouter()
#56 /home/agstudiodiital/public_html/magia/public/index.php(52): Illuminate\\Foundation\\Http\\Kernel->handle()
#57 {main}
"} 
[2025-11-10 09:00:38] production.ERROR: Method App\Http\Controllers\Auth\AuthController::mostraLoginCliente does not exist. {"userId":1,"exception":"[object] (BadMethodCallException(code: 0): Method App\\Http\\Controllers\\Auth\\AuthController::mostraLoginCliente does not exist. at /home/agstudiodiital/public_html/magia/vendor/laravel/framework/src/Illuminate/Routing/Controller.php:68)
[stacktrace]
#0 /home/agstudiodiital/public_html/magia/vendor/laravel/framework/src/Illuminate/Routing/Controller.php(54): Illuminate\\Routing\\Controller->__call()
#1 /home/agstudiodiital/public_html/magia/vendor/laravel/framework/src/Illuminate/Routing/ControllerDispatcher.php(43): Illuminate\\Routing\\Controller->callAction()
#2 /home/agstudiodiital/public_html/magia/vendor/laravel/framework/src/Illuminate/Routing/Route.php(260): Illuminate\\Routing\\ControllerDispatcher->dispatch()
#3 /home/agstudiodiital/public_html/magia/vendor/laravel/framework/src/Illuminate/Routing/Route.php(205): Illuminate\\Routing\\Route->runController()
#4 /home/agstudiodiital/public_html/magia/vendor/laravel/framework/src/Illuminate/Routing/Router.php(806): Illuminate\\Routing\\Route->run()
#5 /home/agstudiodiital/public_html/magia/vendor/laravel/framework/src/Illuminate/Pipeline/Pipeline.php(144): Illuminate\\Routing\\Router->Illuminate\\Routing\\{closure}()
#6 /home/agstudiodiital/public_html/magia/vendor/laravel/framework/src/Illuminate/Routing/Middleware/SubstituteBindings.php(50): Illuminate\\Pipeline\\Pipeline->Illuminate\\Pipeline\\{closure}()
#7 /home/agstudiodiital/public_html/magia/vendor/laravel/framework/src/Illuminate/Pipeline/Pipeline.php(183): Illuminate\\Routing\\Middleware\\SubstituteBindings->handle()
#8 /home/agstudiodiital/public_html/magia/vendor/laravel/framework/src/Illuminate/Foundation/Http/Middleware/VerifyCsrfToken.php(78): Illuminate\\Pipeline\\Pipeline->Illuminate\\Pipeline\\{closure}()
#9 /home/agstudiodiital/public_html/magia/vendor/laravel/framework/src/Illuminate/Pipeline/Pipeline.php(183): Illuminate\\Foundation\\Http\\Middleware\\VerifyCsrfToken->handle()
#10 /home/agstudiodiital/public_html/magia/vendor/laravel/framework/src/Illuminate/View/Middleware/ShareErrorsFromSession.php(49): Illuminate\\Pipeline\\Pipeline->Illuminate\\Pipeline\\{closure}()
#11 /home/agstudiodiital/public_html/magia/vendor/laravel/framework/src/Illuminate/Pipeline/Pipeline.php(183): Illuminate\\View\\Middleware\\ShareErrorsFromSession->handle()
#12 /home/agstudiodiital/public_html/magia/vendor/laravel/framework/src/Illuminate/Session/Middleware/StartSession.php(121): Illuminate\\Pipeline\\Pipeline->Illuminate\\Pipeline\\{closure}()
#13 /home/agstudiodiital/public_html/magia/vendor/laravel/framework/src/Illuminate/Session/Middleware/StartSession.php(64): Illuminate\\Session\\Middleware\\StartSession->handleStatefulRequest()
#14 /home/agstudiodiital/public_html/magia/vendor/laravel/framework/src/Illuminate/Pipeline/Pipeline.php(183): Illuminate\\Session\\Middleware\\StartSession->handle()
#15 /home/agstudiodiital/public_html/magia/vendor/laravel/framework/src/Illuminate/Cookie/Middleware/AddQueuedCookiesToResponse.php(37): Illuminate\\Pipeline\\Pipeline->Illuminate\\Pipeline\\{closure}()
#16 /home/agstudiodiital/public_html/magia/vendor/laravel/framework/src/Illuminate/Pipeline/Pipeline.php(183): Illuminate\\Cookie\\Middleware\\AddQueuedCookiesToResponse->handle()
#17 /home/agstudiodiital/public_html/magia/vendor/laravel/framework/src/Illuminate/Cookie/Middleware/EncryptCookies.php(67): Illuminate\\Pipeline\\Pipeline->Illuminate\\Pipeline\\{closure}()
#18 /home/agstudiodiital/public_html/magia/vendor/laravel/framework/src/Illuminate/Pipeline/Pipeline.php(183): Illuminate\\Cookie\\Middleware\\EncryptCookies->handle()
#19 /home/agstudiodiital/public_html/magia/vendor/laravel/framework/src/Illuminate/Pipeline/Pipeline.php(119): Illuminate\\Pipeline\\Pipeline->Illuminate\\Pipeline\\{closure}()
#20 /home/agstudiodiital/public_html/magia/vendor/laravel/framework/src/Illuminate/Routing/Router.php(807): Illuminate\\Pipeline\\Pipeline->then()
#21 /home/agstudiodiital/public_html/magia/vendor/laravel/framework/src/Illuminate/Routing/Router.php(784): Illuminate\\Routing\\Router->runRouteWithinStack()
#22 /home/agstudiodiital/public_html/magia/vendor/laravel/framework/src/Illuminate/Routing/Router.php(748): Illuminate\\Routing\\Router->runRoute()
#23 /home/agstudiodiital/public_html/magia/vendor/laravel/framework/src/Illuminate/Routing/Router.php(737): Illuminate\\Routing\\Router->dispatchToRoute()
#24 /home/agstudiodiital/public_html/magia/vendor/laravel/framework/src/Illuminate/Foundation/Http/Kernel.php(200): Illuminate\\Routing\\Router->dispatch()
#25 /home/agstudiodiital/public_html/magia/vendor/laravel/framework/src/Illuminate/Pipeline/Pipeline.php(144): Illuminate\\Foundation\\Http\\Kernel->Illuminate\\Foundation\\Http\\{closure}()
#26 /home/agstudiodiital/public_html/magia/vendor/laravel/framework/src/Illuminate/Foundation/Http/Middleware/TransformsRequest.php(21): Illuminate\\Pipeline\\Pipeline->Illuminate\\Pipeline\\{closure}()
#27 /home/agstudiodiital/public_html/magia/vendor/laravel/framework/src/Illuminate/Foundation/Http/Middleware/ConvertEmptyStringsToNull.php(31): Illuminate\\Foundation\\Http\\Middleware\\TransformsRequest->handle()
#28 /home/agstudiodiital/public_html/magia/vendor/laravel/framework/src/Illuminate/Pipeline/Pipeline.php(183): Illuminate\\Foundation\\Http\\Middleware\\ConvertEmptyStringsToNull->handle()
#29 /home/agstudiodiital/public_html/magia/vendor/laravel/framework/src/Illuminate/Foundation/Http/Middleware/TransformsRequest.php(21): Illuminate\\Pipeline\\Pipeline->Illuminate\\Pipeline\\{closure}()
#30 /home/agstudiodiital/public_html/magia/vendor/laravel/framework/src/Illuminate/Foundation/Http/Middleware/TrimStrings.php(40): Illuminate\\Foundation\\Http\\Middleware\\TransformsRequest->handle()
#31 /home/agstudiodiital/public_html/magia/vendor/laravel/framework/src/Illuminate/Pipeline/Pipeline.php(183): Illuminate\\Foundation\\Http\\Middleware\\TrimStrings->handle()
#32 /home/agstudiodiital/public_html/magia/vendor/laravel/framework/src/Illuminate/Foundation/Http/Middleware/ValidatePostSize.php(27): Illuminate\\Pipeline\\Pipeline->Illuminate\\Pipeline\\{closure}()
#33 /home/agstudiodiital/public_html/magia/vendor/laravel/framework/src/Illuminate/Pipeline/Pipeline.php(183): Illuminate\\Foundation\\Http\\Middleware\\ValidatePostSize->handle()
#34 /home/agstudiodiital/public_html/magia/vendor/laravel/framework/src/Illuminate/Foundation/Http/Middleware/PreventRequestsDuringMaintenance.php(99): Illuminate\\Pipeline\\Pipeline->Illuminate\\Pipeline\\{closure}()
#35 /home/agstudiodiital/public_html/magia/vendor/laravel/framework/src/Illuminate/Pipeline/Pipeline.php(183): Illuminate\\Foundation\\Http\\Middleware\\PreventRequestsDuringMaintenance->handle()
#36 /home/agstudiodiital/public_html/magia/vendor/laravel/framework/src/Illuminate/Http/Middleware/HandleCors.php(49): Illuminate\\Pipeline\\Pipeline->Illuminate\\Pipeline\\{closure}()
#37 /home/agstudiodiital/public_html/magia/vendor/laravel/framework/src/Illuminate/Pipeline/Pipeline.php(183): Illuminate\\Http\\Middleware\\HandleCors->handle()
#38 /home/agstudiodiital/public_html/magia/vendor/laravel/framework/src/Illuminate/Http/Middleware/TrustProxies.php(39): Illuminate\\Pipeline\\Pipeline->Illuminate\\Pipeline\\{closure}()
#39 /home/agstudiodiital/public_html/magia/vendor/laravel/framework/src/Illuminate/Pipeline/Pipeline.php(183): Illuminate\\Http\\Middleware\\TrustProxies->handle()
#40 /home/agstudiodiital/public_html/magia/vendor/laravel/framework/src/Illuminate/Pipeline/Pipeline.php(119): Illuminate\\Pipeline\\Pipeline->Illuminate\\Pipeline\\{closure}()
#41 /home/agstudiodiital/public_html/magia/vendor/laravel/framework/src/Illuminate/Foundation/Http/Kernel.php(175): Illuminate\\Pipeline\\Pipeline->then()
#42 /home/agstudiodiital/public_html/magia/vendor/laravel/framework/src/Illuminate/Foundation/Http/Kernel.php(144): Illuminate\\Foundation\\Http\\Kernel->sendRequestThroughRouter()
#43 /home/agstudiodiital/public_html/magia/public/index.php(52): Illuminate\\Foundation\\Http\\Kernel->handle()
#44 {main}
"} 
[2025-11-10 09:00:41] production.ERROR: Undefined variable $totaleClienti {"view":{"view":"/home/agstudiodiital/public_html/magia/resources/views/admin/dashboard.blade.php","data":[]},"userId":1,"exception":"[object] (Spatie\\LaravelIgnition\\Exceptions\\ViewException(code: 0): Undefined variable $totaleClienti at /home/agstudiodiital/public_html/magia/resources/views/admin/dashboard.blade.php:16)
[stacktrace]
#0 /home/agstudiodiital/public_html/magia/vendor/laravel/framework/src/Illuminate/Filesystem/Filesystem.php(123): require('/home/agstudiod...')
#1 /home/agstudiodiital/public_html/magia/vendor/laravel/framework/src/Illuminate/Filesystem/Filesystem.php(124): Illuminate\\Filesystem\\Filesystem::Illuminate\\Filesystem\\{closure}()
#2 /home/agstudiodiital/public_html/magia/vendor/laravel/framework/src/Illuminate/View/Engines/PhpEngine.php(58): Illuminate\\Filesystem\\Filesystem->getRequire()
#3 /home/agstudiodiital/public_html/magia/vendor/laravel/framework/src/Illuminate/View/Engines/CompilerEngine.php(72): Illuminate\\View\\Engines\\PhpEngine->evaluatePath()
#4 /home/agstudiodiital/public_html/magia/vendor/laravel/framework/src/Illuminate/View/View.php(207): Illuminate\\View\\Engines\\CompilerEngine->get()
#5 /home/agstudiodiital/public_html/magia/vendor/laravel/framework/src/Illuminate/View/View.php(190): Illuminate\\View\\View->getContents()
#6 /home/agstudiodiital/public_html/magia/vendor/laravel/framework/src/Illuminate/View/View.php(159): Illuminate\\View\\View->renderContents()
#7 /home/agstudiodiital/public_html/magia/vendor/laravel/framework/src/Illuminate/Http/Response.php(69): Illuminate\\View\\View->render()
#8 /home/agstudiodiital/public_html/magia/vendor/laravel/framework/src/Illuminate/Http/Response.php(35): Illuminate\\Http\\Response->setContent()
#9 /home/agstudiodiital/public_html/magia/vendor/laravel/framework/src/Illuminate/Routing/Router.php(918): Illuminate\\Http\\Response->__construct()
#10 /home/agstudiodiital/public_html/magia/vendor/laravel/framework/src/Illuminate/Routing/Router.php(885): Illuminate\\Routing\\Router::toResponse()
#11 /home/agstudiodiital/public_html/magia/vendor/laravel/framework/src/Illuminate/Routing/Router.php(806): Illuminate\\Routing\\Router->prepareResponse()
#12 /home/agstudiodiital/public_html/magia/vendor/laravel/framework/src/Illuminate/Pipeline/Pipeline.php(144): Illuminate\\Routing\\Router->Illuminate\\Routing\\{closure}()
#13 /home/agstudiodiital/public_html/magia/app/Http/Middleware/VerificaTipoUtente.php(53): Illuminate\\Pipeline\\Pipeline->Illuminate\\Pipeline\\{closure}()
#14 /home/agstudiodiital/public_html/magia/vendor/laravel/framework/src/Illuminate/Pipeline/Pipeline.php(183): App\\Http\\Middleware\\VerificaTipoUtente->handle()
#15 /home/agstudiodiital/public_html/magia/vendor/laravel/framework/src/Illuminate/Routing/Middleware/SubstituteBindings.php(50): Illuminate\\Pipeline\\Pipeline->Illuminate\\Pipeline\\{closure}()
#16 /home/agstudiodiital/public_html/magia/vendor/laravel/framework/src/Illuminate/Pipeline/Pipeline.php(183): Illuminate\\Routing\\Middleware\\SubstituteBindings->handle()
#17 /home/agstudiodiital/public_html/magia/vendor/laravel/framework/src/Illuminate/Auth/Middleware/Authenticate.php(57): Illuminate\\Pipeline\\Pipeline->Illuminate\\Pipeline\\{closure}()
#18 /home/agstudiodiital/public_html/magia/vendor/laravel/framework/src/Illuminate/Pipeline/Pipeline.php(183): Illuminate\\Auth\\Middleware\\Authenticate->handle()
#19 /home/agstudiodiital/public_html/magia/vendor/laravel/framework/src/Illuminate/Foundation/Http/Middleware/VerifyCsrfToken.php(78): Illuminate\\Pipeline\\Pipeline->Illuminate\\Pipeline\\{closure}()
#20 /home/agstudiodiital/public_html/magia/vendor/laravel/framework/src/Illuminate/Pipeline/Pipeline.php(183): Illuminate\\Foundation\\Http\\Middleware\\VerifyCsrfToken->handle()
#21 /home/agstudiodiital/public_html/magia/vendor/laravel/framework/src/Illuminate/View/Middleware/ShareErrorsFromSession.php(49): Illuminate\\Pipeline\\Pipeline->Illuminate\\Pipeline\\{closure}()
#22 /home/agstudiodiital/public_html/magia/vendor/laravel/framework/src/Illuminate/Pipeline/Pipeline.php(183): Illuminate\\View\\Middleware\\ShareErrorsFromSession->handle()
#23 /home/agstudiodiital/public_html/magia/vendor/laravel/framework/src/Illuminate/Session/Middleware/StartSession.php(121): Illuminate\\Pipeline\\Pipeline->Illuminate\\Pipeline\\{closure}()
#24 /home/agstudiodiital/public_html/magia/vendor/laravel/framework/src/Illuminate/Session/Middleware/StartSession.php(64): Illuminate\\Session\\Middleware\\StartSession->handleStatefulRequest()
#25 /home/agstudiodiital/public_html/magia/vendor/laravel/framework/src/Illuminate/Pipeline/Pipeline.php(183): Illuminate\\Session\\Middleware\\StartSession->handle()
#26 /home/agstudiodiital/public_html/magia/vendor/laravel/framework/src/Illuminate/Cookie/Middleware/AddQueuedCookiesToResponse.php(37): Illuminate\\Pipeline\\Pipeline->Illuminate\\Pipeline\\{closure}()
#27 /home/agstudiodiital/public_html/magia/vendor/laravel/framework/src/Illuminate/Pipeline/Pipeline.php(183): Illuminate\\Cookie\\Middleware\\AddQueuedCookiesToResponse->handle()
#28 /home/agstudiodiital/public_html/magia/vendor/laravel/framework/src/Illuminate/Cookie/Middleware/EncryptCookies.php(67): Illuminate\\Pipeline\\Pipeline->Illuminate\\Pipeline\\{closure}()
#29 /home/agstudiodiital/public_html/magia/vendor/laravel/framework/src/Illuminate/Pipeline/Pipeline.php(183): Illuminate\\Cookie\\Middleware\\EncryptCookies->handle()
#30 /home/agstudiodiital/public_html/magia/vendor/laravel/framework/src/Illuminate/Pipeline/Pipeline.php(119): Illuminate\\Pipeline\\Pipeline->Illuminate\\Pipeline\\{closure}()
#31 /home/agstudiodiital/public_html/magia/vendor/laravel/framework/src/Illuminate/Routing/Router.php(807): Illuminate\\Pipeline\\Pipeline->then()
#32 /home/agstudiodiital/public_html/magia/vendor/laravel/framework/src/Illuminate/Routing/Router.php(784): Illuminate\\Routing\\Router->runRouteWithinStack()
#33 /home/agstudiodiital/public_html/magia/vendor/laravel/framework/src/Illuminate/Routing/Router.php(748): Illuminate\\Routing\\Router->runRoute()
#34 /home/agstudiodiital/public_html/magia/vendor/laravel/framework/src/Illuminate/Routing/Router.php(737): Illuminate\\Routing\\Router->dispatchToRoute()
#35 /home/agstudiodiital/public_html/magia/vendor/laravel/framework/src/Illuminate/Foundation/Http/Kernel.php(200): Illuminate\\Routing\\Router->dispatch()
#36 /home/agstudiodiital/public_html/magia/vendor/laravel/framework/src/Illuminate/Pipeline/Pipeline.php(144): Illuminate\\Foundation\\Http\\Kernel->Illuminate\\Foundation\\Http\\{closure}()
#37 /home/agstudiodiital/public_html/magia/vendor/laravel/framework/src/Illuminate/Foundation/Http/Middleware/TransformsRequest.php(21): Illuminate\\Pipeline\\Pipeline->Illuminate\\Pipeline\\{closure}()
#38 /home/agstudiodiital/public_html/magia/vendor/laravel/framework/src/Illuminate/Foundation/Http/Middleware/ConvertEmptyStringsToNull.php(31): Illuminate\\Foundation\\Http\\Middleware\\TransformsRequest->handle()
#39 /home/agstudiodiital/public_html/magia/vendor/laravel/framework/src/Illuminate/Pipeline/Pipeline.php(183): Illuminate\\Foundation\\Http\\Middleware\\ConvertEmptyStringsToNull->handle()
#40 /home/agstudiodiital/public_html/magia/vendor/laravel/framework/src/Illuminate/Foundation/Http/Middleware/TransformsRequest.php(21): Illuminate\\Pipeline\\Pipeline->Illuminate\\Pipeline\\{closure}()
#41 /home/agstudiodiital/public_html/magia/vendor/laravel/framework/src/Illuminate/Foundation/Http/Middleware/TrimStrings.php(40): Illuminate\\Foundation\\Http\\Middleware\\TransformsRequest->handle()
#42 /home/agstudiodiital/public_html/magia/vendor/laravel/framework/src/Illuminate/Pipeline/Pipeline.php(183): Illuminate\\Foundation\\Http\\Middleware\\TrimStrings->handle()
#43 /home/agstudiodiital/public_html/magia/vendor/laravel/framework/src/Illuminate/Foundation/Http/Middleware/ValidatePostSize.php(27): Illuminate\\Pipeline\\Pipeline->Illuminate\\Pipeline\\{closure}()
#44 /home/agstudiodiital/public_html/magia/vendor/laravel/framework/src/Illuminate/Pipeline/Pipeline.php(183): Illuminate\\Foundation\\Http\\Middleware\\ValidatePostSize->handle()
#45 /home/agstudiodiital/public_html/magia/vendor/laravel/framework/src/Illuminate/Foundation/Http/Middleware/PreventRequestsDuringMaintenance.php(99): Illuminate\\Pipeline\\Pipeline->Illuminate\\Pipeline\\{closure}()
#46 /home/agstudiodiital/public_html/magia/vendor/laravel/framework/src/Illuminate/Pipeline/Pipeline.php(183): Illuminate\\Foundation\\Http\\Middleware\\PreventRequestsDuringMaintenance->handle()
#47 /home/agstudiodiital/public_html/magia/vendor/laravel/framework/src/Illuminate/Http/Middleware/HandleCors.php(49): Illuminate\\Pipeline\\Pipeline->Illuminate\\Pipeline\\{closure}()
#48 /home/agstudiodiital/public_html/magia/vendor/laravel/framework/src/Illuminate/Pipeline/Pipeline.php(183): Illuminate\\Http\\Middleware\\HandleCors->handle()
#49 /home/agstudiodiital/public_html/magia/vendor/laravel/framework/src/Illuminate/Http/Middleware/TrustProxies.php(39): Illuminate\\Pipeline\\Pipeline->Illuminate\\Pipeline\\{closure}()
#50 /home/agstudiodiital/public_html/magia/vendor/laravel/framework/src/Illuminate/Pipeline/Pipeline.php(183): Illuminate\\Http\\Middleware\\TrustProxies->handle()
#51 /home/agstudiodiital/public_html/magia/vendor/laravel/framework/src/Illuminate/Pipeline/Pipeline.php(119): Illuminate\\Pipeline\\Pipeline->Illuminate\\Pipeline\\{closure}()
#52 /home/agstudiodiital/public_html/magia/vendor/laravel/framework/src/Illuminate/Foundation/Http/Kernel.php(175): Illuminate\\Pipeline\\Pipeline->then()
#53 /home/agstudiodiital/public_html/magia/vendor/laravel/framework/src/Illuminate/Foundation/Http/Kernel.php(144): Illuminate\\Foundation\\Http\\Kernel->sendRequestThroughRouter()
#54 /home/agstudiodiital/public_html/magia/public/index.php(52): Illuminate\\Foundation\\Http\\Kernel->handle()
#55 {main}

[previous exception] [object] (ErrorException(code: 0): Undefined variable $totaleClienti at /home/agstudiodiital/public_html/magia/storage/framework/views/a75176e0b179937379418d239b49e383.php:14)
[stacktrace]
#0 /home/agstudiodiital/public_html/magia/vendor/laravel/framework/src/Illuminate/Foundation/Bootstrap/HandleExceptions.php(255): Illuminate\\Foundation\\Bootstrap\\HandleExceptions->handleError()
#1 /home/agstudiodiital/public_html/magia/storage/framework/views/a75176e0b179937379418d239b49e383.php(14): Illuminate\\Foundation\\Bootstrap\\HandleExceptions->Illuminate\\Foundation\\Bootstrap\\{closure}()
#2 /home/agstudiodiital/public_html/magia/vendor/laravel/framework/src/Illuminate/Filesystem/Filesystem.php(123): require('/home/agstudiod...')
#3 /home/agstudiodiital/public_html/magia/vendor/laravel/framework/src/Illuminate/Filesystem/Filesystem.php(124): Illuminate\\Filesystem\\Filesystem::Illuminate\\Filesystem\\{closure}()
#4 /home/agstudiodiital/public_html/magia/vendor/laravel/framework/src/Illuminate/View/Engines/PhpEngine.php(58): Illuminate\\Filesystem\\Filesystem->getRequire()
#5 /home/agstudiodiital/public_html/magia/vendor/laravel/framework/src/Illuminate/View/Engines/CompilerEngine.php(72): Illuminate\\View\\Engines\\PhpEngine->evaluatePath()
#6 /home/agstudiodiital/public_html/magia/vendor/laravel/framework/src/Illuminate/View/View.php(207): Illuminate\\View\\Engines\\CompilerEngine->get()
#7 /home/agstudiodiital/public_html/magia/vendor/laravel/framework/src/Illuminate/View/View.php(190): Illuminate\\View\\View->getContents()
#8 /home/agstudiodiital/public_html/magia/vendor/laravel/framework/src/Illuminate/View/View.php(159): Illuminate\\View\\View->renderContents()
#9 /home/agstudiodiital/public_html/magia/vendor/laravel/framework/src/Illuminate/Http/Response.php(69): Illuminate\\View\\View->render()
#10 /home/agstudiodiital/public_html/magia/vendor/laravel/framework/src/Illuminate/Http/Response.php(35): Illuminate\\Http\\Response->setContent()
#11 /home/agstudiodiital/public_html/magia/vendor/laravel/framework/src/Illuminate/Routing/Router.php(918): Illuminate\\Http\\Response->__construct()
#12 /home/agstudiodiital/public_html/magia/vendor/laravel/framework/src/Illuminate/Routing/Router.php(885): Illuminate\\Routing\\Router::toResponse()
#13 /home/agstudiodiital/public_html/magia/vendor/laravel/framework/src/Illuminate/Routing/Router.php(806): Illuminate\\Routing\\Router->prepareResponse()
#14 /home/agstudiodiital/public_html/magia/vendor/laravel/framework/src/Illuminate/Pipeline/Pipeline.php(144): Illuminate\\Routing\\Router->Illuminate\\Routing\\{closure}()
#15 /home/agstudiodiital/public_html/magia/app/Http/Middleware/VerificaTipoUtente.php(53): Illuminate\\Pipeline\\Pipeline->Illuminate\\Pipeline\\{closure}()
#16 /home/agstudiodiital/public_html/magia/vendor/laravel/framework/src/Illuminate/Pipeline/Pipeline.php(183): App\\Http\\Middleware\\VerificaTipoUtente->handle()
#17 /home/agstudiodiital/public_html/magia/vendor/laravel/framework/src/Illuminate/Routing/Middleware/SubstituteBindings.php(50): Illuminate\\Pipeline\\Pipeline->Illuminate\\Pipeline\\{closure}()
#18 /home/agstudiodiital/public_html/magia/vendor/laravel/framework/src/Illuminate/Pipeline/Pipeline.php(183): Illuminate\\Routing\\Middleware\\SubstituteBindings->handle()
#19 /home/agstudiodiital/public_html/magia/vendor/laravel/framework/src/Illuminate/Auth/Middleware/Authenticate.php(57): Illuminate\\Pipeline\\Pipeline->Illuminate\\Pipeline\\{closure}()
#20 /home/agstudiodiital/public_html/magia/vendor/laravel/framework/src/Illuminate/Pipeline/Pipeline.php(183): Illuminate\\Auth\\Middleware\\Authenticate->handle()
#21 /home/agstudiodiital/public_html/magia/vendor/laravel/framework/src/Illuminate/Foundation/Http/Middleware/VerifyCsrfToken.php(78): Illuminate\\Pipeline\\Pipeline->Illuminate\\Pipeline\\{closure}()
#22 /home/agstudiodiital/public_html/magia/vendor/laravel/framework/src/Illuminate/Pipeline/Pipeline.php(183): Illuminate\\Foundation\\Http\\Middleware\\VerifyCsrfToken->handle()
#23 /home/agstudiodiital/public_html/magia/vendor/laravel/framework/src/Illuminate/View/Middleware/ShareErrorsFromSession.php(49): Illuminate\\Pipeline\\Pipeline->Illuminate\\Pipeline\\{closure}()
#24 /home/agstudiodiital/public_html/magia/vendor/laravel/framework/src/Illuminate/Pipeline/Pipeline.php(183): Illuminate\\View\\Middleware\\ShareErrorsFromSession->handle()
#25 /home/agstudiodiital/public_html/magia/vendor/laravel/framework/src/Illuminate/Session/Middleware/StartSession.php(121): Illuminate\\Pipeline\\Pipeline->Illuminate\\Pipeline\\{closure}()
#26 /home/agstudiodiital/public_html/magia/vendor/laravel/framework/src/Illuminate/Session/Middleware/StartSession.php(64): Illuminate\\Session\\Middleware\\StartSession->handleStatefulRequest()
#27 /home/agstudiodiital/public_html/magia/vendor/laravel/framework/src/Illuminate/Pipeline/Pipeline.php(183): Illuminate\\Session\\Middleware\\StartSession->handle()
#28 /home/agstudiodiital/public_html/magia/vendor/laravel/framework/src/Illuminate/Cookie/Middleware/AddQueuedCookiesToResponse.php(37): Illuminate\\Pipeline\\Pipeline->Illuminate\\Pipeline\\{closure}()
#29 /home/agstudiodiital/public_html/magia/vendor/laravel/framework/src/Illuminate/Pipeline/Pipeline.php(183): Illuminate\\Cookie\\Middleware\\AddQueuedCookiesToResponse->handle()
#30 /home/agstudiodiital/public_html/magia/vendor/laravel/framework/src/Illuminate/Cookie/Middleware/EncryptCookies.php(67): Illuminate\\Pipeline\\Pipeline->Illuminate\\Pipeline\\{closure}()
#31 /home/agstudiodiital/public_html/magia/vendor/laravel/framework/src/Illuminate/Pipeline/Pipeline.php(183): Illuminate\\Cookie\\Middleware\\EncryptCookies->handle()
#32 /home/agstudiodiital/public_html/magia/vendor/laravel/framework/src/Illuminate/Pipeline/Pipeline.php(119): Illuminate\\Pipeline\\Pipeline->Illuminate\\Pipeline\\{closure}()
#33 /home/agstudiodiital/public_html/magia/vendor/laravel/framework/src/Illuminate/Routing/Router.php(807): Illuminate\\Pipeline\\Pipeline->then()
#34 /home/agstudiodiital/public_html/magia/vendor/laravel/framework/src/Illuminate/Routing/Router.php(784): Illuminate\\Routing\\Router->runRouteWithinStack()
#35 /home/agstudiodiital/public_html/magia/vendor/laravel/framework/src/Illuminate/Routing/Router.php(748): Illuminate\\Routing\\Router->runRoute()
#36 /home/agstudiodiital/public_html/magia/vendor/laravel/framework/src/Illuminate/Routing/Router.php(737): Illuminate\\Routing\\Router->dispatchToRoute()
#37 /home/agstudiodiital/public_html/magia/vendor/laravel/framework/src/Illuminate/Foundation/Http/Kernel.php(200): Illuminate\\Routing\\Router->dispatch()
#38 /home/agstudiodiital/public_html/magia/vendor/laravel/framework/src/Illuminate/Pipeline/Pipeline.php(144): Illuminate\\Foundation\\Http\\Kernel->Illuminate\\Foundation\\Http\\{closure}()
#39 /home/agstudiodiital/public_html/magia/vendor/laravel/framework/src/Illuminate/Foundation/Http/Middleware/TransformsRequest.php(21): Illuminate\\Pipeline\\Pipeline->Illuminate\\Pipeline\\{closure}()
#40 /home/agstudiodiital/public_html/magia/vendor/laravel/framework/src/Illuminate/Foundation/Http/Middleware/ConvertEmptyStringsToNull.php(31): Illuminate\\Foundation\\Http\\Middleware\\TransformsRequest->handle()
#41 /home/agstudiodiital/public_html/magia/vendor/laravel/framework/src/Illuminate/Pipeline/Pipeline.php(183): Illuminate\\Foundation\\Http\\Middleware\\ConvertEmptyStringsToNull->handle()
#42 /home/agstudiodiital/public_html/magia/vendor/laravel/framework/src/Illuminate/Foundation/Http/Middleware/TransformsRequest.php(21): Illuminate\\Pipeline\\Pipeline->Illuminate\\Pipeline\\{closure}()
#43 /home/agstudiodiital/public_html/magia/vendor/laravel/framework/src/Illuminate/Foundation/Http/Middleware/TrimStrings.php(40): Illuminate\\Foundation\\Http\\Middleware\\TransformsRequest->handle()
#44 /home/agstudiodiital/public_html/magia/vendor/laravel/framework/src/Illuminate/Pipeline/Pipeline.php(183): Illuminate\\Foundation\\Http\\Middleware\\TrimStrings->handle()
#45 /home/agstudiodiital/public_html/magia/vendor/laravel/framework/src/Illuminate/Foundation/Http/Middleware/ValidatePostSize.php(27): Illuminate\\Pipeline\\Pipeline->Illuminate\\Pipeline\\{closure}()
#46 /home/agstudiodiital/public_html/magia/vendor/laravel/framework/src/Illuminate/Pipeline/Pipeline.php(183): Illuminate\\Foundation\\Http\\Middleware\\ValidatePostSize->handle()
#47 /home/agstudiodiital/public_html/magia/vendor/laravel/framework/src/Illuminate/Foundation/Http/Middleware/PreventRequestsDuringMaintenance.php(99): Illuminate\\Pipeline\\Pipeline->Illuminate\\Pipeline\\{closure}()
#48 /home/agstudiodiital/public_html/magia/vendor/laravel/framework/src/Illuminate/Pipeline/Pipeline.php(183): Illuminate\\Foundation\\Http\\Middleware\\PreventRequestsDuringMaintenance->handle()
#49 /home/agstudiodiital/public_html/magia/vendor/laravel/framework/src/Illuminate/Http/Middleware/HandleCors.php(49): Illuminate\\Pipeline\\Pipeline->Illuminate\\Pipeline\\{closure}()
#50 /home/agstudiodiital/public_html/magia/vendor/laravel/framework/src/Illuminate/Pipeline/Pipeline.php(183): Illuminate\\Http\\Middleware\\HandleCors->handle()
#51 /home/agstudiodiital/public_html/magia/vendor/laravel/framework/src/Illuminate/Http/Middleware/TrustProxies.php(39): Illuminate\\Pipeline\\Pipeline->Illuminate\\Pipeline\\{closure}()
#52 /home/agstudiodiital/public_html/magia/vendor/laravel/framework/src/Illuminate/Pipeline/Pipeline.php(183): Illuminate\\Http\\Middleware\\TrustProxies->handle()
#53 /home/agstudiodiital/public_html/magia/vendor/laravel/framework/src/Illuminate/Pipeline/Pipeline.php(119): Illuminate\\Pipeline\\Pipeline->Illuminate\\Pipeline\\{closure}()
#54 /home/agstudiodiital/public_html/magia/vendor/laravel/framework/src/Illuminate/Foundation/Http/Kernel.php(175): Illuminate\\Pipeline\\Pipeline->then()
#55 /home/agstudiodiital/public_html/magia/vendor/laravel/framework/src/Illuminate/Foundation/Http/Kernel.php(144): Illuminate\\Foundation\\Http\\Kernel->sendRequestThroughRouter()
#56 /home/agstudiodiital/public_html/magia/public/index.php(52): Illuminate\\Foundation\\Http\\Kernel->handle()
#57 {main}
"} 
[2025-11-10 09:00:43] production.ERROR: Method App\Http\Controllers\Auth\AuthController::mostraLoginCliente does not exist. {"userId":1,"exception":"[object] (BadMethodCallException(code: 0): Method App\\Http\\Controllers\\Auth\\AuthController::mostraLoginCliente does not exist. at /home/agstudiodiital/public_html/magia/vendor/laravel/framework/src/Illuminate/Routing/Controller.php:68)
[stacktrace]
#0 /home/agstudiodiital/public_html/magia/vendor/laravel/framework/src/Illuminate/Routing/Controller.php(54): Illuminate\\Routing\\Controller->__call()
#1 /home/agstudiodiital/public_html/magia/vendor/laravel/framework/src/Illuminate/Routing/ControllerDispatcher.php(43): Illuminate\\Routing\\Controller->callAction()
#2 /home/agstudiodiital/public_html/magia/vendor/laravel/framework/src/Illuminate/Routing/Route.php(260): Illuminate\\Routing\\ControllerDispatcher->dispatch()
#3 /home/agstudiodiital/public_html/magia/vendor/laravel/framework/src/Illuminate/Routing/Route.php(205): Illuminate\\Routing\\Route->runController()
#4 /home/agstudiodiital/public_html/magia/vendor/laravel/framework/src/Illuminate/Routing/Router.php(806): Illuminate\\Routing\\Route->run()
#5 /home/agstudiodiital/public_html/magia/vendor/laravel/framework/src/Illuminate/Pipeline/Pipeline.php(144): Illuminate\\Routing\\Router->Illuminate\\Routing\\{closure}()
#6 /home/agstudiodiital/public_html/magia/vendor/laravel/framework/src/Illuminate/Routing/Middleware/SubstituteBindings.php(50): Illuminate\\Pipeline\\Pipeline->Illuminate\\Pipeline\\{closure}()
#7 /home/agstudiodiital/public_html/magia/vendor/laravel/framework/src/Illuminate/Pipeline/Pipeline.php(183): Illuminate\\Routing\\Middleware\\SubstituteBindings->handle()
#8 /home/agstudiodiital/public_html/magia/vendor/laravel/framework/src/Illuminate/Foundation/Http/Middleware/VerifyCsrfToken.php(78): Illuminate\\Pipeline\\Pipeline->Illuminate\\Pipeline\\{closure}()
#9 /home/agstudiodiital/public_html/magia/vendor/laravel/framework/src/Illuminate/Pipeline/Pipeline.php(183): Illuminate\\Foundation\\Http\\Middleware\\VerifyCsrfToken->handle()
#10 /home/agstudiodiital/public_html/magia/vendor/laravel/framework/src/Illuminate/View/Middleware/ShareErrorsFromSession.php(49): Illuminate\\Pipeline\\Pipeline->Illuminate\\Pipeline\\{closure}()
#11 /home/agstudiodiital/public_html/magia/vendor/laravel/framework/src/Illuminate/Pipeline/Pipeline.php(183): Illuminate\\View\\Middleware\\ShareErrorsFromSession->handle()
#12 /home/agstudiodiital/public_html/magia/vendor/laravel/framework/src/Illuminate/Session/Middleware/StartSession.php(121): Illuminate\\Pipeline\\Pipeline->Illuminate\\Pipeline\\{closure}()
#13 /home/agstudiodiital/public_html/magia/vendor/laravel/framework/src/Illuminate/Session/Middleware/StartSession.php(64): Illuminate\\Session\\Middleware\\StartSession->handleStatefulRequest()
#14 /home/agstudiodiital/public_html/magia/vendor/laravel/framework/src/Illuminate/Pipeline/Pipeline.php(183): Illuminate\\Session\\Middleware\\StartSession->handle()
#15 /home/agstudiodiital/public_html/magia/vendor/laravel/framework/src/Illuminate/Cookie/Middleware/AddQueuedCookiesToResponse.php(37): Illuminate\\Pipeline\\Pipeline->Illuminate\\Pipeline\\{closure}()
#16 /home/agstudiodiital/public_html/magia/vendor/laravel/framework/src/Illuminate/Pipeline/Pipeline.php(183): Illuminate\\Cookie\\Middleware\\AddQueuedCookiesToResponse->handle()
#17 /home/agstudiodiital/public_html/magia/vendor/laravel/framework/src/Illuminate/Cookie/Middleware/EncryptCookies.php(67): Illuminate\\Pipeline\\Pipeline->Illuminate\\Pipeline\\{closure}()
#18 /home/agstudiodiital/public_html/magia/vendor/laravel/framework/src/Illuminate/Pipeline/Pipeline.php(183): Illuminate\\Cookie\\Middleware\\EncryptCookies->handle()
#19 /home/agstudiodiital/public_html/magia/vendor/laravel/framework/src/Illuminate/Pipeline/Pipeline.php(119): Illuminate\\Pipeline\\Pipeline->Illuminate\\Pipeline\\{closure}()
#20 /home/agstudiodiital/public_html/magia/vendor/laravel/framework/src/Illuminate/Routing/Router.php(807): Illuminate\\Pipeline\\Pipeline->then()
#21 /home/agstudiodiital/public_html/magia/vendor/laravel/framework/src/Illuminate/Routing/Router.php(784): Illuminate\\Routing\\Router->runRouteWithinStack()
#22 /home/agstudiodiital/public_html/magia/vendor/laravel/framework/src/Illuminate/Routing/Router.php(748): Illuminate\\Routing\\Router->runRoute()
#23 /home/agstudiodiital/public_html/magia/vendor/laravel/framework/src/Illuminate/Routing/Router.php(737): Illuminate\\Routing\\Router->dispatchToRoute()
#24 /home/agstudiodiital/public_html/magia/vendor/laravel/framework/src/Illuminate/Foundation/Http/Kernel.php(200): Illuminate\\Routing\\Router->dispatch()
#25 /home/agstudiodiital/public_html/magia/vendor/laravel/framework/src/Illuminate/Pipeline/Pipeline.php(144): Illuminate\\Foundation\\Http\\Kernel->Illuminate\\Foundation\\Http\\{closure}()
#26 /home/agstudiodiital/public_html/magia/vendor/laravel/framework/src/Illuminate/Foundation/Http/Middleware/TransformsRequest.php(21): Illuminate\\Pipeline\\Pipeline->Illuminate\\Pipeline\\{closure}()
#27 /home/agstudiodiital/public_html/magia/vendor/laravel/framework/src/Illuminate/Foundation/Http/Middleware/ConvertEmptyStringsToNull.php(31): Illuminate\\Foundation\\Http\\Middleware\\TransformsRequest->handle()
#28 /home/agstudiodiital/public_html/magia/vendor/laravel/framework/src/Illuminate/Pipeline/Pipeline.php(183): Illuminate\\Foundation\\Http\\Middleware\\ConvertEmptyStringsToNull->handle()
#29 /home/agstudiodiital/public_html/magia/vendor/laravel/framework/src/Illuminate/Foundation/Http/Middleware/TransformsRequest.php(21): Illuminate\\Pipeline\\Pipeline->Illuminate\\Pipeline\\{closure}()
#30 /home/agstudiodiital/public_html/magia/vendor/laravel/framework/src/Illuminate/Foundation/Http/Middleware/TrimStrings.php(40): Illuminate\\Foundation\\Http\\Middleware\\TransformsRequest->handle()
#31 /home/agstudiodiital/public_html/magia/vendor/laravel/framework/src/Illuminate/Pipeline/Pipeline.php(183): Illuminate\\Foundation\\Http\\Middleware\\TrimStrings->handle()
#32 /home/agstudiodiital/public_html/magia/vendor/laravel/framework/src/Illuminate/Foundation/Http/Middleware/ValidatePostSize.php(27): Illuminate\\Pipeline\\Pipeline->Illuminate\\Pipeline\\{closure}()
#33 /home/agstudiodiital/public_html/magia/vendor/laravel/framework/src/Illuminate/Pipeline/Pipeline.php(183): Illuminate\\Foundation\\Http\\Middleware\\ValidatePostSize->handle()
#34 /home/agstudiodiital/public_html/magia/vendor/laravel/framework/src/Illuminate/Foundation/Http/Middleware/PreventRequestsDuringMaintenance.php(99): Illuminate\\Pipeline\\Pipeline->Illuminate\\Pipeline\\{closure}()
#35 /home/agstudiodiital/public_html/magia/vendor/laravel/framework/src/Illuminate/Pipeline/Pipeline.php(183): Illuminate\\Foundation\\Http\\Middleware\\PreventRequestsDuringMaintenance->handle()
#36 /home/agstudiodiital/public_html/magia/vendor/laravel/framework/src/Illuminate/Http/Middleware/HandleCors.php(49): Illuminate\\Pipeline\\Pipeline->Illuminate\\Pipeline\\{closure}()
#37 /home/agstudiodiital/public_html/magia/vendor/laravel/framework/src/Illuminate/Pipeline/Pipeline.php(183): Illuminate\\Http\\Middleware\\HandleCors->handle()
#38 /home/agstudiodiital/public_html/magia/vendor/laravel/framework/src/Illuminate/Http/Middleware/TrustProxies.php(39): Illuminate\\Pipeline\\Pipeline->Illuminate\\Pipeline\\{closure}()
#39 /home/agstudiodiital/public_html/magia/vendor/laravel/framework/src/Illuminate/Pipeline/Pipeline.php(183): Illuminate\\Http\\Middleware\\TrustProxies->handle()
#40 /home/agstudiodiital/public_html/magia/vendor/laravel/framework/src/Illuminate/Pipeline/Pipeline.php(119): Illuminate\\Pipeline\\Pipeline->Illuminate\\Pipeline\\{closure}()
#41 /home/agstudiodiital/public_html/magia/vendor/laravel/framework/src/Illuminate/Foundation/Http/Kernel.php(175): Illuminate\\Pipeline\\Pipeline->then()
#42 /home/agstudiodiital/public_html/magia/vendor/laravel/framework/src/Illuminate/Foundation/Http/Kernel.php(144): Illuminate\\Foundation\\Http\\Kernel->sendRequestThroughRouter()
#43 /home/agstudiodiital/public_html/magia/public/index.php(52): Illuminate\\Foundation\\Http\\Kernel->handle()
#44 {main}
"} 
[2025-11-10 09:00:47] production.ERROR: Method App\Http\Controllers\Auth\AuthController::mostraLoginCliente does not exist. {"userId":1,"exception":"[object] (BadMethodCallException(code: 0): Method App\\Http\\Controllers\\Auth\\AuthController::mostraLoginCliente does not exist. at /home/agstudiodiital/public_html/magia/vendor/laravel/framework/src/Illuminate/Routing/Controller.php:68)
[stacktrace]
#0 /home/agstudiodiital/public_html/magia/vendor/laravel/framework/src/Illuminate/Routing/Controller.php(54): Illuminate\\Routing\\Controller->__call()
#1 /home/agstudiodiital/public_html/magia/vendor/laravel/framework/src/Illuminate/Routing/ControllerDispatcher.php(43): Illuminate\\Routing\\Controller->callAction()
#2 /home/agstudiodiital/public_html/magia/vendor/laravel/framework/src/Illuminate/Routing/Route.php(260): Illuminate\\Routing\\ControllerDispatcher->dispatch()
#3 /home/agstudiodiital/public_html/magia/vendor/laravel/framework/src/Illuminate/Routing/Route.php(205): Illuminate\\Routing\\Route->runController()
#4 /home/agstudiodiital/public_html/magia/vendor/laravel/framework/src/Illuminate/Routing/Router.php(806): Illuminate\\Routing\\Route->run()
#5 /home/agstudiodiital/public_html/magia/vendor/laravel/framework/src/Illuminate/Pipeline/Pipeline.php(144): Illuminate\\Routing\\Router->Illuminate\\Routing\\{closure}()
#6 /home/agstudiodiital/public_html/magia/vendor/laravel/framework/src/Illuminate/Routing/Middleware/SubstituteBindings.php(50): Illuminate\\Pipeline\\Pipeline->Illuminate\\Pipeline\\{closure}()
#7 /home/agstudiodiital/public_html/magia/vendor/laravel/framework/src/Illuminate/Pipeline/Pipeline.php(183): Illuminate\\Routing\\Middleware\\SubstituteBindings->handle()
#8 /home/agstudiodiital/public_html/magia/vendor/laravel/framework/src/Illuminate/Foundation/Http/Middleware/VerifyCsrfToken.php(78): Illuminate\\Pipeline\\Pipeline->Illuminate\\Pipeline\\{closure}()
#9 /home/agstudiodiital/public_html/magia/vendor/laravel/framework/src/Illuminate/Pipeline/Pipeline.php(183): Illuminate\\Foundation\\Http\\Middleware\\VerifyCsrfToken->handle()
#10 /home/agstudiodiital/public_html/magia/vendor/laravel/framework/src/Illuminate/View/Middleware/ShareErrorsFromSession.php(49): Illuminate\\Pipeline\\Pipeline->Illuminate\\Pipeline\\{closure}()
#11 /home/agstudiodiital/public_html/magia/vendor/laravel/framework/src/Illuminate/Pipeline/Pipeline.php(183): Illuminate\\View\\Middleware\\ShareErrorsFromSession->handle()
#12 /home/agstudiodiital/public_html/magia/vendor/laravel/framework/src/Illuminate/Session/Middleware/StartSession.php(121): Illuminate\\Pipeline\\Pipeline->Illuminate\\Pipeline\\{closure}()
#13 /home/agstudiodiital/public_html/magia/vendor/laravel/framework/src/Illuminate/Session/Middleware/StartSession.php(64): Illuminate\\Session\\Middleware\\StartSession->handleStatefulRequest()
#14 /home/agstudiodiital/public_html/magia/vendor/laravel/framework/src/Illuminate/Pipeline/Pipeline.php(183): Illuminate\\Session\\Middleware\\StartSession->handle()
#15 /home/agstudiodiital/public_html/magia/vendor/laravel/framework/src/Illuminate/Cookie/Middleware/AddQueuedCookiesToResponse.php(37): Illuminate\\Pipeline\\Pipeline->Illuminate\\Pipeline\\{closure}()
#16 /home/agstudiodiital/public_html/magia/vendor/laravel/framework/src/Illuminate/Pipeline/Pipeline.php(183): Illuminate\\Cookie\\Middleware\\AddQueuedCookiesToResponse->handle()
#17 /home/agstudiodiital/public_html/magia/vendor/laravel/framework/src/Illuminate/Cookie/Middleware/EncryptCookies.php(67): Illuminate\\Pipeline\\Pipeline->Illuminate\\Pipeline\\{closure}()
#18 /home/agstudiodiital/public_html/magia/vendor/laravel/framework/src/Illuminate/Pipeline/Pipeline.php(183): Illuminate\\Cookie\\Middleware\\EncryptCookies->handle()
#19 /home/agstudiodiital/public_html/magia/vendor/laravel/framework/src/Illuminate/Pipeline/Pipeline.php(119): Illuminate\\Pipeline\\Pipeline->Illuminate\\Pipeline\\{closure}()
#20 /home/agstudiodiital/public_html/magia/vendor/laravel/framework/src/Illuminate/Routing/Router.php(807): Illuminate\\Pipeline\\Pipeline->then()
#21 /home/agstudiodiital/public_html/magia/vendor/laravel/framework/src/Illuminate/Routing/Router.php(784): Illuminate\\Routing\\Router->runRouteWithinStack()
#22 /home/agstudiodiital/public_html/magia/vendor/laravel/framework/src/Illuminate/Routing/Router.php(748): Illuminate\\Routing\\Router->runRoute()
#23 /home/agstudiodiital/public_html/magia/vendor/laravel/framework/src/Illuminate/Routing/Router.php(737): Illuminate\\Routing\\Router->dispatchToRoute()
#24 /home/agstudiodiital/public_html/magia/vendor/laravel/framework/src/Illuminate/Foundation/Http/Kernel.php(200): Illuminate\\Routing\\Router->dispatch()
#25 /home/agstudiodiital/public_html/magia/vendor/laravel/framework/src/Illuminate/Pipeline/Pipeline.php(144): Illuminate\\Foundation\\Http\\Kernel->Illuminate\\Foundation\\Http\\{closure}()
#26 /home/agstudiodiital/public_html/magia/vendor/laravel/framework/src/Illuminate/Foundation/Http/Middleware/TransformsRequest.php(21): Illuminate\\Pipeline\\Pipeline->Illuminate\\Pipeline\\{closure}()
#27 /home/agstudiodiital/public_html/magia/vendor/laravel/framework/src/Illuminate/Foundation/Http/Middleware/ConvertEmptyStringsToNull.php(31): Illuminate\\Foundation\\Http\\Middleware\\TransformsRequest->handle()
#28 /home/agstudiodiital/public_html/magia/vendor/laravel/framework/src/Illuminate/Pipeline/Pipeline.php(183): Illuminate\\Foundation\\Http\\Middleware\\ConvertEmptyStringsToNull->handle()
#29 /home/agstudiodiital/public_html/magia/vendor/laravel/framework/src/Illuminate/Foundation/Http/Middleware/TransformsRequest.php(21): Illuminate\\Pipeline\\Pipeline->Illuminate\\Pipeline\\{closure}()
#30 /home/agstudiodiital/public_html/magia/vendor/laravel/framework/src/Illuminate/Foundation/Http/Middleware/TrimStrings.php(40): Illuminate\\Foundation\\Http\\Middleware\\TransformsRequest->handle()
#31 /home/agstudiodiital/public_html/magia/vendor/laravel/framework/src/Illuminate/Pipeline/Pipeline.php(183): Illuminate\\Foundation\\Http\\Middleware\\TrimStrings->handle()
#32 /home/agstudiodiital/public_html/magia/vendor/laravel/framework/src/Illuminate/Foundation/Http/Middleware/ValidatePostSize.php(27): Illuminate\\Pipeline\\Pipeline->Illuminate\\Pipeline\\{closure}()
#33 /home/agstudiodiital/public_html/magia/vendor/laravel/framework/src/Illuminate/Pipeline/Pipeline.php(183): Illuminate\\Foundation\\Http\\Middleware\\ValidatePostSize->handle()
#34 /home/agstudiodiital/public_html/magia/vendor/laravel/framework/src/Illuminate/Foundation/Http/Middleware/PreventRequestsDuringMaintenance.php(99): Illuminate\\Pipeline\\Pipeline->Illuminate\\Pipeline\\{closure}()
#35 /home/agstudiodiital/public_html/magia/vendor/laravel/framework/src/Illuminate/Pipeline/Pipeline.php(183): Illuminate\\Foundation\\Http\\Middleware\\PreventRequestsDuringMaintenance->handle()
#36 /home/agstudiodiital/public_html/magia/vendor/laravel/framework/src/Illuminate/Http/Middleware/HandleCors.php(49): Illuminate\\Pipeline\\Pipeline->Illuminate\\Pipeline\\{closure}()
#37 /home/agstudiodiital/public_html/magia/vendor/laravel/framework/src/Illuminate/Pipeline/Pipeline.php(183): Illuminate\\Http\\Middleware\\HandleCors->handle()
#38 /home/agstudiodiital/public_html/magia/vendor/laravel/framework/src/Illuminate/Http/Middleware/TrustProxies.php(39): Illuminate\\Pipeline\\Pipeline->Illuminate\\Pipeline\\{closure}()
#39 /home/agstudiodiital/public_html/magia/vendor/laravel/framework/src/Illuminate/Pipeline/Pipeline.php(183): Illuminate\\Http\\Middleware\\TrustProxies->handle()
#40 /home/agstudiodiital/public_html/magia/vendor/laravel/framework/src/Illuminate/Pipeline/Pipeline.php(119): Illuminate\\Pipeline\\Pipeline->Illuminate\\Pipeline\\{closure}()
#41 /home/agstudiodiital/public_html/magia/vendor/laravel/framework/src/Illuminate/Foundation/Http/Kernel.php(175): Illuminate\\Pipeline\\Pipeline->then()
#42 /home/agstudiodiital/public_html/magia/vendor/laravel/framework/src/Illuminate/Foundation/Http/Kernel.php(144): Illuminate\\Foundation\\Http\\Kernel->sendRequestThroughRouter()
#43 /home/agstudiodiital/public_html/magia/public/index.php(52): Illuminate\\Foundation\\Http\\Kernel->handle()
#44 {main}
"} 
[2025-11-10 09:00:53] production.ERROR: Method App\Http\Controllers\Auth\AuthController::mostraLoginCliente does not exist. {"userId":1,"exception":"[object] (BadMethodCallException(code: 0): Method App\\Http\\Controllers\\Auth\\AuthController::mostraLoginCliente does not exist. at /home/agstudiodiital/public_html/magia/vendor/laravel/framework/src/Illuminate/Routing/Controller.php:68)
[stacktrace]
#0 /home/agstudiodiital/public_html/magia/vendor/laravel/framework/src/Illuminate/Routing/Controller.php(54): Illuminate\\Routing\\Controller->__call()
#1 /home/agstudiodiital/public_html/magia/vendor/laravel/framework/src/Illuminate/Routing/ControllerDispatcher.php(43): Illuminate\\Routing\\Controller->callAction()
#2 /home/agstudiodiital/public_html/magia/vendor/laravel/framework/src/Illuminate/Routing/Route.php(260): Illuminate\\Routing\\ControllerDispatcher->dispatch()
#3 /home/agstudiodiital/public_html/magia/vendor/laravel/framework/src/Illuminate/Routing/Route.php(205): Illuminate\\Routing\\Route->runController()
#4 /home/agstudiodiital/public_html/magia/vendor/laravel/framework/src/Illuminate/Routing/Router.php(806): Illuminate\\Routing\\Route->run()
#5 /home/agstudiodiital/public_html/magia/vendor/laravel/framework/src/Illuminate/Pipeline/Pipeline.php(144): Illuminate\\Routing\\Router->Illuminate\\Routing\\{closure}()
#6 /home/agstudiodiital/public_html/magia/vendor/laravel/framework/src/Illuminate/Routing/Middleware/SubstituteBindings.php(50): Illuminate\\Pipeline\\Pipeline->Illuminate\\Pipeline\\{closure}()
#7 /home/agstudiodiital/public_html/magia/vendor/laravel/framework/src/Illuminate/Pipeline/Pipeline.php(183): Illuminate\\Routing\\Middleware\\SubstituteBindings->handle()
#8 /home/agstudiodiital/public_html/magia/vendor/laravel/framework/src/Illuminate/Foundation/Http/Middleware/VerifyCsrfToken.php(78): Illuminate\\Pipeline\\Pipeline->Illuminate\\Pipeline\\{closure}()
#9 /home/agstudiodiital/public_html/magia/vendor/laravel/framework/src/Illuminate/Pipeline/Pipeline.php(183): Illuminate\\Foundation\\Http\\Middleware\\VerifyCsrfToken->handle()
#10 /home/agstudiodiital/public_html/magia/vendor/laravel/framework/src/Illuminate/View/Middleware/ShareErrorsFromSession.php(49): Illuminate\\Pipeline\\Pipeline->Illuminate\\Pipeline\\{closure}()
#11 /home/agstudiodiital/public_html/magia/vendor/laravel/framework/src/Illuminate/Pipeline/Pipeline.php(183): Illuminate\\View\\Middleware\\ShareErrorsFromSession->handle()
#12 /home/agstudiodiital/public_html/magia/vendor/laravel/framework/src/Illuminate/Session/Middleware/StartSession.php(121): Illuminate\\Pipeline\\Pipeline->Illuminate\\Pipeline\\{closure}()
#13 /home/agstudiodiital/public_html/magia/vendor/laravel/framework/src/Illuminate/Session/Middleware/StartSession.php(64): Illuminate\\Session\\Middleware\\StartSession->handleStatefulRequest()
#14 /home/agstudiodiital/public_html/magia/vendor/laravel/framework/src/Illuminate/Pipeline/Pipeline.php(183): Illuminate\\Session\\Middleware\\StartSession->handle()
#15 /home/agstudiodiital/public_html/magia/vendor/laravel/framework/src/Illuminate/Cookie/Middleware/AddQueuedCookiesToResponse.php(37): Illuminate\\Pipeline\\Pipeline->Illuminate\\Pipeline\\{closure}()
#16 /home/agstudiodiital/public_html/magia/vendor/laravel/framework/src/Illuminate/Pipeline/Pipeline.php(183): Illuminate\\Cookie\\Middleware\\AddQueuedCookiesToResponse->handle()
#17 /home/agstudiodiital/public_html/magia/vendor/laravel/framework/src/Illuminate/Cookie/Middleware/EncryptCookies.php(67): Illuminate\\Pipeline\\Pipeline->Illuminate\\Pipeline\\{closure}()
#18 /home/agstudiodiital/public_html/magia/vendor/laravel/framework/src/Illuminate/Pipeline/Pipeline.php(183): Illuminate\\Cookie\\Middleware\\EncryptCookies->handle()
#19 /home/agstudiodiital/public_html/magia/vendor/laravel/framework/src/Illuminate/Pipeline/Pipeline.php(119): Illuminate\\Pipeline\\Pipeline->Illuminate\\Pipeline\\{closure}()
#20 /home/agstudiodiital/public_html/magia/vendor/laravel/framework/src/Illuminate/Routing/Router.php(807): Illuminate\\Pipeline\\Pipeline->then()
#21 /home/agstudiodiital/public_html/magia/vendor/laravel/framework/src/Illuminate/Routing/Router.php(784): Illuminate\\Routing\\Router->runRouteWithinStack()
#22 /home/agstudiodiital/public_html/magia/vendor/laravel/framework/src/Illuminate/Routing/Router.php(748): Illuminate\\Routing\\Router->runRoute()
#23 /home/agstudiodiital/public_html/magia/vendor/laravel/framework/src/Illuminate/Routing/Router.php(737): Illuminate\\Routing\\Router->dispatchToRoute()
#24 /home/agstudiodiital/public_html/magia/vendor/laravel/framework/src/Illuminate/Foundation/Http/Kernel.php(200): Illuminate\\Routing\\Router->dispatch()
#25 /home/agstudiodiital/public_html/magia/vendor/laravel/framework/src/Illuminate/Pipeline/Pipeline.php(144): Illuminate\\Foundation\\Http\\Kernel->Illuminate\\Foundation\\Http\\{closure}()
#26 /home/agstudiodiital/public_html/magia/vendor/laravel/framework/src/Illuminate/Foundation/Http/Middleware/TransformsRequest.php(21): Illuminate\\Pipeline\\Pipeline->Illuminate\\Pipeline\\{closure}()
#27 /home/agstudiodiital/public_html/magia/vendor/laravel/framework/src/Illuminate/Foundation/Http/Middleware/ConvertEmptyStringsToNull.php(31): Illuminate\\Foundation\\Http\\Middleware\\TransformsRequest->handle()
#28 /home/agstudiodiital/public_html/magia/vendor/laravel/framework/src/Illuminate/Pipeline/Pipeline.php(183): Illuminate\\Foundation\\Http\\Middleware\\ConvertEmptyStringsToNull->handle()
#29 /home/agstudiodiital/public_html/magia/vendor/laravel/framework/src/Illuminate/Foundation/Http/Middleware/TransformsRequest.php(21): Illuminate\\Pipeline\\Pipeline->Illuminate\\Pipeline\\{closure}()
#30 /home/agstudiodiital/public_html/magia/vendor/laravel/framework/src/Illuminate/Foundation/Http/Middleware/TrimStrings.php(40): Illuminate\\Foundation\\Http\\Middleware\\TransformsRequest->handle()
#31 /home/agstudiodiital/public_html/magia/vendor/laravel/framework/src/Illuminate/Pipeline/Pipeline.php(183): Illuminate\\Foundation\\Http\\Middleware\\TrimStrings->handle()
#32 /home/agstudiodiital/public_html/magia/vendor/laravel/framework/src/Illuminate/Foundation/Http/Middleware/ValidatePostSize.php(27): Illuminate\\Pipeline\\Pipeline->Illuminate\\Pipeline\\{closure}()
#33 /home/agstudiodiital/public_html/magia/vendor/laravel/framework/src/Illuminate/Pipeline/Pipeline.php(183): Illuminate\\Foundation\\Http\\Middleware\\ValidatePostSize->handle()
#34 /home/agstudiodiital/public_html/magia/vendor/laravel/framework/src/Illuminate/Foundation/Http/Middleware/PreventRequestsDuringMaintenance.php(99): Illuminate\\Pipeline\\Pipeline->Illuminate\\Pipeline\\{closure}()
#35 /home/agstudiodiital/public_html/magia/vendor/laravel/framework/src/Illuminate/Pipeline/Pipeline.php(183): Illuminate\\Foundation\\Http\\Middleware\\PreventRequestsDuringMaintenance->handle()
#36 /home/agstudiodiital/public_html/magia/vendor/laravel/framework/src/Illuminate/Http/Middleware/HandleCors.php(49): Illuminate\\Pipeline\\Pipeline->Illuminate\\Pipeline\\{closure}()
#37 /home/agstudiodiital/public_html/magia/vendor/laravel/framework/src/Illuminate/Pipeline/Pipeline.php(183): Illuminate\\Http\\Middleware\\HandleCors->handle()
#38 /home/agstudiodiital/public_html/magia/vendor/laravel/framework/src/Illuminate/Http/Middleware/TrustProxies.php(39): Illuminate\\Pipeline\\Pipeline->Illuminate\\Pipeline\\{closure}()
#39 /home/agstudiodiital/public_html/magia/vendor/laravel/framework/src/Illuminate/Pipeline/Pipeline.php(183): Illuminate\\Http\\Middleware\\TrustProxies->handle()
#40 /home/agstudiodiital/public_html/magia/vendor/laravel/framework/src/Illuminate/Pipeline/Pipeline.php(119): Illuminate\\Pipeline\\Pipeline->Illuminate\\Pipeline\\{closure}()
#41 /home/agstudiodiital/public_html/magia/vendor/laravel/framework/src/Illuminate/Foundation/Http/Kernel.php(175): Illuminate\\Pipeline\\Pipeline->then()
#42 /home/agstudiodiital/public_html/magia/vendor/laravel/framework/src/Illuminate/Foundation/Http/Kernel.php(144): Illuminate\\Foundation\\Http\\Kernel->sendRequestThroughRouter()
#43 /home/agstudiodiital/public_html/magia/public/index.php(52): Illuminate\\Foundation\\Http\\Kernel->handle()
#44 {main}
"} 
[2025-11-10 09:01:08] production.ERROR: Undefined variable $totaleClienti {"view":{"view":"/home/agstudiodiital/public_html/magia/resources/views/admin/dashboard.blade.php","data":[]},"userId":1,"exception":"[object] (Spatie\\LaravelIgnition\\Exceptions\\ViewException(code: 0): Undefined variable $totaleClienti at /home/agstudiodiital/public_html/magia/resources/views/admin/dashboard.blade.php:16)
[stacktrace]
#0 /home/agstudiodiital/public_html/magia/vendor/laravel/framework/src/Illuminate/Filesystem/Filesystem.php(123): require('/home/agstudiod...')
#1 /home/agstudiodiital/public_html/magia/vendor/laravel/framework/src/Illuminate/Filesystem/Filesystem.php(124): Illuminate\\Filesystem\\Filesystem::Illuminate\\Filesystem\\{closure}()
#2 /home/agstudiodiital/public_html/magia/vendor/laravel/framework/src/Illuminate/View/Engines/PhpEngine.php(58): Illuminate\\Filesystem\\Filesystem->getRequire()
#3 /home/agstudiodiital/public_html/magia/vendor/laravel/framework/src/Illuminate/View/Engines/CompilerEngine.php(72): Illuminate\\View\\Engines\\PhpEngine->evaluatePath()
#4 /home/agstudiodiital/public_html/magia/vendor/laravel/framework/src/Illuminate/View/View.php(207): Illuminate\\View\\Engines\\CompilerEngine->get()
#5 /home/agstudiodiital/public_html/magia/vendor/laravel/framework/src/Illuminate/View/View.php(190): Illuminate\\View\\View->getContents()
#6 /home/agstudiodiital/public_html/magia/vendor/laravel/framework/src/Illuminate/View/View.php(159): Illuminate\\View\\View->renderContents()
#7 /home/agstudiodiital/public_html/magia/vendor/laravel/framework/src/Illuminate/Http/Response.php(69): Illuminate\\View\\View->render()
#8 /home/agstudiodiital/public_html/magia/vendor/laravel/framework/src/Illuminate/Http/Response.php(35): Illuminate\\Http\\Response->setContent()
#9 /home/agstudiodiital/public_html/magia/vendor/laravel/framework/src/Illuminate/Routing/Router.php(918): Illuminate\\Http\\Response->__construct()
#10 /home/agstudiodiital/public_html/magia/vendor/laravel/framework/src/Illuminate/Routing/Router.php(885): Illuminate\\Routing\\Router::toResponse()
#11 /home/agstudiodiital/public_html/magia/vendor/laravel/framework/src/Illuminate/Routing/Router.php(806): Illuminate\\Routing\\Router->prepareResponse()
#12 /home/agstudiodiital/public_html/magia/vendor/laravel/framework/src/Illuminate/Pipeline/Pipeline.php(144): Illuminate\\Routing\\Router->Illuminate\\Routing\\{closure}()
#13 /home/agstudiodiital/public_html/magia/app/Http/Middleware/VerificaTipoUtente.php(53): Illuminate\\Pipeline\\Pipeline->Illuminate\\Pipeline\\{closure}()
#14 /home/agstudiodiital/public_html/magia/vendor/laravel/framework/src/Illuminate/Pipeline/Pipeline.php(183): App\\Http\\Middleware\\VerificaTipoUtente->handle()
#15 /home/agstudiodiital/public_html/magia/vendor/laravel/framework/src/Illuminate/Routing/Middleware/SubstituteBindings.php(50): Illuminate\\Pipeline\\Pipeline->Illuminate\\Pipeline\\{closure}()
#16 /home/agstudiodiital/public_html/magia/vendor/laravel/framework/src/Illuminate/Pipeline/Pipeline.php(183): Illuminate\\Routing\\Middleware\\SubstituteBindings->handle()
#17 /home/agstudiodiital/public_html/magia/vendor/laravel/framework/src/Illuminate/Auth/Middleware/Authenticate.php(57): Illuminate\\Pipeline\\Pipeline->Illuminate\\Pipeline\\{closure}()
#18 /home/agstudiodiital/public_html/magia/vendor/laravel/framework/src/Illuminate/Pipeline/Pipeline.php(183): Illuminate\\Auth\\Middleware\\Authenticate->handle()
#19 /home/agstudiodiital/public_html/magia/vendor/laravel/framework/src/Illuminate/Foundation/Http/Middleware/VerifyCsrfToken.php(78): Illuminate\\Pipeline\\Pipeline->Illuminate\\Pipeline\\{closure}()
#20 /home/agstudiodiital/public_html/magia/vendor/laravel/framework/src/Illuminate/Pipeline/Pipeline.php(183): Illuminate\\Foundation\\Http\\Middleware\\VerifyCsrfToken->handle()
#21 /home/agstudiodiital/public_html/magia/vendor/laravel/framework/src/Illuminate/View/Middleware/ShareErrorsFromSession.php(49): Illuminate\\Pipeline\\Pipeline->Illuminate\\Pipeline\\{closure}()
#22 /home/agstudiodiital/public_html/magia/vendor/laravel/framework/src/Illuminate/Pipeline/Pipeline.php(183): Illuminate\\View\\Middleware\\ShareErrorsFromSession->handle()
#23 /home/agstudiodiital/public_html/magia/vendor/laravel/framework/src/Illuminate/Session/Middleware/StartSession.php(121): Illuminate\\Pipeline\\Pipeline->Illuminate\\Pipeline\\{closure}()
#24 /home/agstudiodiital/public_html/magia/vendor/laravel/framework/src/Illuminate/Session/Middleware/StartSession.php(64): Illuminate\\Session\\Middleware\\StartSession->handleStatefulRequest()
#25 /home/agstudiodiital/public_html/magia/vendor/laravel/framework/src/Illuminate/Pipeline/Pipeline.php(183): Illuminate\\Session\\Middleware\\StartSession->handle()
#26 /home/agstudiodiital/public_html/magia/vendor/laravel/framework/src/Illuminate/Cookie/Middleware/AddQueuedCookiesToResponse.php(37): Illuminate\\Pipeline\\Pipeline->Illuminate\\Pipeline\\{closure}()
#27 /home/agstudiodiital/public_html/magia/vendor/laravel/framework/src/Illuminate/Pipeline/Pipeline.php(183): Illuminate\\Cookie\\Middleware\\AddQueuedCookiesToResponse->handle()
#28 /home/agstudiodiital/public_html/magia/vendor/laravel/framework/src/Illuminate/Cookie/Middleware/EncryptCookies.php(67): Illuminate\\Pipeline\\Pipeline->Illuminate\\Pipeline\\{closure}()
#29 /home/agstudiodiital/public_html/magia/vendor/laravel/framework/src/Illuminate/Pipeline/Pipeline.php(183): Illuminate\\Cookie\\Middleware\\EncryptCookies->handle()
#30 /home/agstudiodiital/public_html/magia/vendor/laravel/framework/src/Illuminate/Pipeline/Pipeline.php(119): Illuminate\\Pipeline\\Pipeline->Illuminate\\Pipeline\\{closure}()
#31 /home/agstudiodiital/public_html/magia/vendor/laravel/framework/src/Illuminate/Routing/Router.php(807): Illuminate\\Pipeline\\Pipeline->then()
#32 /home/agstudiodiital/public_html/magia/vendor/laravel/framework/src/Illuminate/Routing/Router.php(784): Illuminate\\Routing\\Router->runRouteWithinStack()
#33 /home/agstudiodiital/public_html/magia/vendor/laravel/framework/src/Illuminate/Routing/Router.php(748): Illuminate\\Routing\\Router->runRoute()
#34 /home/agstudiodiital/public_html/magia/vendor/laravel/framework/src/Illuminate/Routing/Router.php(737): Illuminate\\Routing\\Router->dispatchToRoute()
#35 /home/agstudiodiital/public_html/magia/vendor/laravel/framework/src/Illuminate/Foundation/Http/Kernel.php(200): Illuminate\\Routing\\Router->dispatch()
#36 /home/agstudiodiital/public_html/magia/vendor/laravel/framework/src/Illuminate/Pipeline/Pipeline.php(144): Illuminate\\Foundation\\Http\\Kernel->Illuminate\\Foundation\\Http\\{closure}()
#37 /home/agstudiodiital/public_html/magia/vendor/laravel/framework/src/Illuminate/Foundation/Http/Middleware/TransformsRequest.php(21): Illuminate\\Pipeline\\Pipeline->Illuminate\\Pipeline\\{closure}()
#38 /home/agstudiodiital/public_html/magia/vendor/laravel/framework/src/Illuminate/Foundation/Http/Middleware/ConvertEmptyStringsToNull.php(31): Illuminate\\Foundation\\Http\\Middleware\\TransformsRequest->handle()
#39 /home/agstudiodiital/public_html/magia/vendor/laravel/framework/src/Illuminate/Pipeline/Pipeline.php(183): Illuminate\\Foundation\\Http\\Middleware\\ConvertEmptyStringsToNull->handle()
#40 /home/agstudiodiital/public_html/magia/vendor/laravel/framework/src/Illuminate/Foundation/Http/Middleware/TransformsRequest.php(21): Illuminate\\Pipeline\\Pipeline->Illuminate\\Pipeline\\{closure}()
#41 /home/agstudiodiital/public_html/magia/vendor/laravel/framework/src/Illuminate/Foundation/Http/Middleware/TrimStrings.php(40): Illuminate\\Foundation\\Http\\Middleware\\TransformsRequest->handle()
#42 /home/agstudiodiital/public_html/magia/vendor/laravel/framework/src/Illuminate/Pipeline/Pipeline.php(183): Illuminate\\Foundation\\Http\\Middleware\\TrimStrings->handle()
#43 /home/agstudiodiital/public_html/magia/vendor/laravel/framework/src/Illuminate/Foundation/Http/Middleware/ValidatePostSize.php(27): Illuminate\\Pipeline\\Pipeline->Illuminate\\Pipeline\\{closure}()
#44 /home/agstudiodiital/public_html/magia/vendor/laravel/framework/src/Illuminate/Pipeline/Pipeline.php(183): Illuminate\\Foundation\\Http\\Middleware\\ValidatePostSize->handle()
#45 /home/agstudiodiital/public_html/magia/vendor/laravel/framework/src/Illuminate/Foundation/Http/Middleware/PreventRequestsDuringMaintenance.php(99): Illuminate\\Pipeline\\Pipeline->Illuminate\\Pipeline\\{closure}()
#46 /home/agstudiodiital/public_html/magia/vendor/laravel/framework/src/Illuminate/Pipeline/Pipeline.php(183): Illuminate\\Foundation\\Http\\Middleware\\PreventRequestsDuringMaintenance->handle()
#47 /home/agstudiodiital/public_html/magia/vendor/laravel/framework/src/Illuminate/Http/Middleware/HandleCors.php(49): Illuminate\\Pipeline\\Pipeline->Illuminate\\Pipeline\\{closure}()
#48 /home/agstudiodiital/public_html/magia/vendor/laravel/framework/src/Illuminate/Pipeline/Pipeline.php(183): Illuminate\\Http\\Middleware\\HandleCors->handle()
#49 /home/agstudiodiital/public_html/magia/vendor/laravel/framework/src/Illuminate/Http/Middleware/TrustProxies.php(39): Illuminate\\Pipeline\\Pipeline->Illuminate\\Pipeline\\{closure}()
#50 /home/agstudiodiital/public_html/magia/vendor/laravel/framework/src/Illuminate/Pipeline/Pipeline.php(183): Illuminate\\Http\\Middleware\\TrustProxies->handle()
#51 /home/agstudiodiital/public_html/magia/vendor/laravel/framework/src/Illuminate/Pipeline/Pipeline.php(119): Illuminate\\Pipeline\\Pipeline->Illuminate\\Pipeline\\{closure}()
#52 /home/agstudiodiital/public_html/magia/vendor/laravel/framework/src/Illuminate/Foundation/Http/Kernel.php(175): Illuminate\\Pipeline\\Pipeline->then()
#53 /home/agstudiodiital/public_html/magia/vendor/laravel/framework/src/Illuminate/Foundation/Http/Kernel.php(144): Illuminate\\Foundation\\Http\\Kernel->sendRequestThroughRouter()
#54 /home/agstudiodiital/public_html/magia/public/index.php(52): Illuminate\\Foundation\\Http\\Kernel->handle()
#55 {main}

[previous exception] [object] (ErrorException(code: 0): Undefined variable $totaleClienti at /home/agstudiodiital/public_html/magia/storage/framework/views/a75176e0b179937379418d239b49e383.php:14)
[stacktrace]
#0 /home/agstudiodiital/public_html/magia/vendor/laravel/framework/src/Illuminate/Foundation/Bootstrap/HandleExceptions.php(255): Illuminate\\Foundation\\Bootstrap\\HandleExceptions->handleError()
#1 /home/agstudiodiital/public_html/magia/storage/framework/views/a75176e0b179937379418d239b49e383.php(14): Illuminate\\Foundation\\Bootstrap\\HandleExceptions->Illuminate\\Foundation\\Bootstrap\\{closure}()
#2 /home/agstudiodiital/public_html/magia/vendor/laravel/framework/src/Illuminate/Filesystem/Filesystem.php(123): require('/home/agstudiod...')
#3 /home/agstudiodiital/public_html/magia/vendor/laravel/framework/src/Illuminate/Filesystem/Filesystem.php(124): Illuminate\\Filesystem\\Filesystem::Illuminate\\Filesystem\\{closure}()
#4 /home/agstudiodiital/public_html/magia/vendor/laravel/framework/src/Illuminate/View/Engines/PhpEngine.php(58): Illuminate\\Filesystem\\Filesystem->getRequire()
#5 /home/agstudiodiital/public_html/magia/vendor/laravel/framework/src/Illuminate/View/Engines/CompilerEngine.php(72): Illuminate\\View\\Engines\\PhpEngine->evaluatePath()
#6 /home/agstudiodiital/public_html/magia/vendor/laravel/framework/src/Illuminate/View/View.php(207): Illuminate\\View\\Engines\\CompilerEngine->get()
#7 /home/agstudiodiital/public_html/magia/vendor/laravel/framework/src/Illuminate/View/View.php(190): Illuminate\\View\\View->getContents()
#8 /home/agstudiodiital/public_html/magia/vendor/laravel/framework/src/Illuminate/View/View.php(159): Illuminate\\View\\View->renderContents()
#9 /home/agstudiodiital/public_html/magia/vendor/laravel/framework/src/Illuminate/Http/Response.php(69): Illuminate\\View\\View->render()
#10 /home/agstudiodiital/public_html/magia/vendor/laravel/framework/src/Illuminate/Http/Response.php(35): Illuminate\\Http\\Response->setContent()
#11 /home/agstudiodiital/public_html/magia/vendor/laravel/framework/src/Illuminate/Routing/Router.php(918): Illuminate\\Http\\Response->__construct()
#12 /home/agstudiodiital/public_html/magia/vendor/laravel/framework/src/Illuminate/Routing/Router.php(885): Illuminate\\Routing\\Router::toResponse()
#13 /home/agstudiodiital/public_html/magia/vendor/laravel/framework/src/Illuminate/Routing/Router.php(806): Illuminate\\Routing\\Router->prepareResponse()
#14 /home/agstudiodiital/public_html/magia/vendor/laravel/framework/src/Illuminate/Pipeline/Pipeline.php(144): Illuminate\\Routing\\Router->Illuminate\\Routing\\{closure}()
#15 /home/agstudiodiital/public_html/magia/app/Http/Middleware/VerificaTipoUtente.php(53): Illuminate\\Pipeline\\Pipeline->Illuminate\\Pipeline\\{closure}()
#16 /home/agstudiodiital/public_html/magia/vendor/laravel/framework/src/Illuminate/Pipeline/Pipeline.php(183): App\\Http\\Middleware\\VerificaTipoUtente->handle()
#17 /home/agstudiodiital/public_html/magia/vendor/laravel/framework/src/Illuminate/Routing/Middleware/SubstituteBindings.php(50): Illuminate\\Pipeline\\Pipeline->Illuminate\\Pipeline\\{closure}()
#18 /home/agstudiodiital/public_html/magia/vendor/laravel/framework/src/Illuminate/Pipeline/Pipeline.php(183): Illuminate\\Routing\\Middleware\\SubstituteBindings->handle()
#19 /home/agstudiodiital/public_html/magia/vendor/laravel/framework/src/Illuminate/Auth/Middleware/Authenticate.php(57): Illuminate\\Pipeline\\Pipeline->Illuminate\\Pipeline\\{closure}()
#20 /home/agstudiodiital/public_html/magia/vendor/laravel/framework/src/Illuminate/Pipeline/Pipeline.php(183): Illuminate\\Auth\\Middleware\\Authenticate->handle()
#21 /home/agstudiodiital/public_html/magia/vendor/laravel/framework/src/Illuminate/Foundation/Http/Middleware/VerifyCsrfToken.php(78): Illuminate\\Pipeline\\Pipeline->Illuminate\\Pipeline\\{closure}()
#22 /home/agstudiodiital/public_html/magia/vendor/laravel/framework/src/Illuminate/Pipeline/Pipeline.php(183): Illuminate\\Foundation\\Http\\Middleware\\VerifyCsrfToken->handle()
#23 /home/agstudiodiital/public_html/magia/vendor/laravel/framework/src/Illuminate/View/Middleware/ShareErrorsFromSession.php(49): Illuminate\\Pipeline\\Pipeline->Illuminate\\Pipeline\\{closure}()
#24 /home/agstudiodiital/public_html/magia/vendor/laravel/framework/src/Illuminate/Pipeline/Pipeline.php(183): Illuminate\\View\\Middleware\\ShareErrorsFromSession->handle()
#25 /home/agstudiodiital/public_html/magia/vendor/laravel/framework/src/Illuminate/Session/Middleware/StartSession.php(121): Illuminate\\Pipeline\\Pipeline->Illuminate\\Pipeline\\{closure}()
#26 /home/agstudiodiital/public_html/magia/vendor/laravel/framework/src/Illuminate/Session/Middleware/StartSession.php(64): Illuminate\\Session\\Middleware\\StartSession->handleStatefulRequest()
#27 /home/agstudiodiital/public_html/magia/vendor/laravel/framework/src/Illuminate/Pipeline/Pipeline.php(183): Illuminate\\Session\\Middleware\\StartSession->handle()
#28 /home/agstudiodiital/public_html/magia/vendor/laravel/framework/src/Illuminate/Cookie/Middleware/AddQueuedCookiesToResponse.php(37): Illuminate\\Pipeline\\Pipeline->Illuminate\\Pipeline\\{closure}()
#29 /home/agstudiodiital/public_html/magia/vendor/laravel/framework/src/Illuminate/Pipeline/Pipeline.php(183): Illuminate\\Cookie\\Middleware\\AddQueuedCookiesToResponse->handle()
#30 /home/agstudiodiital/public_html/magia/vendor/laravel/framework/src/Illuminate/Cookie/Middleware/EncryptCookies.php(67): Illuminate\\Pipeline\\Pipeline->Illuminate\\Pipeline\\{closure}()
#31 /home/agstudiodiital/public_html/magia/vendor/laravel/framework/src/Illuminate/Pipeline/Pipeline.php(183): Illuminate\\Cookie\\Middleware\\EncryptCookies->handle()
#32 /home/agstudiodiital/public_html/magia/vendor/laravel/framework/src/Illuminate/Pipeline/Pipeline.php(119): Illuminate\\Pipeline\\Pipeline->Illuminate\\Pipeline\\{closure}()
#33 /home/agstudiodiital/public_html/magia/vendor/laravel/framework/src/Illuminate/Routing/Router.php(807): Illuminate\\Pipeline\\Pipeline->then()
#34 /home/agstudiodiital/public_html/magia/vendor/laravel/framework/src/Illuminate/Routing/Router.php(784): Illuminate\\Routing\\Router->runRouteWithinStack()
#35 /home/agstudiodiital/public_html/magia/vendor/laravel/framework/src/Illuminate/Routing/Router.php(748): Illuminate\\Routing\\Router->runRoute()
#36 /home/agstudiodiital/public_html/magia/vendor/laravel/framework/src/Illuminate/Routing/Router.php(737): Illuminate\\Routing\\Router->dispatchToRoute()
#37 /home/agstudiodiital/public_html/magia/vendor/laravel/framework/src/Illuminate/Foundation/Http/Kernel.php(200): Illuminate\\Routing\\Router->dispatch()
#38 /home/agstudiodiital/public_html/magia/vendor/laravel/framework/src/Illuminate/Pipeline/Pipeline.php(144): Illuminate\\Foundation\\Http\\Kernel->Illuminate\\Foundation\\Http\\{closure}()
#39 /home/agstudiodiital/public_html/magia/vendor/laravel/framework/src/Illuminate/Foundation/Http/Middleware/TransformsRequest.php(21): Illuminate\\Pipeline\\Pipeline->Illuminate\\Pipeline\\{closure}()
#40 /home/agstudiodiital/public_html/magia/vendor/laravel/framework/src/Illuminate/Foundation/Http/Middleware/ConvertEmptyStringsToNull.php(31): Illuminate\\Foundation\\Http\\Middleware\\TransformsRequest->handle()
#41 /home/agstudiodiital/public_html/magia/vendor/laravel/framework/src/Illuminate/Pipeline/Pipeline.php(183): Illuminate\\Foundation\\Http\\Middleware\\ConvertEmptyStringsToNull->handle()
#42 /home/agstudiodiital/public_html/magia/vendor/laravel/framework/src/Illuminate/Foundation/Http/Middleware/TransformsRequest.php(21): Illuminate\\Pipeline\\Pipeline->Illuminate\\Pipeline\\{closure}()
#43 /home/agstudiodiital/public_html/magia/vendor/laravel/framework/src/Illuminate/Foundation/Http/Middleware/TrimStrings.php(40): Illuminate\\Foundation\\Http\\Middleware\\TransformsRequest->handle()
#44 /home/agstudiodiital/public_html/magia/vendor/laravel/framework/src/Illuminate/Pipeline/Pipeline.php(183): Illuminate\\Foundation\\Http\\Middleware\\TrimStrings->handle()
#45 /home/agstudiodiital/public_html/magia/vendor/laravel/framework/src/Illuminate/Foundation/Http/Middleware/ValidatePostSize.php(27): Illuminate\\Pipeline\\Pipeline->Illuminate\\Pipeline\\{closure}()
#46 /home/agstudiodiital/public_html/magia/vendor/laravel/framework/src/Illuminate/Pipeline/Pipeline.php(183): Illuminate\\Foundation\\Http\\Middleware\\ValidatePostSize->handle()
#47 /home/agstudiodiital/public_html/magia/vendor/laravel/framework/src/Illuminate/Foundation/Http/Middleware/PreventRequestsDuringMaintenance.php(99): Illuminate\\Pipeline\\Pipeline->Illuminate\\Pipeline\\{closure}()
#48 /home/agstudiodiital/public_html/magia/vendor/laravel/framework/src/Illuminate/Pipeline/Pipeline.php(183): Illuminate\\Foundation\\Http\\Middleware\\PreventRequestsDuringMaintenance->handle()
#49 /home/agstudiodiital/public_html/magia/vendor/laravel/framework/src/Illuminate/Http/Middleware/HandleCors.php(49): Illuminate\\Pipeline\\Pipeline->Illuminate\\Pipeline\\{closure}()
#50 /home/agstudiodiital/public_html/magia/vendor/laravel/framework/src/Illuminate/Pipeline/Pipeline.php(183): Illuminate\\Http\\Middleware\\HandleCors->handle()
#51 /home/agstudiodiital/public_html/magia/vendor/laravel/framework/src/Illuminate/Http/Middleware/TrustProxies.php(39): Illuminate\\Pipeline\\Pipeline->Illuminate\\Pipeline\\{closure}()
#52 /home/agstudiodiital/public_html/magia/vendor/laravel/framework/src/Illuminate/Pipeline/Pipeline.php(183): Illuminate\\Http\\Middleware\\TrustProxies->handle()
#53 /home/agstudiodiital/public_html/magia/vendor/laravel/framework/src/Illuminate/Pipeline/Pipeline.php(119): Illuminate\\Pipeline\\Pipeline->Illuminate\\Pipeline\\{closure}()
#54 /home/agstudiodiital/public_html/magia/vendor/laravel/framework/src/Illuminate/Foundation/Http/Kernel.php(175): Illuminate\\Pipeline\\Pipeline->then()
#55 /home/agstudiodiital/public_html/magia/vendor/laravel/framework/src/Illuminate/Foundation/Http/Kernel.php(144): Illuminate\\Foundation\\Http\\Kernel->sendRequestThroughRouter()
#56 /home/agstudiodiital/public_html/magia/public/index.php(52): Illuminate\\Foundation\\Http\\Kernel->handle()
#57 {main}
"} 
[2025-11-10 09:02:49] production.ERROR: Undefined variable $totaleClienti {"view":{"view":"/home/agstudiodiital/public_html/magia/resources/views/admin/dashboard.blade.php","data":[]},"userId":1,"exception":"[object] (Spatie\\LaravelIgnition\\Exceptions\\ViewException(code: 0): Undefined variable $totaleClienti at /home/agstudiodiital/public_html/magia/resources/views/admin/dashboard.blade.php:16)
[stacktrace]
#0 /home/agstudiodiital/public_html/magia/vendor/laravel/framework/src/Illuminate/Filesystem/Filesystem.php(123): require('/home/agstudiod...')
#1 /home/agstudiodiital/public_html/magia/vendor/laravel/framework/src/Illuminate/Filesystem/Filesystem.php(124): Illuminate\\Filesystem\\Filesystem::Illuminate\\Filesystem\\{closure}()
#2 /home/agstudiodiital/public_html/magia/vendor/laravel/framework/src/Illuminate/View/Engines/PhpEngine.php(58): Illuminate\\Filesystem\\Filesystem->getRequire()
#3 /home/agstudiodiital/public_html/magia/vendor/laravel/framework/src/Illuminate/View/Engines/CompilerEngine.php(72): Illuminate\\View\\Engines\\PhpEngine->evaluatePath()
#4 /home/agstudiodiital/public_html/magia/vendor/laravel/framework/src/Illuminate/View/View.php(207): Illuminate\\View\\Engines\\CompilerEngine->get()
#5 /home/agstudiodiital/public_html/magia/vendor/laravel/framework/src/Illuminate/View/View.php(190): Illuminate\\View\\View->getContents()
#6 /home/agstudiodiital/public_html/magia/vendor/laravel/framework/src/Illuminate/View/View.php(159): Illuminate\\View\\View->renderContents()
#7 /home/agstudiodiital/public_html/magia/vendor/laravel/framework/src/Illuminate/Http/Response.php(69): Illuminate\\View\\View->render()
#8 /home/agstudiodiital/public_html/magia/vendor/laravel/framework/src/Illuminate/Http/Response.php(35): Illuminate\\Http\\Response->setContent()
#9 /home/agstudiodiital/public_html/magia/vendor/laravel/framework/src/Illuminate/Routing/Router.php(918): Illuminate\\Http\\Response->__construct()
#10 /home/agstudiodiital/public_html/magia/vendor/laravel/framework/src/Illuminate/Routing/Router.php(885): Illuminate\\Routing\\Router::toResponse()
#11 /home/agstudiodiital/public_html/magia/vendor/laravel/framework/src/Illuminate/Routing/Router.php(806): Illuminate\\Routing\\Router->prepareResponse()
#12 /home/agstudiodiital/public_html/magia/vendor/laravel/framework/src/Illuminate/Pipeline/Pipeline.php(144): Illuminate\\Routing\\Router->Illuminate\\Routing\\{closure}()
#13 /home/agstudiodiital/public_html/magia/app/Http/Middleware/VerificaTipoUtente.php(53): Illuminate\\Pipeline\\Pipeline->Illuminate\\Pipeline\\{closure}()
#14 /home/agstudiodiital/public_html/magia/vendor/laravel/framework/src/Illuminate/Pipeline/Pipeline.php(183): App\\Http\\Middleware\\VerificaTipoUtente->handle()
#15 /home/agstudiodiital/public_html/magia/vendor/laravel/framework/src/Illuminate/Routing/Middleware/SubstituteBindings.php(50): Illuminate\\Pipeline\\Pipeline->Illuminate\\Pipeline\\{closure}()
#16 /home/agstudiodiital/public_html/magia/vendor/laravel/framework/src/Illuminate/Pipeline/Pipeline.php(183): Illuminate\\Routing\\Middleware\\SubstituteBindings->handle()
#17 /home/agstudiodiital/public_html/magia/vendor/laravel/framework/src/Illuminate/Auth/Middleware/Authenticate.php(57): Illuminate\\Pipeline\\Pipeline->Illuminate\\Pipeline\\{closure}()
#18 /home/agstudiodiital/public_html/magia/vendor/laravel/framework/src/Illuminate/Pipeline/Pipeline.php(183): Illuminate\\Auth\\Middleware\\Authenticate->handle()
#19 /home/agstudiodiital/public_html/magia/vendor/laravel/framework/src/Illuminate/Foundation/Http/Middleware/VerifyCsrfToken.php(78): Illuminate\\Pipeline\\Pipeline->Illuminate\\Pipeline\\{closure}()
#20 /home/agstudiodiital/public_html/magia/vendor/laravel/framework/src/Illuminate/Pipeline/Pipeline.php(183): Illuminate\\Foundation\\Http\\Middleware\\VerifyCsrfToken->handle()
#21 /home/agstudiodiital/public_html/magia/vendor/laravel/framework/src/Illuminate/View/Middleware/ShareErrorsFromSession.php(49): Illuminate\\Pipeline\\Pipeline->Illuminate\\Pipeline\\{closure}()
#22 /home/agstudiodiital/public_html/magia/vendor/laravel/framework/src/Illuminate/Pipeline/Pipeline.php(183): Illuminate\\View\\Middleware\\ShareErrorsFromSession->handle()
#23 /home/agstudiodiital/public_html/magia/vendor/laravel/framework/src/Illuminate/Session/Middleware/StartSession.php(121): Illuminate\\Pipeline\\Pipeline->Illuminate\\Pipeline\\{closure}()
#24 /home/agstudiodiital/public_html/magia/vendor/laravel/framework/src/Illuminate/Session/Middleware/StartSession.php(64): Illuminate\\Session\\Middleware\\StartSession->handleStatefulRequest()
#25 /home/agstudiodiital/public_html/magia/vendor/laravel/framework/src/Illuminate/Pipeline/Pipeline.php(183): Illuminate\\Session\\Middleware\\StartSession->handle()
#26 /home/agstudiodiital/public_html/magia/vendor/laravel/framework/src/Illuminate/Cookie/Middleware/AddQueuedCookiesToResponse.php(37): Illuminate\\Pipeline\\Pipeline->Illuminate\\Pipeline\\{closure}()
#27 /home/agstudiodiital/public_html/magia/vendor/laravel/framework/src/Illuminate/Pipeline/Pipeline.php(183): Illuminate\\Cookie\\Middleware\\AddQueuedCookiesToResponse->handle()
#28 /home/agstudiodiital/public_html/magia/vendor/laravel/framework/src/Illuminate/Cookie/Middleware/EncryptCookies.php(67): Illuminate\\Pipeline\\Pipeline->Illuminate\\Pipeline\\{closure}()
#29 /home/agstudiodiital/public_html/magia/vendor/laravel/framework/src/Illuminate/Pipeline/Pipeline.php(183): Illuminate\\Cookie\\Middleware\\EncryptCookies->handle()
#30 /home/agstudiodiital/public_html/magia/vendor/laravel/framework/src/Illuminate/Pipeline/Pipeline.php(119): Illuminate\\Pipeline\\Pipeline->Illuminate\\Pipeline\\{closure}()
#31 /home/agstudiodiital/public_html/magia/vendor/laravel/framework/src/Illuminate/Routing/Router.php(807): Illuminate\\Pipeline\\Pipeline->then()
#32 /home/agstudiodiital/public_html/magia/vendor/laravel/framework/src/Illuminate/Routing/Router.php(784): Illuminate\\Routing\\Router->runRouteWithinStack()
#33 /home/agstudiodiital/public_html/magia/vendor/laravel/framework/src/Illuminate/Routing/Router.php(748): Illuminate\\Routing\\Router->runRoute()
#34 /home/agstudiodiital/public_html/magia/vendor/laravel/framework/src/Illuminate/Routing/Router.php(737): Illuminate\\Routing\\Router->dispatchToRoute()
#35 /home/agstudiodiital/public_html/magia/vendor/laravel/framework/src/Illuminate/Foundation/Http/Kernel.php(200): Illuminate\\Routing\\Router->dispatch()
#36 /home/agstudiodiital/public_html/magia/vendor/laravel/framework/src/Illuminate/Pipeline/Pipeline.php(144): Illuminate\\Foundation\\Http\\Kernel->Illuminate\\Foundation\\Http\\{closure}()
#37 /home/agstudiodiital/public_html/magia/vendor/laravel/framework/src/Illuminate/Foundation/Http/Middleware/TransformsRequest.php(21): Illuminate\\Pipeline\\Pipeline->Illuminate\\Pipeline\\{closure}()
#38 /home/agstudiodiital/public_html/magia/vendor/laravel/framework/src/Illuminate/Foundation/Http/Middleware/ConvertEmptyStringsToNull.php(31): Illuminate\\Foundation\\Http\\Middleware\\TransformsRequest->handle()
#39 /home/agstudiodiital/public_html/magia/vendor/laravel/framework/src/Illuminate/Pipeline/Pipeline.php(183): Illuminate\\Foundation\\Http\\Middleware\\ConvertEmptyStringsToNull->handle()
#40 /home/agstudiodiital/public_html/magia/vendor/laravel/framework/src/Illuminate/Foundation/Http/Middleware/TransformsRequest.php(21): Illuminate\\Pipeline\\Pipeline->Illuminate\\Pipeline\\{closure}()
#41 /home/agstudiodiital/public_html/magia/vendor/laravel/framework/src/Illuminate/Foundation/Http/Middleware/TrimStrings.php(40): Illuminate\\Foundation\\Http\\Middleware\\TransformsRequest->handle()
#42 /home/agstudiodiital/public_html/magia/vendor/laravel/framework/src/Illuminate/Pipeline/Pipeline.php(183): Illuminate\\Foundation\\Http\\Middleware\\TrimStrings->handle()
#43 /home/agstudiodiital/public_html/magia/vendor/laravel/framework/src/Illuminate/Foundation/Http/Middleware/ValidatePostSize.php(27): Illuminate\\Pipeline\\Pipeline->Illuminate\\Pipeline\\{closure}()
#44 /home/agstudiodiital/public_html/magia/vendor/laravel/framework/src/Illuminate/Pipeline/Pipeline.php(183): Illuminate\\Foundation\\Http\\Middleware\\ValidatePostSize->handle()
#45 /home/agstudiodiital/public_html/magia/vendor/laravel/framework/src/Illuminate/Foundation/Http/Middleware/PreventRequestsDuringMaintenance.php(99): Illuminate\\Pipeline\\Pipeline->Illuminate\\Pipeline\\{closure}()
#46 /home/agstudiodiital/public_html/magia/vendor/laravel/framework/src/Illuminate/Pipeline/Pipeline.php(183): Illuminate\\Foundation\\Http\\Middleware\\PreventRequestsDuringMaintenance->handle()
#47 /home/agstudiodiital/public_html/magia/vendor/laravel/framework/src/Illuminate/Http/Middleware/HandleCors.php(49): Illuminate\\Pipeline\\Pipeline->Illuminate\\Pipeline\\{closure}()
#48 /home/agstudiodiital/public_html/magia/vendor/laravel/framework/src/Illuminate/Pipeline/Pipeline.php(183): Illuminate\\Http\\Middleware\\HandleCors->handle()
#49 /home/agstudiodiital/public_html/magia/vendor/laravel/framework/src/Illuminate/Http/Middleware/TrustProxies.php(39): Illuminate\\Pipeline\\Pipeline->Illuminate\\Pipeline\\{closure}()
#50 /home/agstudiodiital/public_html/magia/vendor/laravel/framework/src/Illuminate/Pipeline/Pipeline.php(183): Illuminate\\Http\\Middleware\\TrustProxies->handle()
#51 /home/agstudiodiital/public_html/magia/vendor/laravel/framework/src/Illuminate/Pipeline/Pipeline.php(119): Illuminate\\Pipeline\\Pipeline->Illuminate\\Pipeline\\{closure}()
#52 /home/agstudiodiital/public_html/magia/vendor/laravel/framework/src/Illuminate/Foundation/Http/Kernel.php(175): Illuminate\\Pipeline\\Pipeline->then()
#53 /home/agstudiodiital/public_html/magia/vendor/laravel/framework/src/Illuminate/Foundation/Http/Kernel.php(144): Illuminate\\Foundation\\Http\\Kernel->sendRequestThroughRouter()
#54 /home/agstudiodiital/public_html/magia/public/index.php(52): Illuminate\\Foundation\\Http\\Kernel->handle()
#55 {main}

[previous exception] [object] (ErrorException(code: 0): Undefined variable $totaleClienti at /home/agstudiodiital/public_html/magia/storage/framework/views/a75176e0b179937379418d239b49e383.php:14)
[stacktrace]
#0 /home/agstudiodiital/public_html/magia/vendor/laravel/framework/src/Illuminate/Foundation/Bootstrap/HandleExceptions.php(255): Illuminate\\Foundation\\Bootstrap\\HandleExceptions->handleError()
#1 /home/agstudiodiital/public_html/magia/storage/framework/views/a75176e0b179937379418d239b49e383.php(14): Illuminate\\Foundation\\Bootstrap\\HandleExceptions->Illuminate\\Foundation\\Bootstrap\\{closure}()
#2 /home/agstudiodiital/public_html/magia/vendor/laravel/framework/src/Illuminate/Filesystem/Filesystem.php(123): require('/home/agstudiod...')
#3 /home/agstudiodiital/public_html/magia/vendor/laravel/framework/src/Illuminate/Filesystem/Filesystem.php(124): Illuminate\\Filesystem\\Filesystem::Illuminate\\Filesystem\\{closure}()
#4 /home/agstudiodiital/public_html/magia/vendor/laravel/framework/src/Illuminate/View/Engines/PhpEngine.php(58): Illuminate\\Filesystem\\Filesystem->getRequire()
#5 /home/agstudiodiital/public_html/magia/vendor/laravel/framework/src/Illuminate/View/Engines/CompilerEngine.php(72): Illuminate\\View\\Engines\\PhpEngine->evaluatePath()
#6 /home/agstudiodiital/public_html/magia/vendor/laravel/framework/src/Illuminate/View/View.php(207): Illuminate\\View\\Engines\\CompilerEngine->get()
#7 /home/agstudiodiital/public_html/magia/vendor/laravel/framework/src/Illuminate/View/View.php(190): Illuminate\\View\\View->getContents()
#8 /home/agstudiodiital/public_html/magia/vendor/laravel/framework/src/Illuminate/View/View.php(159): Illuminate\\View\\View->renderContents()
#9 /home/agstudiodiital/public_html/magia/vendor/laravel/framework/src/Illuminate/Http/Response.php(69): Illuminate\\View\\View->render()
#10 /home/agstudiodiital/public_html/magia/vendor/laravel/framework/src/Illuminate/Http/Response.php(35): Illuminate\\Http\\Response->setContent()
#11 /home/agstudiodiital/public_html/magia/vendor/laravel/framework/src/Illuminate/Routing/Router.php(918): Illuminate\\Http\\Response->__construct()
#12 /home/agstudiodiital/public_html/magia/vendor/laravel/framework/src/Illuminate/Routing/Router.php(885): Illuminate\\Routing\\Router::toResponse()
#13 /home/agstudiodiital/public_html/magia/vendor/laravel/framework/src/Illuminate/Routing/Router.php(806): Illuminate\\Routing\\Router->prepareResponse()
#14 /home/agstudiodiital/public_html/magia/vendor/laravel/framework/src/Illuminate/Pipeline/Pipeline.php(144): Illuminate\\Routing\\Router->Illuminate\\Routing\\{closure}()
#15 /home/agstudiodiital/public_html/magia/app/Http/Middleware/VerificaTipoUtente.php(53): Illuminate\\Pipeline\\Pipeline->Illuminate\\Pipeline\\{closure}()
#16 /home/agstudiodiital/public_html/magia/vendor/laravel/framework/src/Illuminate/Pipeline/Pipeline.php(183): App\\Http\\Middleware\\VerificaTipoUtente->handle()
#17 /home/agstudiodiital/public_html/magia/vendor/laravel/framework/src/Illuminate/Routing/Middleware/SubstituteBindings.php(50): Illuminate\\Pipeline\\Pipeline->Illuminate\\Pipeline\\{closure}()
#18 /home/agstudiodiital/public_html/magia/vendor/laravel/framework/src/Illuminate/Pipeline/Pipeline.php(183): Illuminate\\Routing\\Middleware\\SubstituteBindings->handle()
#19 /home/agstudiodiital/public_html/magia/vendor/laravel/framework/src/Illuminate/Auth/Middleware/Authenticate.php(57): Illuminate\\Pipeline\\Pipeline->Illuminate\\Pipeline\\{closure}()
#20 /home/agstudiodiital/public_html/magia/vendor/laravel/framework/src/Illuminate/Pipeline/Pipeline.php(183): Illuminate\\Auth\\Middleware\\Authenticate->handle()
#21 /home/agstudiodiital/public_html/magia/vendor/laravel/framework/src/Illuminate/Foundation/Http/Middleware/VerifyCsrfToken.php(78): Illuminate\\Pipeline\\Pipeline->Illuminate\\Pipeline\\{closure}()
#22 /home/agstudiodiital/public_html/magia/vendor/laravel/framework/src/Illuminate/Pipeline/Pipeline.php(183): Illuminate\\Foundation\\Http\\Middleware\\VerifyCsrfToken->handle()
#23 /home/agstudiodiital/public_html/magia/vendor/laravel/framework/src/Illuminate/View/Middleware/ShareErrorsFromSession.php(49): Illuminate\\Pipeline\\Pipeline->Illuminate\\Pipeline\\{closure}()
#24 /home/agstudiodiital/public_html/magia/vendor/laravel/framework/src/Illuminate/Pipeline/Pipeline.php(183): Illuminate\\View\\Middleware\\ShareErrorsFromSession->handle()
#25 /home/agstudiodiital/public_html/magia/vendor/laravel/framework/src/Illuminate/Session/Middleware/StartSession.php(121): Illuminate\\Pipeline\\Pipeline->Illuminate\\Pipeline\\{closure}()
#26 /home/agstudiodiital/public_html/magia/vendor/laravel/framework/src/Illuminate/Session/Middleware/StartSession.php(64): Illuminate\\Session\\Middleware\\StartSession->handleStatefulRequest()
#27 /home/agstudiodiital/public_html/magia/vendor/laravel/framework/src/Illuminate/Pipeline/Pipeline.php(183): Illuminate\\Session\\Middleware\\StartSession->handle()
#28 /home/agstudiodiital/public_html/magia/vendor/laravel/framework/src/Illuminate/Cookie/Middleware/AddQueuedCookiesToResponse.php(37): Illuminate\\Pipeline\\Pipeline->Illuminate\\Pipeline\\{closure}()
#29 /home/agstudiodiital/public_html/magia/vendor/laravel/framework/src/Illuminate/Pipeline/Pipeline.php(183): Illuminate\\Cookie\\Middleware\\AddQueuedCookiesToResponse->handle()
#30 /home/agstudiodiital/public_html/magia/vendor/laravel/framework/src/Illuminate/Cookie/Middleware/EncryptCookies.php(67): Illuminate\\Pipeline\\Pipeline->Illuminate\\Pipeline\\{closure}()
#31 /home/agstudiodiital/public_html/magia/vendor/laravel/framework/src/Illuminate/Pipeline/Pipeline.php(183): Illuminate\\Cookie\\Middleware\\EncryptCookies->handle()
#32 /home/agstudiodiital/public_html/magia/vendor/laravel/framework/src/Illuminate/Pipeline/Pipeline.php(119): Illuminate\\Pipeline\\Pipeline->Illuminate\\Pipeline\\{closure}()
#33 /home/agstudiodiital/public_html/magia/vendor/laravel/framework/src/Illuminate/Routing/Router.php(807): Illuminate\\Pipeline\\Pipeline->then()
#34 /home/agstudiodiital/public_html/magia/vendor/laravel/framework/src/Illuminate/Routing/Router.php(784): Illuminate\\Routing\\Router->runRouteWithinStack()
#35 /home/agstudiodiital/public_html/magia/vendor/laravel/framework/src/Illuminate/Routing/Router.php(748): Illuminate\\Routing\\Router->runRoute()
#36 /home/agstudiodiital/public_html/magia/vendor/laravel/framework/src/Illuminate/Routing/Router.php(737): Illuminate\\Routing\\Router->dispatchToRoute()
#37 /home/agstudiodiital/public_html/magia/vendor/laravel/framework/src/Illuminate/Foundation/Http/Kernel.php(200): Illuminate\\Routing\\Router->dispatch()
#38 /home/agstudiodiital/public_html/magia/vendor/laravel/framework/src/Illuminate/Pipeline/Pipeline.php(144): Illuminate\\Foundation\\Http\\Kernel->Illuminate\\Foundation\\Http\\{closure}()
#39 /home/agstudiodiital/public_html/magia/vendor/laravel/framework/src/Illuminate/Foundation/Http/Middleware/TransformsRequest.php(21): Illuminate\\Pipeline\\Pipeline->Illuminate\\Pipeline\\{closure}()
#40 /home/agstudiodiital/public_html/magia/vendor/laravel/framework/src/Illuminate/Foundation/Http/Middleware/ConvertEmptyStringsToNull.php(31): Illuminate\\Foundation\\Http\\Middleware\\TransformsRequest->handle()
#41 /home/agstudiodiital/public_html/magia/vendor/laravel/framework/src/Illuminate/Pipeline/Pipeline.php(183): Illuminate\\Foundation\\Http\\Middleware\\ConvertEmptyStringsToNull->handle()
#42 /home/agstudiodiital/public_html/magia/vendor/laravel/framework/src/Illuminate/Foundation/Http/Middleware/TransformsRequest.php(21): Illuminate\\Pipeline\\Pipeline->Illuminate\\Pipeline\\{closure}()
#43 /home/agstudiodiital/public_html/magia/vendor/laravel/framework/src/Illuminate/Foundation/Http/Middleware/TrimStrings.php(40): Illuminate\\Foundation\\Http\\Middleware\\TransformsRequest->handle()
#44 /home/agstudiodiital/public_html/magia/vendor/laravel/framework/src/Illuminate/Pipeline/Pipeline.php(183): Illuminate\\Foundation\\Http\\Middleware\\TrimStrings->handle()
#45 /home/agstudiodiital/public_html/magia/vendor/laravel/framework/src/Illuminate/Foundation/Http/Middleware/ValidatePostSize.php(27): Illuminate\\Pipeline\\Pipeline->Illuminate\\Pipeline\\{closure}()
#46 /home/agstudiodiital/public_html/magia/vendor/laravel/framework/src/Illuminate/Pipeline/Pipeline.php(183): Illuminate\\Foundation\\Http\\Middleware\\ValidatePostSize->handle()
#47 /home/agstudiodiital/public_html/magia/vendor/laravel/framework/src/Illuminate/Foundation/Http/Middleware/PreventRequestsDuringMaintenance.php(99): Illuminate\\Pipeline\\Pipeline->Illuminate\\Pipeline\\{closure}()
#48 /home/agstudiodiital/public_html/magia/vendor/laravel/framework/src/Illuminate/Pipeline/Pipeline.php(183): Illuminate\\Foundation\\Http\\Middleware\\PreventRequestsDuringMaintenance->handle()
#49 /home/agstudiodiital/public_html/magia/vendor/laravel/framework/src/Illuminate/Http/Middleware/HandleCors.php(49): Illuminate\\Pipeline\\Pipeline->Illuminate\\Pipeline\\{closure}()
#50 /home/agstudiodiital/public_html/magia/vendor/laravel/framework/src/Illuminate/Pipeline/Pipeline.php(183): Illuminate\\Http\\Middleware\\HandleCors->handle()
#51 /home/agstudiodiital/public_html/magia/vendor/laravel/framework/src/Illuminate/Http/Middleware/TrustProxies.php(39): Illuminate\\Pipeline\\Pipeline->Illuminate\\Pipeline\\{closure}()
#52 /home/agstudiodiital/public_html/magia/vendor/laravel/framework/src/Illuminate/Pipeline/Pipeline.php(183): Illuminate\\Http\\Middleware\\TrustProxies->handle()
#53 /home/agstudiodiital/public_html/magia/vendor/laravel/framework/src/Illuminate/Pipeline/Pipeline.php(119): Illuminate\\Pipeline\\Pipeline->Illuminate\\Pipeline\\{closure}()
#54 /home/agstudiodiital/public_html/magia/vendor/laravel/framework/src/Illuminate/Foundation/Http/Kernel.php(175): Illuminate\\Pipeline\\Pipeline->then()
#55 /home/agstudiodiital/public_html/magia/vendor/laravel/framework/src/Illuminate/Foundation/Http/Kernel.php(144): Illuminate\\Foundation\\Http\\Kernel->sendRequestThroughRouter()
#56 /home/agstudiodiital/public_html/magia/public/index.php(52): Illuminate\\Foundation\\Http\\Kernel->handle()
#57 {main}
"} 
[2025-11-10 09:03:03] production.ERROR: Route [cliente.login.post] not defined. {"view":{"view":"/home/agstudiodiital/public_html/magia/resources/views/cliente/auth/login.blade.php","data":[]},"userId":1,"exception":"[object] (Spatie\\LaravelIgnition\\Exceptions\\ViewException(code: 0): Route [cliente.login.post] not defined. at /home/agstudiodiital/public_html/magia/vendor/laravel/framework/src/Illuminate/Routing/UrlGenerator.php:477)
[stacktrace]
#0 /home/agstudiodiital/public_html/magia/vendor/laravel/framework/src/Illuminate/Foundation/helpers.php(811): Illuminate\\Routing\\UrlGenerator->route()
#1 /home/agstudiodiital/public_html/magia/resources/views/cliente/auth/login.blade.php(28): route()
#2 /home/agstudiodiital/public_html/magia/vendor/laravel/framework/src/Illuminate/Filesystem/Filesystem.php(123): require('/home/agstudiod...')
#3 /home/agstudiodiital/public_html/magia/vendor/laravel/framework/src/Illuminate/Filesystem/Filesystem.php(124): Illuminate\\Filesystem\\Filesystem::Illuminate\\Filesystem\\{closure}()
#4 /home/agstudiodiital/public_html/magia/vendor/laravel/framework/src/Illuminate/View/Engines/PhpEngine.php(58): Illuminate\\Filesystem\\Filesystem->getRequire()
#5 /home/agstudiodiital/public_html/magia/vendor/laravel/framework/src/Illuminate/View/Engines/CompilerEngine.php(72): Illuminate\\View\\Engines\\PhpEngine->evaluatePath()
#6 /home/agstudiodiital/public_html/magia/vendor/laravel/framework/src/Illuminate/View/View.php(207): Illuminate\\View\\Engines\\CompilerEngine->get()
#7 /home/agstudiodiital/public_html/magia/vendor/laravel/framework/src/Illuminate/View/View.php(190): Illuminate\\View\\View->getContents()
#8 /home/agstudiodiital/public_html/magia/vendor/laravel/framework/src/Illuminate/View/View.php(159): Illuminate\\View\\View->renderContents()
#9 /home/agstudiodiital/public_html/magia/vendor/laravel/framework/src/Illuminate/Http/Response.php(69): Illuminate\\View\\View->render()
#10 /home/agstudiodiital/public_html/magia/vendor/laravel/framework/src/Illuminate/Http/Response.php(35): Illuminate\\Http\\Response->setContent()
#11 /home/agstudiodiital/public_html/magia/vendor/laravel/framework/src/Illuminate/Routing/Router.php(918): Illuminate\\Http\\Response->__construct()
#12 /home/agstudiodiital/public_html/magia/vendor/laravel/framework/src/Illuminate/Routing/Router.php(885): Illuminate\\Routing\\Router::toResponse()
#13 /home/agstudiodiital/public_html/magia/vendor/laravel/framework/src/Illuminate/Routing/Router.php(806): Illuminate\\Routing\\Router->prepareResponse()
#14 /home/agstudiodiital/public_html/magia/vendor/laravel/framework/src/Illuminate/Pipeline/Pipeline.php(144): Illuminate\\Routing\\Router->Illuminate\\Routing\\{closure}()
#15 /home/agstudiodiital/public_html/magia/vendor/laravel/framework/src/Illuminate/Routing/Middleware/SubstituteBindings.php(50): Illuminate\\Pipeline\\Pipeline->Illuminate\\Pipeline\\{closure}()
#16 /home/agstudiodiital/public_html/magia/vendor/laravel/framework/src/Illuminate/Pipeline/Pipeline.php(183): Illuminate\\Routing\\Middleware\\SubstituteBindings->handle()
#17 /home/agstudiodiital/public_html/magia/vendor/laravel/framework/src/Illuminate/Foundation/Http/Middleware/VerifyCsrfToken.php(78): Illuminate\\Pipeline\\Pipeline->Illuminate\\Pipeline\\{closure}()
#18 /home/agstudiodiital/public_html/magia/vendor/laravel/framework/src/Illuminate/Pipeline/Pipeline.php(183): Illuminate\\Foundation\\Http\\Middleware\\VerifyCsrfToken->handle()
#19 /home/agstudiodiital/public_html/magia/vendor/laravel/framework/src/Illuminate/View/Middleware/ShareErrorsFromSession.php(49): Illuminate\\Pipeline\\Pipeline->Illuminate\\Pipeline\\{closure}()
#20 /home/agstudiodiital/public_html/magia/vendor/laravel/framework/src/Illuminate/Pipeline/Pipeline.php(183): Illuminate\\View\\Middleware\\ShareErrorsFromSession->handle()
#21 /home/agstudiodiital/public_html/magia/vendor/laravel/framework/src/Illuminate/Session/Middleware/StartSession.php(121): Illuminate\\Pipeline\\Pipeline->Illuminate\\Pipeline\\{closure}()
#22 /home/agstudiodiital/public_html/magia/vendor/laravel/framework/src/Illuminate/Session/Middleware/StartSession.php(64): Illuminate\\Session\\Middleware\\StartSession->handleStatefulRequest()
#23 /home/agstudiodiital/public_html/magia/vendor/laravel/framework/src/Illuminate/Pipeline/Pipeline.php(183): Illuminate\\Session\\Middleware\\StartSession->handle()
#24 /home/agstudiodiital/public_html/magia/vendor/laravel/framework/src/Illuminate/Cookie/Middleware/AddQueuedCookiesToResponse.php(37): Illuminate\\Pipeline\\Pipeline->Illuminate\\Pipeline\\{closure}()
#25 /home/agstudiodiital/public_html/magia/vendor/laravel/framework/src/Illuminate/Pipeline/Pipeline.php(183): Illuminate\\Cookie\\Middleware\\AddQueuedCookiesToResponse->handle()
#26 /home/agstudiodiital/public_html/magia/vendor/laravel/framework/src/Illuminate/Cookie/Middleware/EncryptCookies.php(67): Illuminate\\Pipeline\\Pipeline->Illuminate\\Pipeline\\{closure}()
#27 /home/agstudiodiital/public_html/magia/vendor/laravel/framework/src/Illuminate/Pipeline/Pipeline.php(183): Illuminate\\Cookie\\Middleware\\EncryptCookies->handle()
#28 /home/agstudiodiital/public_html/magia/vendor/laravel/framework/src/Illuminate/Pipeline/Pipeline.php(119): Illuminate\\Pipeline\\Pipeline->Illuminate\\Pipeline\\{closure}()
#29 /home/agstudiodiital/public_html/magia/vendor/laravel/framework/src/Illuminate/Routing/Router.php(807): Illuminate\\Pipeline\\Pipeline->then()
#30 /home/agstudiodiital/public_html/magia/vendor/laravel/framework/src/Illuminate/Routing/Router.php(784): Illuminate\\Routing\\Router->runRouteWithinStack()
#31 /home/agstudiodiital/public_html/magia/vendor/laravel/framework/src/Illuminate/Routing/Router.php(748): Illuminate\\Routing\\Router->runRoute()
#32 /home/agstudiodiital/public_html/magia/vendor/laravel/framework/src/Illuminate/Routing/Router.php(737): Illuminate\\Routing\\Router->dispatchToRoute()
#33 /home/agstudiodiital/public_html/magia/vendor/laravel/framework/src/Illuminate/Foundation/Http/Kernel.php(200): Illuminate\\Routing\\Router->dispatch()
#34 /home/agstudiodiital/public_html/magia/vendor/laravel/framework/src/Illuminate/Pipeline/Pipeline.php(144): Illuminate\\Foundation\\Http\\Kernel->Illuminate\\Foundation\\Http\\{closure}()
#35 /home/agstudiodiital/public_html/magia/vendor/laravel/framework/src/Illuminate/Foundation/Http/Middleware/TransformsRequest.php(21): Illuminate\\Pipeline\\Pipeline->Illuminate\\Pipeline\\{closure}()
#36 /home/agstudiodiital/public_html/magia/vendor/laravel/framework/src/Illuminate/Foundation/Http/Middleware/ConvertEmptyStringsToNull.php(31): Illuminate\\Foundation\\Http\\Middleware\\TransformsRequest->handle()
#37 /home/agstudiodiital/public_html/magia/vendor/laravel/framework/src/Illuminate/Pipeline/Pipeline.php(183): Illuminate\\Foundation\\Http\\Middleware\\ConvertEmptyStringsToNull->handle()
#38 /home/agstudiodiital/public_html/magia/vendor/laravel/framework/src/Illuminate/Foundation/Http/Middleware/TransformsRequest.php(21): Illuminate\\Pipeline\\Pipeline->Illuminate\\Pipeline\\{closure}()
#39 /home/agstudiodiital/public_html/magia/vendor/laravel/framework/src/Illuminate/Foundation/Http/Middleware/TrimStrings.php(40): Illuminate\\Foundation\\Http\\Middleware\\TransformsRequest->handle()
#40 /home/agstudiodiital/public_html/magia/vendor/laravel/framework/src/Illuminate/Pipeline/Pipeline.php(183): Illuminate\\Foundation\\Http\\Middleware\\TrimStrings->handle()
#41 /home/agstudiodiital/public_html/magia/vendor/laravel/framework/src/Illuminate/Foundation/Http/Middleware/ValidatePostSize.php(27): Illuminate\\Pipeline\\Pipeline->Illuminate\\Pipeline\\{closure}()
#42 /home/agstudiodiital/public_html/magia/vendor/laravel/framework/src/Illuminate/Pipeline/Pipeline.php(183): Illuminate\\Foundation\\Http\\Middleware\\ValidatePostSize->handle()
#43 /home/agstudiodiital/public_html/magia/vendor/laravel/framework/src/Illuminate/Foundation/Http/Middleware/PreventRequestsDuringMaintenance.php(99): Illuminate\\Pipeline\\Pipeline->Illuminate\\Pipeline\\{closure}()
#44 /home/agstudiodiital/public_html/magia/vendor/laravel/framework/src/Illuminate/Pipeline/Pipeline.php(183): Illuminate\\Foundation\\Http\\Middleware\\PreventRequestsDuringMaintenance->handle()
#45 /home/agstudiodiital/public_html/magia/vendor/laravel/framework/src/Illuminate/Http/Middleware/HandleCors.php(49): Illuminate\\Pipeline\\Pipeline->Illuminate\\Pipeline\\{closure}()
#46 /home/agstudiodiital/public_html/magia/vendor/laravel/framework/src/Illuminate/Pipeline/Pipeline.php(183): Illuminate\\Http\\Middleware\\HandleCors->handle()
#47 /home/agstudiodiital/public_html/magia/vendor/laravel/framework/src/Illuminate/Http/Middleware/TrustProxies.php(39): Illuminate\\Pipeline\\Pipeline->Illuminate\\Pipeline\\{closure}()
#48 /home/agstudiodiital/public_html/magia/vendor/laravel/framework/src/Illuminate/Pipeline/Pipeline.php(183): Illuminate\\Http\\Middleware\\TrustProxies->handle()
#49 /home/agstudiodiital/public_html/magia/vendor/laravel/framework/src/Illuminate/Pipeline/Pipeline.php(119): Illuminate\\Pipeline\\Pipeline->Illuminate\\Pipeline\\{closure}()
#50 /home/agstudiodiital/public_html/magia/vendor/laravel/framework/src/Illuminate/Foundation/Http/Kernel.php(175): Illuminate\\Pipeline\\Pipeline->then()
#51 /home/agstudiodiital/public_html/magia/vendor/laravel/framework/src/Illuminate/Foundation/Http/Kernel.php(144): Illuminate\\Foundation\\Http\\Kernel->sendRequestThroughRouter()
#52 /home/agstudiodiital/public_html/magia/public/index.php(52): Illuminate\\Foundation\\Http\\Kernel->handle()
#53 {main}

[previous exception] [object] (Symfony\\Component\\Routing\\Exception\\RouteNotFoundException(code: 0): Route [cliente.login.post] not defined. at /home/agstudiodiital/public_html/magia/vendor/laravel/framework/src/Illuminate/Routing/UrlGenerator.php:477)
[stacktrace]
#0 /home/agstudiodiital/public_html/magia/vendor/laravel/framework/src/Illuminate/Foundation/helpers.php(811): Illuminate\\Routing\\UrlGenerator->route()
#1 /home/agstudiodiital/public_html/magia/storage/framework/views/cee29ebe62faec6589c7b498ca32989b.php(26): route()
#2 /home/agstudiodiital/public_html/magia/vendor/laravel/framework/src/Illuminate/Filesystem/Filesystem.php(123): require('/home/agstudiod...')
#3 /home/agstudiodiital/public_html/magia/vendor/laravel/framework/src/Illuminate/Filesystem/Filesystem.php(124): Illuminate\\Filesystem\\Filesystem::Illuminate\\Filesystem\\{closure}()
#4 /home/agstudiodiital/public_html/magia/vendor/laravel/framework/src/Illuminate/View/Engines/PhpEngine.php(58): Illuminate\\Filesystem\\Filesystem->getRequire()
#5 /home/agstudiodiital/public_html/magia/vendor/laravel/framework/src/Illuminate/View/Engines/CompilerEngine.php(72): Illuminate\\View\\Engines\\PhpEngine->evaluatePath()
#6 /home/agstudiodiital/public_html/magia/vendor/laravel/framework/src/Illuminate/View/View.php(207): Illuminate\\View\\Engines\\CompilerEngine->get()
#7 /home/agstudiodiital/public_html/magia/vendor/laravel/framework/src/Illuminate/View/View.php(190): Illuminate\\View\\View->getContents()
#8 /home/agstudiodiital/public_html/magia/vendor/laravel/framework/src/Illuminate/View/View.php(159): Illuminate\\View\\View->renderContents()
#9 /home/agstudiodiital/public_html/magia/vendor/laravel/framework/src/Illuminate/Http/Response.php(69): Illuminate\\View\\View->render()
#10 /home/agstudiodiital/public_html/magia/vendor/laravel/framework/src/Illuminate/Http/Response.php(35): Illuminate\\Http\\Response->setContent()
#11 /home/agstudiodiital/public_html/magia/vendor/laravel/framework/src/Illuminate/Routing/Router.php(918): Illuminate\\Http\\Response->__construct()
#12 /home/agstudiodiital/public_html/magia/vendor/laravel/framework/src/Illuminate/Routing/Router.php(885): Illuminate\\Routing\\Router::toResponse()
#13 /home/agstudiodiital/public_html/magia/vendor/laravel/framework/src/Illuminate/Routing/Router.php(806): Illuminate\\Routing\\Router->prepareResponse()
#14 /home/agstudiodiital/public_html/magia/vendor/laravel/framework/src/Illuminate/Pipeline/Pipeline.php(144): Illuminate\\Routing\\Router->Illuminate\\Routing\\{closure}()
#15 /home/agstudiodiital/public_html/magia/vendor/laravel/framework/src/Illuminate/Routing/Middleware/SubstituteBindings.php(50): Illuminate\\Pipeline\\Pipeline->Illuminate\\Pipeline\\{closure}()
#16 /home/agstudiodiital/public_html/magia/vendor/laravel/framework/src/Illuminate/Pipeline/Pipeline.php(183): Illuminate\\Routing\\Middleware\\SubstituteBindings->handle()
#17 /home/agstudiodiital/public_html/magia/vendor/laravel/framework/src/Illuminate/Foundation/Http/Middleware/VerifyCsrfToken.php(78): Illuminate\\Pipeline\\Pipeline->Illuminate\\Pipeline\\{closure}()
#18 /home/agstudiodiital/public_html/magia/vendor/laravel/framework/src/Illuminate/Pipeline/Pipeline.php(183): Illuminate\\Foundation\\Http\\Middleware\\VerifyCsrfToken->handle()
#19 /home/agstudiodiital/public_html/magia/vendor/laravel/framework/src/Illuminate/View/Middleware/ShareErrorsFromSession.php(49): Illuminate\\Pipeline\\Pipeline->Illuminate\\Pipeline\\{closure}()
#20 /home/agstudiodiital/public_html/magia/vendor/laravel/framework/src/Illuminate/Pipeline/Pipeline.php(183): Illuminate\\View\\Middleware\\ShareErrorsFromSession->handle()
#21 /home/agstudiodiital/public_html/magia/vendor/laravel/framework/src/Illuminate/Session/Middleware/StartSession.php(121): Illuminate\\Pipeline\\Pipeline->Illuminate\\Pipeline\\{closure}()
#22 /home/agstudiodiital/public_html/magia/vendor/laravel/framework/src/Illuminate/Session/Middleware/StartSession.php(64): Illuminate\\Session\\Middleware\\StartSession->handleStatefulRequest()
#23 /home/agstudiodiital/public_html/magia/vendor/laravel/framework/src/Illuminate/Pipeline/Pipeline.php(183): Illuminate\\Session\\Middleware\\StartSession->handle()
#24 /home/agstudiodiital/public_html/magia/vendor/laravel/framework/src/Illuminate/Cookie/Middleware/AddQueuedCookiesToResponse.php(37): Illuminate\\Pipeline\\Pipeline->Illuminate\\Pipeline\\{closure}()
#25 /home/agstudiodiital/public_html/magia/vendor/laravel/framework/src/Illuminate/Pipeline/Pipeline.php(183): Illuminate\\Cookie\\Middleware\\AddQueuedCookiesToResponse->handle()
#26 /home/agstudiodiital/public_html/magia/vendor/laravel/framework/src/Illuminate/Cookie/Middleware/EncryptCookies.php(67): Illuminate\\Pipeline\\Pipeline->Illuminate\\Pipeline\\{closure}()
#27 /home/agstudiodiital/public_html/magia/vendor/laravel/framework/src/Illuminate/Pipeline/Pipeline.php(183): Illuminate\\Cookie\\Middleware\\EncryptCookies->handle()
#28 /home/agstudiodiital/public_html/magia/vendor/laravel/framework/src/Illuminate/Pipeline/Pipeline.php(119): Illuminate\\Pipeline\\Pipeline->Illuminate\\Pipeline\\{closure}()
#29 /home/agstudiodiital/public_html/magia/vendor/laravel/framework/src/Illuminate/Routing/Router.php(807): Illuminate\\Pipeline\\Pipeline->then()
#30 /home/agstudiodiital/public_html/magia/vendor/laravel/framework/src/Illuminate/Routing/Router.php(784): Illuminate\\Routing\\Router->runRouteWithinStack()
#31 /home/agstudiodiital/public_html/magia/vendor/laravel/framework/src/Illuminate/Routing/Router.php(748): Illuminate\\Routing\\Router->runRoute()
#32 /home/agstudiodiital/public_html/magia/vendor/laravel/framework/src/Illuminate/Routing/Router.php(737): Illuminate\\Routing\\Router->dispatchToRoute()
#33 /home/agstudiodiital/public_html/magia/vendor/laravel/framework/src/Illuminate/Foundation/Http/Kernel.php(200): Illuminate\\Routing\\Router->dispatch()
#34 /home/agstudiodiital/public_html/magia/vendor/laravel/framework/src/Illuminate/Pipeline/Pipeline.php(144): Illuminate\\Foundation\\Http\\Kernel->Illuminate\\Foundation\\Http\\{closure}()
#35 /home/agstudiodiital/public_html/magia/vendor/laravel/framework/src/Illuminate/Foundation/Http/Middleware/TransformsRequest.php(21): Illuminate\\Pipeline\\Pipeline->Illuminate\\Pipeline\\{closure}()
#36 /home/agstudiodiital/public_html/magia/vendor/laravel/framework/src/Illuminate/Foundation/Http/Middleware/ConvertEmptyStringsToNull.php(31): Illuminate\\Foundation\\Http\\Middleware\\TransformsRequest->handle()
#37 /home/agstudiodiital/public_html/magia/vendor/laravel/framework/src/Illuminate/Pipeline/Pipeline.php(183): Illuminate\\Foundation\\Http\\Middleware\\ConvertEmptyStringsToNull->handle()
#38 /home/agstudiodiital/public_html/magia/vendor/laravel/framework/src/Illuminate/Foundation/Http/Middleware/TransformsRequest.php(21): Illuminate\\Pipeline\\Pipeline->Illuminate\\Pipeline\\{closure}()
#39 /home/agstudiodiital/public_html/magia/vendor/laravel/framework/src/Illuminate/Foundation/Http/Middleware/TrimStrings.php(40): Illuminate\\Foundation\\Http\\Middleware\\TransformsRequest->handle()
#40 /home/agstudiodiital/public_html/magia/vendor/laravel/framework/src/Illuminate/Pipeline/Pipeline.php(183): Illuminate\\Foundation\\Http\\Middleware\\TrimStrings->handle()
#41 /home/agstudiodiital/public_html/magia/vendor/laravel/framework/src/Illuminate/Foundation/Http/Middleware/ValidatePostSize.php(27): Illuminate\\Pipeline\\Pipeline->Illuminate\\Pipeline\\{closure}()
#42 /home/agstudiodiital/public_html/magia/vendor/laravel/framework/src/Illuminate/Pipeline/Pipeline.php(183): Illuminate\\Foundation\\Http\\Middleware\\ValidatePostSize->handle()
#43 /home/agstudiodiital/public_html/magia/vendor/laravel/framework/src/Illuminate/Foundation/Http/Middleware/PreventRequestsDuringMaintenance.php(99): Illuminate\\Pipeline\\Pipeline->Illuminate\\Pipeline\\{closure}()
#44 /home/agstudiodiital/public_html/magia/vendor/laravel/framework/src/Illuminate/Pipeline/Pipeline.php(183): Illuminate\\Foundation\\Http\\Middleware\\PreventRequestsDuringMaintenance->handle()
#45 /home/agstudiodiital/public_html/magia/vendor/laravel/framework/src/Illuminate/Http/Middleware/HandleCors.php(49): Illuminate\\Pipeline\\Pipeline->Illuminate\\Pipeline\\{closure}()
#46 /home/agstudiodiital/public_html/magia/vendor/laravel/framework/src/Illuminate/Pipeline/Pipeline.php(183): Illuminate\\Http\\Middleware\\HandleCors->handle()
#47 /home/agstudiodiital/public_html/magia/vendor/laravel/framework/src/Illuminate/Http/Middleware/TrustProxies.php(39): Illuminate\\Pipeline\\Pipeline->Illuminate\\Pipeline\\{closure}()
#48 /home/agstudiodiital/public_html/magia/vendor/laravel/framework/src/Illuminate/Pipeline/Pipeline.php(183): Illuminate\\Http\\Middleware\\TrustProxies->handle()
#49 /home/agstudiodiital/public_html/magia/vendor/laravel/framework/src/Illuminate/Pipeline/Pipeline.php(119): Illuminate\\Pipeline\\Pipeline->Illuminate\\Pipeline\\{closure}()
#50 /home/agstudiodiital/public_html/magia/vendor/laravel/framework/src/Illuminate/Foundation/Http/Kernel.php(175): Illuminate\\Pipeline\\Pipeline->then()
#51 /home/agstudiodiital/public_html/magia/vendor/laravel/framework/src/Illuminate/Foundation/Http/Kernel.php(144): Illuminate\\Foundation\\Http\\Kernel->sendRequestThroughRouter()
#52 /home/agstudiodiital/public_html/magia/public/index.php(52): Illuminate\\Foundation\\Http\\Kernel->handle()
#53 {main}
"} 
[2025-11-10 09:05:46] production.ERROR: Undefined variable $totaleClienti {"view":{"view":"/home/agstudiodiital/public_html/magia/resources/views/admin/dashboard.blade.php","data":[]},"userId":1,"exception":"[object] (Spatie\\LaravelIgnition\\Exceptions\\ViewException(code: 0): Undefined variable $totaleClienti at /home/agstudiodiital/public_html/magia/resources/views/admin/dashboard.blade.php:16)
[stacktrace]
#0 /home/agstudiodiital/public_html/magia/vendor/laravel/framework/src/Illuminate/Filesystem/Filesystem.php(123): require('/home/agstudiod...')
#1 /home/agstudiodiital/public_html/magia/vendor/laravel/framework/src/Illuminate/Filesystem/Filesystem.php(124): Illuminate\\Filesystem\\Filesystem::Illuminate\\Filesystem\\{closure}()
#2 /home/agstudiodiital/public_html/magia/vendor/laravel/framework/src/Illuminate/View/Engines/PhpEngine.php(58): Illuminate\\Filesystem\\Filesystem->getRequire()
#3 /home/agstudiodiital/public_html/magia/vendor/laravel/framework/src/Illuminate/View/Engines/CompilerEngine.php(72): Illuminate\\View\\Engines\\PhpEngine->evaluatePath()
#4 /home/agstudiodiital/public_html/magia/vendor/laravel/framework/src/Illuminate/View/View.php(207): Illuminate\\View\\Engines\\CompilerEngine->get()
#5 /home/agstudiodiital/public_html/magia/vendor/laravel/framework/src/Illuminate/View/View.php(190): Illuminate\\View\\View->getContents()
#6 /home/agstudiodiital/public_html/magia/vendor/laravel/framework/src/Illuminate/View/View.php(159): Illuminate\\View\\View->renderContents()
#7 /home/agstudiodiital/public_html/magia/vendor/laravel/framework/src/Illuminate/Http/Response.php(69): Illuminate\\View\\View->render()
#8 /home/agstudiodiital/public_html/magia/vendor/laravel/framework/src/Illuminate/Http/Response.php(35): Illuminate\\Http\\Response->setContent()
#9 /home/agstudiodiital/public_html/magia/vendor/laravel/framework/src/Illuminate/Routing/Router.php(918): Illuminate\\Http\\Response->__construct()
#10 /home/agstudiodiital/public_html/magia/vendor/laravel/framework/src/Illuminate/Routing/Router.php(885): Illuminate\\Routing\\Router::toResponse()
#11 /home/agstudiodiital/public_html/magia/vendor/laravel/framework/src/Illuminate/Routing/Router.php(806): Illuminate\\Routing\\Router->prepareResponse()
#12 /home/agstudiodiital/public_html/magia/vendor/laravel/framework/src/Illuminate/Pipeline/Pipeline.php(144): Illuminate\\Routing\\Router->Illuminate\\Routing\\{closure}()
#13 /home/agstudiodiital/public_html/magia/app/Http/Middleware/VerificaTipoUtente.php(53): Illuminate\\Pipeline\\Pipeline->Illuminate\\Pipeline\\{closure}()
#14 /home/agstudiodiital/public_html/magia/vendor/laravel/framework/src/Illuminate/Pipeline/Pipeline.php(183): App\\Http\\Middleware\\VerificaTipoUtente->handle()
#15 /home/agstudiodiital/public_html/magia/vendor/laravel/framework/src/Illuminate/Routing/Middleware/SubstituteBindings.php(50): Illuminate\\Pipeline\\Pipeline->Illuminate\\Pipeline\\{closure}()
#16 /home/agstudiodiital/public_html/magia/vendor/laravel/framework/src/Illuminate/Pipeline/Pipeline.php(183): Illuminate\\Routing\\Middleware\\SubstituteBindings->handle()
#17 /home/agstudiodiital/public_html/magia/vendor/laravel/framework/src/Illuminate/Auth/Middleware/Authenticate.php(57): Illuminate\\Pipeline\\Pipeline->Illuminate\\Pipeline\\{closure}()
#18 /home/agstudiodiital/public_html/magia/vendor/laravel/framework/src/Illuminate/Pipeline/Pipeline.php(183): Illuminate\\Auth\\Middleware\\Authenticate->handle()
#19 /home/agstudiodiital/public_html/magia/vendor/laravel/framework/src/Illuminate/Foundation/Http/Middleware/VerifyCsrfToken.php(78): Illuminate\\Pipeline\\Pipeline->Illuminate\\Pipeline\\{closure}()
#20 /home/agstudiodiital/public_html/magia/vendor/laravel/framework/src/Illuminate/Pipeline/Pipeline.php(183): Illuminate\\Foundation\\Http\\Middleware\\VerifyCsrfToken->handle()
#21 /home/agstudiodiital/public_html/magia/vendor/laravel/framework/src/Illuminate/View/Middleware/ShareErrorsFromSession.php(49): Illuminate\\Pipeline\\Pipeline->Illuminate\\Pipeline\\{closure}()
#22 /home/agstudiodiital/public_html/magia/vendor/laravel/framework/src/Illuminate/Pipeline/Pipeline.php(183): Illuminate\\View\\Middleware\\ShareErrorsFromSession->handle()
#23 /home/agstudiodiital/public_html/magia/vendor/laravel/framework/src/Illuminate/Session/Middleware/StartSession.php(121): Illuminate\\Pipeline\\Pipeline->Illuminate\\Pipeline\\{closure}()
#24 /home/agstudiodiital/public_html/magia/vendor/laravel/framework/src/Illuminate/Session/Middleware/StartSession.php(64): Illuminate\\Session\\Middleware\\StartSession->handleStatefulRequest()
#25 /home/agstudiodiital/public_html/magia/vendor/laravel/framework/src/Illuminate/Pipeline/Pipeline.php(183): Illuminate\\Session\\Middleware\\StartSession->handle()
#26 /home/agstudiodiital/public_html/magia/vendor/laravel/framework/src/Illuminate/Cookie/Middleware/AddQueuedCookiesToResponse.php(37): Illuminate\\Pipeline\\Pipeline->Illuminate\\Pipeline\\{closure}()
#27 /home/agstudiodiital/public_html/magia/vendor/laravel/framework/src/Illuminate/Pipeline/Pipeline.php(183): Illuminate\\Cookie\\Middleware\\AddQueuedCookiesToResponse->handle()
#28 /home/agstudiodiital/public_html/magia/vendor/laravel/framework/src/Illuminate/Cookie/Middleware/EncryptCookies.php(67): Illuminate\\Pipeline\\Pipeline->Illuminate\\Pipeline\\{closure}()
#29 /home/agstudiodiital/public_html/magia/vendor/laravel/framework/src/Illuminate/Pipeline/Pipeline.php(183): Illuminate\\Cookie\\Middleware\\EncryptCookies->handle()
#30 /home/agstudiodiital/public_html/magia/vendor/laravel/framework/src/Illuminate/Pipeline/Pipeline.php(119): Illuminate\\Pipeline\\Pipeline->Illuminate\\Pipeline\\{closure}()
#31 /home/agstudiodiital/public_html/magia/vendor/laravel/framework/src/Illuminate/Routing/Router.php(807): Illuminate\\Pipeline\\Pipeline->then()
#32 /home/agstudiodiital/public_html/magia/vendor/laravel/framework/src/Illuminate/Routing/Router.php(784): Illuminate\\Routing\\Router->runRouteWithinStack()
#33 /home/agstudiodiital/public_html/magia/vendor/laravel/framework/src/Illuminate/Routing/Router.php(748): Illuminate\\Routing\\Router->runRoute()
#34 /home/agstudiodiital/public_html/magia/vendor/laravel/framework/src/Illuminate/Routing/Router.php(737): Illuminate\\Routing\\Router->dispatchToRoute()
#35 /home/agstudiodiital/public_html/magia/vendor/laravel/framework/src/Illuminate/Foundation/Http/Kernel.php(200): Illuminate\\Routing\\Router->dispatch()
#36 /home/agstudiodiital/public_html/magia/vendor/laravel/framework/src/Illuminate/Pipeline/Pipeline.php(144): Illuminate\\Foundation\\Http\\Kernel->Illuminate\\Foundation\\Http\\{closure}()
#37 /home/agstudiodiital/public_html/magia/vendor/laravel/framework/src/Illuminate/Foundation/Http/Middleware/TransformsRequest.php(21): Illuminate\\Pipeline\\Pipeline->Illuminate\\Pipeline\\{closure}()
#38 /home/agstudiodiital/public_html/magia/vendor/laravel/framework/src/Illuminate/Foundation/Http/Middleware/ConvertEmptyStringsToNull.php(31): Illuminate\\Foundation\\Http\\Middleware\\TransformsRequest->handle()
#39 /home/agstudiodiital/public_html/magia/vendor/laravel/framework/src/Illuminate/Pipeline/Pipeline.php(183): Illuminate\\Foundation\\Http\\Middleware\\ConvertEmptyStringsToNull->handle()
#40 /home/agstudiodiital/public_html/magia/vendor/laravel/framework/src/Illuminate/Foundation/Http/Middleware/TransformsRequest.php(21): Illuminate\\Pipeline\\Pipeline->Illuminate\\Pipeline\\{closure}()
#41 /home/agstudiodiital/public_html/magia/vendor/laravel/framework/src/Illuminate/Foundation/Http/Middleware/TrimStrings.php(40): Illuminate\\Foundation\\Http\\Middleware\\TransformsRequest->handle()
#42 /home/agstudiodiital/public_html/magia/vendor/laravel/framework/src/Illuminate/Pipeline/Pipeline.php(183): Illuminate\\Foundation\\Http\\Middleware\\TrimStrings->handle()
#43 /home/agstudiodiital/public_html/magia/vendor/laravel/framework/src/Illuminate/Foundation/Http/Middleware/ValidatePostSize.php(27): Illuminate\\Pipeline\\Pipeline->Illuminate\\Pipeline\\{closure}()
#44 /home/agstudiodiital/public_html/magia/vendor/laravel/framework/src/Illuminate/Pipeline/Pipeline.php(183): Illuminate\\Foundation\\Http\\Middleware\\ValidatePostSize->handle()
#45 /home/agstudiodiital/public_html/magia/vendor/laravel/framework/src/Illuminate/Foundation/Http/Middleware/PreventRequestsDuringMaintenance.php(99): Illuminate\\Pipeline\\Pipeline->Illuminate\\Pipeline\\{closure}()
#46 /home/agstudiodiital/public_html/magia/vendor/laravel/framework/src/Illuminate/Pipeline/Pipeline.php(183): Illuminate\\Foundation\\Http\\Middleware\\PreventRequestsDuringMaintenance->handle()
#47 /home/agstudiodiital/public_html/magia/vendor/laravel/framework/src/Illuminate/Http/Middleware/HandleCors.php(49): Illuminate\\Pipeline\\Pipeline->Illuminate\\Pipeline\\{closure}()
#48 /home/agstudiodiital/public_html/magia/vendor/laravel/framework/src/Illuminate/Pipeline/Pipeline.php(183): Illuminate\\Http\\Middleware\\HandleCors->handle()
#49 /home/agstudiodiital/public_html/magia/vendor/laravel/framework/src/Illuminate/Http/Middleware/TrustProxies.php(39): Illuminate\\Pipeline\\Pipeline->Illuminate\\Pipeline\\{closure}()
#50 /home/agstudiodiital/public_html/magia/vendor/laravel/framework/src/Illuminate/Pipeline/Pipeline.php(183): Illuminate\\Http\\Middleware\\TrustProxies->handle()
#51 /home/agstudiodiital/public_html/magia/vendor/laravel/framework/src/Illuminate/Pipeline/Pipeline.php(119): Illuminate\\Pipeline\\Pipeline->Illuminate\\Pipeline\\{closure}()
#52 /home/agstudiodiital/public_html/magia/vendor/laravel/framework/src/Illuminate/Foundation/Http/Kernel.php(175): Illuminate\\Pipeline\\Pipeline->then()
#53 /home/agstudiodiital/public_html/magia/vendor/laravel/framework/src/Illuminate/Foundation/Http/Kernel.php(144): Illuminate\\Foundation\\Http\\Kernel->sendRequestThroughRouter()
#54 /home/agstudiodiital/public_html/magia/public/index.php(52): Illuminate\\Foundation\\Http\\Kernel->handle()
#55 {main}

[previous exception] [object] (ErrorException(code: 0): Undefined variable $totaleClienti at /home/agstudiodiital/public_html/magia/storage/framework/views/a75176e0b179937379418d239b49e383.php:14)
[stacktrace]
#0 /home/agstudiodiital/public_html/magia/vendor/laravel/framework/src/Illuminate/Foundation/Bootstrap/HandleExceptions.php(255): Illuminate\\Foundation\\Bootstrap\\HandleExceptions->handleError()
#1 /home/agstudiodiital/public_html/magia/storage/framework/views/a75176e0b179937379418d239b49e383.php(14): Illuminate\\Foundation\\Bootstrap\\HandleExceptions->Illuminate\\Foundation\\Bootstrap\\{closure}()
#2 /home/agstudiodiital/public_html/magia/vendor/laravel/framework/src/Illuminate/Filesystem/Filesystem.php(123): require('/home/agstudiod...')
#3 /home/agstudiodiital/public_html/magia/vendor/laravel/framework/src/Illuminate/Filesystem/Filesystem.php(124): Illuminate\\Filesystem\\Filesystem::Illuminate\\Filesystem\\{closure}()
#4 /home/agstudiodiital/public_html/magia/vendor/laravel/framework/src/Illuminate/View/Engines/PhpEngine.php(58): Illuminate\\Filesystem\\Filesystem->getRequire()
#5 /home/agstudiodiital/public_html/magia/vendor/laravel/framework/src/Illuminate/View/Engines/CompilerEngine.php(72): Illuminate\\View\\Engines\\PhpEngine->evaluatePath()
#6 /home/agstudiodiital/public_html/magia/vendor/laravel/framework/src/Illuminate/View/View.php(207): Illuminate\\View\\Engines\\CompilerEngine->get()
#7 /home/agstudiodiital/public_html/magia/vendor/laravel/framework/src/Illuminate/View/View.php(190): Illuminate\\View\\View->getContents()
#8 /home/agstudiodiital/public_html/magia/vendor/laravel/framework/src/Illuminate/View/View.php(159): Illuminate\\View\\View->renderContents()
#9 /home/agstudiodiital/public_html/magia/vendor/laravel/framework/src/Illuminate/Http/Response.php(69): Illuminate\\View\\View->render()
#10 /home/agstudiodiital/public_html/magia/vendor/laravel/framework/src/Illuminate/Http/Response.php(35): Illuminate\\Http\\Response->setContent()
#11 /home/agstudiodiital/public_html/magia/vendor/laravel/framework/src/Illuminate/Routing/Router.php(918): Illuminate\\Http\\Response->__construct()
#12 /home/agstudiodiital/public_html/magia/vendor/laravel/framework/src/Illuminate/Routing/Router.php(885): Illuminate\\Routing\\Router::toResponse()
#13 /home/agstudiodiital/public_html/magia/vendor/laravel/framework/src/Illuminate/Routing/Router.php(806): Illuminate\\Routing\\Router->prepareResponse()
#14 /home/agstudiodiital/public_html/magia/vendor/laravel/framework/src/Illuminate/Pipeline/Pipeline.php(144): Illuminate\\Routing\\Router->Illuminate\\Routing\\{closure}()
#15 /home/agstudiodiital/public_html/magia/app/Http/Middleware/VerificaTipoUtente.php(53): Illuminate\\Pipeline\\Pipeline->Illuminate\\Pipeline\\{closure}()
#16 /home/agstudiodiital/public_html/magia/vendor/laravel/framework/src/Illuminate/Pipeline/Pipeline.php(183): App\\Http\\Middleware\\VerificaTipoUtente->handle()
#17 /home/agstudiodiital/public_html/magia/vendor/laravel/framework/src/Illuminate/Routing/Middleware/SubstituteBindings.php(50): Illuminate\\Pipeline\\Pipeline->Illuminate\\Pipeline\\{closure}()
#18 /home/agstudiodiital/public_html/magia/vendor/laravel/framework/src/Illuminate/Pipeline/Pipeline.php(183): Illuminate\\Routing\\Middleware\\SubstituteBindings->handle()
#19 /home/agstudiodiital/public_html/magia/vendor/laravel/framework/src/Illuminate/Auth/Middleware/Authenticate.php(57): Illuminate\\Pipeline\\Pipeline->Illuminate\\Pipeline\\{closure}()
#20 /home/agstudiodiital/public_html/magia/vendor/laravel/framework/src/Illuminate/Pipeline/Pipeline.php(183): Illuminate\\Auth\\Middleware\\Authenticate->handle()
#21 /home/agstudiodiital/public_html/magia/vendor/laravel/framework/src/Illuminate/Foundation/Http/Middleware/VerifyCsrfToken.php(78): Illuminate\\Pipeline\\Pipeline->Illuminate\\Pipeline\\{closure}()
#22 /home/agstudiodiital/public_html/magia/vendor/laravel/framework/src/Illuminate/Pipeline/Pipeline.php(183): Illuminate\\Foundation\\Http\\Middleware\\VerifyCsrfToken->handle()
#23 /home/agstudiodiital/public_html/magia/vendor/laravel/framework/src/Illuminate/View/Middleware/ShareErrorsFromSession.php(49): Illuminate\\Pipeline\\Pipeline->Illuminate\\Pipeline\\{closure}()
#24 /home/agstudiodiital/public_html/magia/vendor/laravel/framework/src/Illuminate/Pipeline/Pipeline.php(183): Illuminate\\View\\Middleware\\ShareErrorsFromSession->handle()
#25 /home/agstudiodiital/public_html/magia/vendor/laravel/framework/src/Illuminate/Session/Middleware/StartSession.php(121): Illuminate\\Pipeline\\Pipeline->Illuminate\\Pipeline\\{closure}()
#26 /home/agstudiodiital/public_html/magia/vendor/laravel/framework/src/Illuminate/Session/Middleware/StartSession.php(64): Illuminate\\Session\\Middleware\\StartSession->handleStatefulRequest()
#27 /home/agstudiodiital/public_html/magia/vendor/laravel/framework/src/Illuminate/Pipeline/Pipeline.php(183): Illuminate\\Session\\Middleware\\StartSession->handle()
#28 /home/agstudiodiital/public_html/magia/vendor/laravel/framework/src/Illuminate/Cookie/Middleware/AddQueuedCookiesToResponse.php(37): Illuminate\\Pipeline\\Pipeline->Illuminate\\Pipeline\\{closure}()
#29 /home/agstudiodiital/public_html/magia/vendor/laravel/framework/src/Illuminate/Pipeline/Pipeline.php(183): Illuminate\\Cookie\\Middleware\\AddQueuedCookiesToResponse->handle()
#30 /home/agstudiodiital/public_html/magia/vendor/laravel/framework/src/Illuminate/Cookie/Middleware/EncryptCookies.php(67): Illuminate\\Pipeline\\Pipeline->Illuminate\\Pipeline\\{closure}()
#31 /home/agstudiodiital/public_html/magia/vendor/laravel/framework/src/Illuminate/Pipeline/Pipeline.php(183): Illuminate\\Cookie\\Middleware\\EncryptCookies->handle()
#32 /home/agstudiodiital/public_html/magia/vendor/laravel/framework/src/Illuminate/Pipeline/Pipeline.php(119): Illuminate\\Pipeline\\Pipeline->Illuminate\\Pipeline\\{closure}()
#33 /home/agstudiodiital/public_html/magia/vendor/laravel/framework/src/Illuminate/Routing/Router.php(807): Illuminate\\Pipeline\\Pipeline->then()
#34 /home/agstudiodiital/public_html/magia/vendor/laravel/framework/src/Illuminate/Routing/Router.php(784): Illuminate\\Routing\\Router->runRouteWithinStack()
#35 /home/agstudiodiital/public_html/magia/vendor/laravel/framework/src/Illuminate/Routing/Router.php(748): Illuminate\\Routing\\Router->runRoute()
#36 /home/agstudiodiital/public_html/magia/vendor/laravel/framework/src/Illuminate/Routing/Router.php(737): Illuminate\\Routing\\Router->dispatchToRoute()
#37 /home/agstudiodiital/public_html/magia/vendor/laravel/framework/src/Illuminate/Foundation/Http/Kernel.php(200): Illuminate\\Routing\\Router->dispatch()
#38 /home/agstudiodiital/public_html/magia/vendor/laravel/framework/src/Illuminate/Pipeline/Pipeline.php(144): Illuminate\\Foundation\\Http\\Kernel->Illuminate\\Foundation\\Http\\{closure}()
#39 /home/agstudiodiital/public_html/magia/vendor/laravel/framework/src/Illuminate/Foundation/Http/Middleware/TransformsRequest.php(21): Illuminate\\Pipeline\\Pipeline->Illuminate\\Pipeline\\{closure}()
#40 /home/agstudiodiital/public_html/magia/vendor/laravel/framework/src/Illuminate/Foundation/Http/Middleware/ConvertEmptyStringsToNull.php(31): Illuminate\\Foundation\\Http\\Middleware\\TransformsRequest->handle()
#41 /home/agstudiodiital/public_html/magia/vendor/laravel/framework/src/Illuminate/Pipeline/Pipeline.php(183): Illuminate\\Foundation\\Http\\Middleware\\ConvertEmptyStringsToNull->handle()
#42 /home/agstudiodiital/public_html/magia/vendor/laravel/framework/src/Illuminate/Foundation/Http/Middleware/TransformsRequest.php(21): Illuminate\\Pipeline\\Pipeline->Illuminate\\Pipeline\\{closure}()
#43 /home/agstudiodiital/public_html/magia/vendor/laravel/framework/src/Illuminate/Foundation/Http/Middleware/TrimStrings.php(40): Illuminate\\Foundation\\Http\\Middleware\\TransformsRequest->handle()
#44 /home/agstudiodiital/public_html/magia/vendor/laravel/framework/src/Illuminate/Pipeline/Pipeline.php(183): Illuminate\\Foundation\\Http\\Middleware\\TrimStrings->handle()
#45 /home/agstudiodiital/public_html/magia/vendor/laravel/framework/src/Illuminate/Foundation/Http/Middleware/ValidatePostSize.php(27): Illuminate\\Pipeline\\Pipeline->Illuminate\\Pipeline\\{closure}()
#46 /home/agstudiodiital/public_html/magia/vendor/laravel/framework/src/Illuminate/Pipeline/Pipeline.php(183): Illuminate\\Foundation\\Http\\Middleware\\ValidatePostSize->handle()
#47 /home/agstudiodiital/public_html/magia/vendor/laravel/framework/src/Illuminate/Foundation/Http/Middleware/PreventRequestsDuringMaintenance.php(99): Illuminate\\Pipeline\\Pipeline->Illuminate\\Pipeline\\{closure}()
#48 /home/agstudiodiital/public_html/magia/vendor/laravel/framework/src/Illuminate/Pipeline/Pipeline.php(183): Illuminate\\Foundation\\Http\\Middleware\\PreventRequestsDuringMaintenance->handle()
#49 /home/agstudiodiital/public_html/magia/vendor/laravel/framework/src/Illuminate/Http/Middleware/HandleCors.php(49): Illuminate\\Pipeline\\Pipeline->Illuminate\\Pipeline\\{closure}()
#50 /home/agstudiodiital/public_html/magia/vendor/laravel/framework/src/Illuminate/Pipeline/Pipeline.php(183): Illuminate\\Http\\Middleware\\HandleCors->handle()
#51 /home/agstudiodiital/public_html/magia/vendor/laravel/framework/src/Illuminate/Http/Middleware/TrustProxies.php(39): Illuminate\\Pipeline\\Pipeline->Illuminate\\Pipeline\\{closure}()
#52 /home/agstudiodiital/public_html/magia/vendor/laravel/framework/src/Illuminate/Pipeline/Pipeline.php(183): Illuminate\\Http\\Middleware\\TrustProxies->handle()
#53 /home/agstudiodiital/public_html/magia/vendor/laravel/framework/src/Illuminate/Pipeline/Pipeline.php(119): Illuminate\\Pipeline\\Pipeline->Illuminate\\Pipeline\\{closure}()
#54 /home/agstudiodiital/public_html/magia/vendor/laravel/framework/src/Illuminate/Foundation/Http/Kernel.php(175): Illuminate\\Pipeline\\Pipeline->then()
#55 /home/agstudiodiital/public_html/magia/vendor/laravel/framework/src/Illuminate/Foundation/Http/Kernel.php(144): Illuminate\\Foundation\\Http\\Kernel->sendRequestThroughRouter()
#56 /home/agstudiodiital/public_html/magia/public/index.php(52): Illuminate\\Foundation\\Http\\Kernel->handle()
#57 {main}
"} 
[2025-11-10 09:05:47] production.ERROR: Undefined variable $totaleClienti {"view":{"view":"/home/agstudiodiital/public_html/magia/resources/views/admin/dashboard.blade.php","data":[]},"userId":1,"exception":"[object] (Spatie\\LaravelIgnition\\Exceptions\\ViewException(code: 0): Undefined variable $totaleClienti at /home/agstudiodiital/public_html/magia/resources/views/admin/dashboard.blade.php:16)
[stacktrace]
#0 /home/agstudiodiital/public_html/magia/vendor/laravel/framework/src/Illuminate/Filesystem/Filesystem.php(123): require('/home/agstudiod...')
#1 /home/agstudiodiital/public_html/magia/vendor/laravel/framework/src/Illuminate/Filesystem/Filesystem.php(124): Illuminate\\Filesystem\\Filesystem::Illuminate\\Filesystem\\{closure}()
#2 /home/agstudiodiital/public_html/magia/vendor/laravel/framework/src/Illuminate/View/Engines/PhpEngine.php(58): Illuminate\\Filesystem\\Filesystem->getRequire()
#3 /home/agstudiodiital/public_html/magia/vendor/laravel/framework/src/Illuminate/View/Engines/CompilerEngine.php(72): Illuminate\\View\\Engines\\PhpEngine->evaluatePath()
#4 /home/agstudiodiital/public_html/magia/vendor/laravel/framework/src/Illuminate/View/View.php(207): Illuminate\\View\\Engines\\CompilerEngine->get()
#5 /home/agstudiodiital/public_html/magia/vendor/laravel/framework/src/Illuminate/View/View.php(190): Illuminate\\View\\View->getContents()
#6 /home/agstudiodiital/public_html/magia/vendor/laravel/framework/src/Illuminate/View/View.php(159): Illuminate\\View\\View->renderContents()
#7 /home/agstudiodiital/public_html/magia/vendor/laravel/framework/src/Illuminate/Http/Response.php(69): Illuminate\\View\\View->render()
#8 /home/agstudiodiital/public_html/magia/vendor/laravel/framework/src/Illuminate/Http/Response.php(35): Illuminate\\Http\\Response->setContent()
#9 /home/agstudiodiital/public_html/magia/vendor/laravel/framework/src/Illuminate/Routing/Router.php(918): Illuminate\\Http\\Response->__construct()
#10 /home/agstudiodiital/public_html/magia/vendor/laravel/framework/src/Illuminate/Routing/Router.php(885): Illuminate\\Routing\\Router::toResponse()
#11 /home/agstudiodiital/public_html/magia/vendor/laravel/framework/src/Illuminate/Routing/Router.php(806): Illuminate\\Routing\\Router->prepareResponse()
#12 /home/agstudiodiital/public_html/magia/vendor/laravel/framework/src/Illuminate/Pipeline/Pipeline.php(144): Illuminate\\Routing\\Router->Illuminate\\Routing\\{closure}()
#13 /home/agstudiodiital/public_html/magia/app/Http/Middleware/VerificaTipoUtente.php(53): Illuminate\\Pipeline\\Pipeline->Illuminate\\Pipeline\\{closure}()
#14 /home/agstudiodiital/public_html/magia/vendor/laravel/framework/src/Illuminate/Pipeline/Pipeline.php(183): App\\Http\\Middleware\\VerificaTipoUtente->handle()
#15 /home/agstudiodiital/public_html/magia/vendor/laravel/framework/src/Illuminate/Routing/Middleware/SubstituteBindings.php(50): Illuminate\\Pipeline\\Pipeline->Illuminate\\Pipeline\\{closure}()
#16 /home/agstudiodiital/public_html/magia/vendor/laravel/framework/src/Illuminate/Pipeline/Pipeline.php(183): Illuminate\\Routing\\Middleware\\SubstituteBindings->handle()
#17 /home/agstudiodiital/public_html/magia/vendor/laravel/framework/src/Illuminate/Auth/Middleware/Authenticate.php(57): Illuminate\\Pipeline\\Pipeline->Illuminate\\Pipeline\\{closure}()
#18 /home/agstudiodiital/public_html/magia/vendor/laravel/framework/src/Illuminate/Pipeline/Pipeline.php(183): Illuminate\\Auth\\Middleware\\Authenticate->handle()
#19 /home/agstudiodiital/public_html/magia/vendor/laravel/framework/src/Illuminate/Foundation/Http/Middleware/VerifyCsrfToken.php(78): Illuminate\\Pipeline\\Pipeline->Illuminate\\Pipeline\\{closure}()
#20 /home/agstudiodiital/public_html/magia/vendor/laravel/framework/src/Illuminate/Pipeline/Pipeline.php(183): Illuminate\\Foundation\\Http\\Middleware\\VerifyCsrfToken->handle()
#21 /home/agstudiodiital/public_html/magia/vendor/laravel/framework/src/Illuminate/View/Middleware/ShareErrorsFromSession.php(49): Illuminate\\Pipeline\\Pipeline->Illuminate\\Pipeline\\{closure}()
#22 /home/agstudiodiital/public_html/magia/vendor/laravel/framework/src/Illuminate/Pipeline/Pipeline.php(183): Illuminate\\View\\Middleware\\ShareErrorsFromSession->handle()
#23 /home/agstudiodiital/public_html/magia/vendor/laravel/framework/src/Illuminate/Session/Middleware/StartSession.php(121): Illuminate\\Pipeline\\Pipeline->Illuminate\\Pipeline\\{closure}()
#24 /home/agstudiodiital/public_html/magia/vendor/laravel/framework/src/Illuminate/Session/Middleware/StartSession.php(64): Illuminate\\Session\\Middleware\\StartSession->handleStatefulRequest()
#25 /home/agstudiodiital/public_html/magia/vendor/laravel/framework/src/Illuminate/Pipeline/Pipeline.php(183): Illuminate\\Session\\Middleware\\StartSession->handle()
#26 /home/agstudiodiital/public_html/magia/vendor/laravel/framework/src/Illuminate/Cookie/Middleware/AddQueuedCookiesToResponse.php(37): Illuminate\\Pipeline\\Pipeline->Illuminate\\Pipeline\\{closure}()
#27 /home/agstudiodiital/public_html/magia/vendor/laravel/framework/src/Illuminate/Pipeline/Pipeline.php(183): Illuminate\\Cookie\\Middleware\\AddQueuedCookiesToResponse->handle()
#28 /home/agstudiodiital/public_html/magia/vendor/laravel/framework/src/Illuminate/Cookie/Middleware/EncryptCookies.php(67): Illuminate\\Pipeline\\Pipeline->Illuminate\\Pipeline\\{closure}()
#29 /home/agstudiodiital/public_html/magia/vendor/laravel/framework/src/Illuminate/Pipeline/Pipeline.php(183): Illuminate\\Cookie\\Middleware\\EncryptCookies->handle()
#30 /home/agstudiodiital/public_html/magia/vendor/laravel/framework/src/Illuminate/Pipeline/Pipeline.php(119): Illuminate\\Pipeline\\Pipeline->Illuminate\\Pipeline\\{closure}()
#31 /home/agstudiodiital/public_html/magia/vendor/laravel/framework/src/Illuminate/Routing/Router.php(807): Illuminate\\Pipeline\\Pipeline->then()
#32 /home/agstudiodiital/public_html/magia/vendor/laravel/framework/src/Illuminate/Routing/Router.php(784): Illuminate\\Routing\\Router->runRouteWithinStack()
#33 /home/agstudiodiital/public_html/magia/vendor/laravel/framework/src/Illuminate/Routing/Router.php(748): Illuminate\\Routing\\Router->runRoute()
#34 /home/agstudiodiital/public_html/magia/vendor/laravel/framework/src/Illuminate/Routing/Router.php(737): Illuminate\\Routing\\Router->dispatchToRoute()
#35 /home/agstudiodiital/public_html/magia/vendor/laravel/framework/src/Illuminate/Foundation/Http/Kernel.php(200): Illuminate\\Routing\\Router->dispatch()
#36 /home/agstudiodiital/public_html/magia/vendor/laravel/framework/src/Illuminate/Pipeline/Pipeline.php(144): Illuminate\\Foundation\\Http\\Kernel->Illuminate\\Foundation\\Http\\{closure}()
#37 /home/agstudiodiital/public_html/magia/vendor/laravel/framework/src/Illuminate/Foundation/Http/Middleware/TransformsRequest.php(21): Illuminate\\Pipeline\\Pipeline->Illuminate\\Pipeline\\{closure}()
#38 /home/agstudiodiital/public_html/magia/vendor/laravel/framework/src/Illuminate/Foundation/Http/Middleware/ConvertEmptyStringsToNull.php(31): Illuminate\\Foundation\\Http\\Middleware\\TransformsRequest->handle()
#39 /home/agstudiodiital/public_html/magia/vendor/laravel/framework/src/Illuminate/Pipeline/Pipeline.php(183): Illuminate\\Foundation\\Http\\Middleware\\ConvertEmptyStringsToNull->handle()
#40 /home/agstudiodiital/public_html/magia/vendor/laravel/framework/src/Illuminate/Foundation/Http/Middleware/TransformsRequest.php(21): Illuminate\\Pipeline\\Pipeline->Illuminate\\Pipeline\\{closure}()
#41 /home/agstudiodiital/public_html/magia/vendor/laravel/framework/src/Illuminate/Foundation/Http/Middleware/TrimStrings.php(40): Illuminate\\Foundation\\Http\\Middleware\\TransformsRequest->handle()
#42 /home/agstudiodiital/public_html/magia/vendor/laravel/framework/src/Illuminate/Pipeline/Pipeline.php(183): Illuminate\\Foundation\\Http\\Middleware\\TrimStrings->handle()
#43 /home/agstudiodiital/public_html/magia/vendor/laravel/framework/src/Illuminate/Foundation/Http/Middleware/ValidatePostSize.php(27): Illuminate\\Pipeline\\Pipeline->Illuminate\\Pipeline\\{closure}()
#44 /home/agstudiodiital/public_html/magia/vendor/laravel/framework/src/Illuminate/Pipeline/Pipeline.php(183): Illuminate\\Foundation\\Http\\Middleware\\ValidatePostSize->handle()
#45 /home/agstudiodiital/public_html/magia/vendor/laravel/framework/src/Illuminate/Foundation/Http/Middleware/PreventRequestsDuringMaintenance.php(99): Illuminate\\Pipeline\\Pipeline->Illuminate\\Pipeline\\{closure}()
#46 /home/agstudiodiital/public_html/magia/vendor/laravel/framework/src/Illuminate/Pipeline/Pipeline.php(183): Illuminate\\Foundation\\Http\\Middleware\\PreventRequestsDuringMaintenance->handle()
#47 /home/agstudiodiital/public_html/magia/vendor/laravel/framework/src/Illuminate/Http/Middleware/HandleCors.php(49): Illuminate\\Pipeline\\Pipeline->Illuminate\\Pipeline\\{closure}()
#48 /home/agstudiodiital/public_html/magia/vendor/laravel/framework/src/Illuminate/Pipeline/Pipeline.php(183): Illuminate\\Http\\Middleware\\HandleCors->handle()
#49 /home/agstudiodiital/public_html/magia/vendor/laravel/framework/src/Illuminate/Http/Middleware/TrustProxies.php(39): Illuminate\\Pipeline\\Pipeline->Illuminate\\Pipeline\\{closure}()
#50 /home/agstudiodiital/public_html/magia/vendor/laravel/framework/src/Illuminate/Pipeline/Pipeline.php(183): Illuminate\\Http\\Middleware\\TrustProxies->handle()
#51 /home/agstudiodiital/public_html/magia/vendor/laravel/framework/src/Illuminate/Pipeline/Pipeline.php(119): Illuminate\\Pipeline\\Pipeline->Illuminate\\Pipeline\\{closure}()
#52 /home/agstudiodiital/public_html/magia/vendor/laravel/framework/src/Illuminate/Foundation/Http/Kernel.php(175): Illuminate\\Pipeline\\Pipeline->then()
#53 /home/agstudiodiital/public_html/magia/vendor/laravel/framework/src/Illuminate/Foundation/Http/Kernel.php(144): Illuminate\\Foundation\\Http\\Kernel->sendRequestThroughRouter()
#54 /home/agstudiodiital/public_html/magia/public/index.php(52): Illuminate\\Foundation\\Http\\Kernel->handle()
#55 {main}

[previous exception] [object] (ErrorException(code: 0): Undefined variable $totaleClienti at /home/agstudiodiital/public_html/magia/storage/framework/views/a75176e0b179937379418d239b49e383.php:14)
[stacktrace]
#0 /home/agstudiodiital/public_html/magia/vendor/laravel/framework/src/Illuminate/Foundation/Bootstrap/HandleExceptions.php(255): Illuminate\\Foundation\\Bootstrap\\HandleExceptions->handleError()
#1 /home/agstudiodiital/public_html/magia/storage/framework/views/a75176e0b179937379418d239b49e383.php(14): Illuminate\\Foundation\\Bootstrap\\HandleExceptions->Illuminate\\Foundation\\Bootstrap\\{closure}()
#2 /home/agstudiodiital/public_html/magia/vendor/laravel/framework/src/Illuminate/Filesystem/Filesystem.php(123): require('/home/agstudiod...')
#3 /home/agstudiodiital/public_html/magia/vendor/laravel/framework/src/Illuminate/Filesystem/Filesystem.php(124): Illuminate\\Filesystem\\Filesystem::Illuminate\\Filesystem\\{closure}()
#4 /home/agstudiodiital/public_html/magia/vendor/laravel/framework/src/Illuminate/View/Engines/PhpEngine.php(58): Illuminate\\Filesystem\\Filesystem->getRequire()
#5 /home/agstudiodiital/public_html/magia/vendor/laravel/framework/src/Illuminate/View/Engines/CompilerEngine.php(72): Illuminate\\View\\Engines\\PhpEngine->evaluatePath()
#6 /home/agstudiodiital/public_html/magia/vendor/laravel/framework/src/Illuminate/View/View.php(207): Illuminate\\View\\Engines\\CompilerEngine->get()
#7 /home/agstudiodiital/public_html/magia/vendor/laravel/framework/src/Illuminate/View/View.php(190): Illuminate\\View\\View->getContents()
#8 /home/agstudiodiital/public_html/magia/vendor/laravel/framework/src/Illuminate/View/View.php(159): Illuminate\\View\\View->renderContents()
#9 /home/agstudiodiital/public_html/magia/vendor/laravel/framework/src/Illuminate/Http/Response.php(69): Illuminate\\View\\View->render()
#10 /home/agstudiodiital/public_html/magia/vendor/laravel/framework/src/Illuminate/Http/Response.php(35): Illuminate\\Http\\Response->setContent()
#11 /home/agstudiodiital/public_html/magia/vendor/laravel/framework/src/Illuminate/Routing/Router.php(918): Illuminate\\Http\\Response->__construct()
#12 /home/agstudiodiital/public_html/magia/vendor/laravel/framework/src/Illuminate/Routing/Router.php(885): Illuminate\\Routing\\Router::toResponse()
#13 /home/agstudiodiital/public_html/magia/vendor/laravel/framework/src/Illuminate/Routing/Router.php(806): Illuminate\\Routing\\Router->prepareResponse()
#14 /home/agstudiodiital/public_html/magia/vendor/laravel/framework/src/Illuminate/Pipeline/Pipeline.php(144): Illuminate\\Routing\\Router->Illuminate\\Routing\\{closure}()
#15 /home/agstudiodiital/public_html/magia/app/Http/Middleware/VerificaTipoUtente.php(53): Illuminate\\Pipeline\\Pipeline->Illuminate\\Pipeline\\{closure}()
#16 /home/agstudiodiital/public_html/magia/vendor/laravel/framework/src/Illuminate/Pipeline/Pipeline.php(183): App\\Http\\Middleware\\VerificaTipoUtente->handle()
#17 /home/agstudiodiital/public_html/magia/vendor/laravel/framework/src/Illuminate/Routing/Middleware/SubstituteBindings.php(50): Illuminate\\Pipeline\\Pipeline->Illuminate\\Pipeline\\{closure}()
#18 /home/agstudiodiital/public_html/magia/vendor/laravel/framework/src/Illuminate/Pipeline/Pipeline.php(183): Illuminate\\Routing\\Middleware\\SubstituteBindings->handle()
#19 /home/agstudiodiital/public_html/magia/vendor/laravel/framework/src/Illuminate/Auth/Middleware/Authenticate.php(57): Illuminate\\Pipeline\\Pipeline->Illuminate\\Pipeline\\{closure}()
#20 /home/agstudiodiital/public_html/magia/vendor/laravel/framework/src/Illuminate/Pipeline/Pipeline.php(183): Illuminate\\Auth\\Middleware\\Authenticate->handle()
#21 /home/agstudiodiital/public_html/magia/vendor/laravel/framework/src/Illuminate/Foundation/Http/Middleware/VerifyCsrfToken.php(78): Illuminate\\Pipeline\\Pipeline->Illuminate\\Pipeline\\{closure}()
#22 /home/agstudiodiital/public_html/magia/vendor/laravel/framework/src/Illuminate/Pipeline/Pipeline.php(183): Illuminate\\Foundation\\Http\\Middleware\\VerifyCsrfToken->handle()
#23 /home/agstudiodiital/public_html/magia/vendor/laravel/framework/src/Illuminate/View/Middleware/ShareErrorsFromSession.php(49): Illuminate\\Pipeline\\Pipeline->Illuminate\\Pipeline\\{closure}()
#24 /home/agstudiodiital/public_html/magia/vendor/laravel/framework/src/Illuminate/Pipeline/Pipeline.php(183): Illuminate\\View\\Middleware\\ShareErrorsFromSession->handle()
#25 /home/agstudiodiital/public_html/magia/vendor/laravel/framework/src/Illuminate/Session/Middleware/StartSession.php(121): Illuminate\\Pipeline\\Pipeline->Illuminate\\Pipeline\\{closure}()
#26 /home/agstudiodiital/public_html/magia/vendor/laravel/framework/src/Illuminate/Session/Middleware/StartSession.php(64): Illuminate\\Session\\Middleware\\StartSession->handleStatefulRequest()
#27 /home/agstudiodiital/public_html/magia/vendor/laravel/framework/src/Illuminate/Pipeline/Pipeline.php(183): Illuminate\\Session\\Middleware\\StartSession->handle()
#28 /home/agstudiodiital/public_html/magia/vendor/laravel/framework/src/Illuminate/Cookie/Middleware/AddQueuedCookiesToResponse.php(37): Illuminate\\Pipeline\\Pipeline->Illuminate\\Pipeline\\{closure}()
#29 /home/agstudiodiital/public_html/magia/vendor/laravel/framework/src/Illuminate/Pipeline/Pipeline.php(183): Illuminate\\Cookie\\Middleware\\AddQueuedCookiesToResponse->handle()
#30 /home/agstudiodiital/public_html/magia/vendor/laravel/framework/src/Illuminate/Cookie/Middleware/EncryptCookies.php(67): Illuminate\\Pipeline\\Pipeline->Illuminate\\Pipeline\\{closure}()
#31 /home/agstudiodiital/public_html/magia/vendor/laravel/framework/src/Illuminate/Pipeline/Pipeline.php(183): Illuminate\\Cookie\\Middleware\\EncryptCookies->handle()
#32 /home/agstudiodiital/public_html/magia/vendor/laravel/framework/src/Illuminate/Pipeline/Pipeline.php(119): Illuminate\\Pipeline\\Pipeline->Illuminate\\Pipeline\\{closure}()
#33 /home/agstudiodiital/public_html/magia/vendor/laravel/framework/src/Illuminate/Routing/Router.php(807): Illuminate\\Pipeline\\Pipeline->then()
#34 /home/agstudiodiital/public_html/magia/vendor/laravel/framework/src/Illuminate/Routing/Router.php(784): Illuminate\\Routing\\Router->runRouteWithinStack()
#35 /home/agstudiodiital/public_html/magia/vendor/laravel/framework/src/Illuminate/Routing/Router.php(748): Illuminate\\Routing\\Router->runRoute()
#36 /home/agstudiodiital/public_html/magia/vendor/laravel/framework/src/Illuminate/Routing/Router.php(737): Illuminate\\Routing\\Router->dispatchToRoute()
#37 /home/agstudiodiital/public_html/magia/vendor/laravel/framework/src/Illuminate/Foundation/Http/Kernel.php(200): Illuminate\\Routing\\Router->dispatch()
#38 /home/agstudiodiital/public_html/magia/vendor/laravel/framework/src/Illuminate/Pipeline/Pipeline.php(144): Illuminate\\Foundation\\Http\\Kernel->Illuminate\\Foundation\\Http\\{closure}()
#39 /home/agstudiodiital/public_html/magia/vendor/laravel/framework/src/Illuminate/Foundation/Http/Middleware/TransformsRequest.php(21): Illuminate\\Pipeline\\Pipeline->Illuminate\\Pipeline\\{closure}()
#40 /home/agstudiodiital/public_html/magia/vendor/laravel/framework/src/Illuminate/Foundation/Http/Middleware/ConvertEmptyStringsToNull.php(31): Illuminate\\Foundation\\Http\\Middleware\\TransformsRequest->handle()
#41 /home/agstudiodiital/public_html/magia/vendor/laravel/framework/src/Illuminate/Pipeline/Pipeline.php(183): Illuminate\\Foundation\\Http\\Middleware\\ConvertEmptyStringsToNull->handle()
#42 /home/agstudiodiital/public_html/magia/vendor/laravel/framework/src/Illuminate/Foundation/Http/Middleware/TransformsRequest.php(21): Illuminate\\Pipeline\\Pipeline->Illuminate\\Pipeline\\{closure}()
#43 /home/agstudiodiital/public_html/magia/vendor/laravel/framework/src/Illuminate/Foundation/Http/Middleware/TrimStrings.php(40): Illuminate\\Foundation\\Http\\Middleware\\TransformsRequest->handle()
#44 /home/agstudiodiital/public_html/magia/vendor/laravel/framework/src/Illuminate/Pipeline/Pipeline.php(183): Illuminate\\Foundation\\Http\\Middleware\\TrimStrings->handle()
#45 /home/agstudiodiital/public_html/magia/vendor/laravel/framework/src/Illuminate/Foundation/Http/Middleware/ValidatePostSize.php(27): Illuminate\\Pipeline\\Pipeline->Illuminate\\Pipeline\\{closure}()
#46 /home/agstudiodiital/public_html/magia/vendor/laravel/framework/src/Illuminate/Pipeline/Pipeline.php(183): Illuminate\\Foundation\\Http\\Middleware\\ValidatePostSize->handle()
#47 /home/agstudiodiital/public_html/magia/vendor/laravel/framework/src/Illuminate/Foundation/Http/Middleware/PreventRequestsDuringMaintenance.php(99): Illuminate\\Pipeline\\Pipeline->Illuminate\\Pipeline\\{closure}()
#48 /home/agstudiodiital/public_html/magia/vendor/laravel/framework/src/Illuminate/Pipeline/Pipeline.php(183): Illuminate\\Foundation\\Http\\Middleware\\PreventRequestsDuringMaintenance->handle()
#49 /home/agstudiodiital/public_html/magia/vendor/laravel/framework/src/Illuminate/Http/Middleware/HandleCors.php(49): Illuminate\\Pipeline\\Pipeline->Illuminate\\Pipeline\\{closure}()
#50 /home/agstudiodiital/public_html/magia/vendor/laravel/framework/src/Illuminate/Pipeline/Pipeline.php(183): Illuminate\\Http\\Middleware\\HandleCors->handle()
#51 /home/agstudiodiital/public_html/magia/vendor/laravel/framework/src/Illuminate/Http/Middleware/TrustProxies.php(39): Illuminate\\Pipeline\\Pipeline->Illuminate\\Pipeline\\{closure}()
#52 /home/agstudiodiital/public_html/magia/vendor/laravel/framework/src/Illuminate/Pipeline/Pipeline.php(183): Illuminate\\Http\\Middleware\\TrustProxies->handle()
#53 /home/agstudiodiital/public_html/magia/vendor/laravel/framework/src/Illuminate/Pipeline/Pipeline.php(119): Illuminate\\Pipeline\\Pipeline->Illuminate\\Pipeline\\{closure}()
#54 /home/agstudiodiital/public_html/magia/vendor/laravel/framework/src/Illuminate/Foundation/Http/Kernel.php(175): Illuminate\\Pipeline\\Pipeline->then()
#55 /home/agstudiodiital/public_html/magia/vendor/laravel/framework/src/Illuminate/Foundation/Http/Kernel.php(144): Illuminate\\Foundation\\Http\\Kernel->sendRequestThroughRouter()
#56 /home/agstudiodiital/public_html/magia/public/index.php(52): Illuminate\\Foundation\\Http\\Kernel->handle()
#57 {main}
"} 
[2025-11-10 09:06:15] production.ERROR: Undefined variable $totaleClienti {"view":{"view":"/home/agstudiodiital/public_html/magia/resources/views/admin/dashboard.blade.php","data":[]},"userId":1,"exception":"[object] (Spatie\\LaravelIgnition\\Exceptions\\ViewException(code: 0): Undefined variable $totaleClienti at /home/agstudiodiital/public_html/magia/resources/views/admin/dashboard.blade.php:16)
[stacktrace]
#0 /home/agstudiodiital/public_html/magia/vendor/laravel/framework/src/Illuminate/Filesystem/Filesystem.php(123): require('/home/agstudiod...')
#1 /home/agstudiodiital/public_html/magia/vendor/laravel/framework/src/Illuminate/Filesystem/Filesystem.php(124): Illuminate\\Filesystem\\Filesystem::Illuminate\\Filesystem\\{closure}()
#2 /home/agstudiodiital/public_html/magia/vendor/laravel/framework/src/Illuminate/View/Engines/PhpEngine.php(58): Illuminate\\Filesystem\\Filesystem->getRequire()
#3 /home/agstudiodiital/public_html/magia/vendor/laravel/framework/src/Illuminate/View/Engines/CompilerEngine.php(72): Illuminate\\View\\Engines\\PhpEngine->evaluatePath()
#4 /home/agstudiodiital/public_html/magia/vendor/laravel/framework/src/Illuminate/View/View.php(207): Illuminate\\View\\Engines\\CompilerEngine->get()
#5 /home/agstudiodiital/public_html/magia/vendor/laravel/framework/src/Illuminate/View/View.php(190): Illuminate\\View\\View->getContents()
#6 /home/agstudiodiital/public_html/magia/vendor/laravel/framework/src/Illuminate/View/View.php(159): Illuminate\\View\\View->renderContents()
#7 /home/agstudiodiital/public_html/magia/vendor/laravel/framework/src/Illuminate/Http/Response.php(69): Illuminate\\View\\View->render()
#8 /home/agstudiodiital/public_html/magia/vendor/laravel/framework/src/Illuminate/Http/Response.php(35): Illuminate\\Http\\Response->setContent()
#9 /home/agstudiodiital/public_html/magia/vendor/laravel/framework/src/Illuminate/Routing/Router.php(918): Illuminate\\Http\\Response->__construct()
#10 /home/agstudiodiital/public_html/magia/vendor/laravel/framework/src/Illuminate/Routing/Router.php(885): Illuminate\\Routing\\Router::toResponse()
#11 /home/agstudiodiital/public_html/magia/vendor/laravel/framework/src/Illuminate/Routing/Router.php(806): Illuminate\\Routing\\Router->prepareResponse()
#12 /home/agstudiodiital/public_html/magia/vendor/laravel/framework/src/Illuminate/Pipeline/Pipeline.php(144): Illuminate\\Routing\\Router->Illuminate\\Routing\\{closure}()
#13 /home/agstudiodiital/public_html/magia/app/Http/Middleware/VerificaTipoUtente.php(53): Illuminate\\Pipeline\\Pipeline->Illuminate\\Pipeline\\{closure}()
#14 /home/agstudiodiital/public_html/magia/vendor/laravel/framework/src/Illuminate/Pipeline/Pipeline.php(183): App\\Http\\Middleware\\VerificaTipoUtente->handle()
#15 /home/agstudiodiital/public_html/magia/vendor/laravel/framework/src/Illuminate/Routing/Middleware/SubstituteBindings.php(50): Illuminate\\Pipeline\\Pipeline->Illuminate\\Pipeline\\{closure}()
#16 /home/agstudiodiital/public_html/magia/vendor/laravel/framework/src/Illuminate/Pipeline/Pipeline.php(183): Illuminate\\Routing\\Middleware\\SubstituteBindings->handle()
#17 /home/agstudiodiital/public_html/magia/vendor/laravel/framework/src/Illuminate/Auth/Middleware/Authenticate.php(57): Illuminate\\Pipeline\\Pipeline->Illuminate\\Pipeline\\{closure}()
#18 /home/agstudiodiital/public_html/magia/vendor/laravel/framework/src/Illuminate/Pipeline/Pipeline.php(183): Illuminate\\Auth\\Middleware\\Authenticate->handle()
#19 /home/agstudiodiital/public_html/magia/vendor/laravel/framework/src/Illuminate/Foundation/Http/Middleware/VerifyCsrfToken.php(78): Illuminate\\Pipeline\\Pipeline->Illuminate\\Pipeline\\{closure}()
#20 /home/agstudiodiital/public_html/magia/vendor/laravel/framework/src/Illuminate/Pipeline/Pipeline.php(183): Illuminate\\Foundation\\Http\\Middleware\\VerifyCsrfToken->handle()
#21 /home/agstudiodiital/public_html/magia/vendor/laravel/framework/src/Illuminate/View/Middleware/ShareErrorsFromSession.php(49): Illuminate\\Pipeline\\Pipeline->Illuminate\\Pipeline\\{closure}()
#22 /home/agstudiodiital/public_html/magia/vendor/laravel/framework/src/Illuminate/Pipeline/Pipeline.php(183): Illuminate\\View\\Middleware\\ShareErrorsFromSession->handle()
#23 /home/agstudiodiital/public_html/magia/vendor/laravel/framework/src/Illuminate/Session/Middleware/StartSession.php(121): Illuminate\\Pipeline\\Pipeline->Illuminate\\Pipeline\\{closure}()
#24 /home/agstudiodiital/public_html/magia/vendor/laravel/framework/src/Illuminate/Session/Middleware/StartSession.php(64): Illuminate\\Session\\Middleware\\StartSession->handleStatefulRequest()
#25 /home/agstudiodiital/public_html/magia/vendor/laravel/framework/src/Illuminate/Pipeline/Pipeline.php(183): Illuminate\\Session\\Middleware\\StartSession->handle()
#26 /home/agstudiodiital/public_html/magia/vendor/laravel/framework/src/Illuminate/Cookie/Middleware/AddQueuedCookiesToResponse.php(37): Illuminate\\Pipeline\\Pipeline->Illuminate\\Pipeline\\{closure}()
#27 /home/agstudiodiital/public_html/magia/vendor/laravel/framework/src/Illuminate/Pipeline/Pipeline.php(183): Illuminate\\Cookie\\Middleware\\AddQueuedCookiesToResponse->handle()
#28 /home/agstudiodiital/public_html/magia/vendor/laravel/framework/src/Illuminate/Cookie/Middleware/EncryptCookies.php(67): Illuminate\\Pipeline\\Pipeline->Illuminate\\Pipeline\\{closure}()
#29 /home/agstudiodiital/public_html/magia/vendor/laravel/framework/src/Illuminate/Pipeline/Pipeline.php(183): Illuminate\\Cookie\\Middleware\\EncryptCookies->handle()
#30 /home/agstudiodiital/public_html/magia/vendor/laravel/framework/src/Illuminate/Pipeline/Pipeline.php(119): Illuminate\\Pipeline\\Pipeline->Illuminate\\Pipeline\\{closure}()
#31 /home/agstudiodiital/public_html/magia/vendor/laravel/framework/src/Illuminate/Routing/Router.php(807): Illuminate\\Pipeline\\Pipeline->then()
#32 /home/agstudiodiital/public_html/magia/vendor/laravel/framework/src/Illuminate/Routing/Router.php(784): Illuminate\\Routing\\Router->runRouteWithinStack()
#33 /home/agstudiodiital/public_html/magia/vendor/laravel/framework/src/Illuminate/Routing/Router.php(748): Illuminate\\Routing\\Router->runRoute()
#34 /home/agstudiodiital/public_html/magia/vendor/laravel/framework/src/Illuminate/Routing/Router.php(737): Illuminate\\Routing\\Router->dispatchToRoute()
#35 /home/agstudiodiital/public_html/magia/vendor/laravel/framework/src/Illuminate/Foundation/Http/Kernel.php(200): Illuminate\\Routing\\Router->dispatch()
#36 /home/agstudiodiital/public_html/magia/vendor/laravel/framework/src/Illuminate/Pipeline/Pipeline.php(144): Illuminate\\Foundation\\Http\\Kernel->Illuminate\\Foundation\\Http\\{closure}()
#37 /home/agstudiodiital/public_html/magia/vendor/laravel/framework/src/Illuminate/Foundation/Http/Middleware/TransformsRequest.php(21): Illuminate\\Pipeline\\Pipeline->Illuminate\\Pipeline\\{closure}()
#38 /home/agstudiodiital/public_html/magia/vendor/laravel/framework/src/Illuminate/Foundation/Http/Middleware/ConvertEmptyStringsToNull.php(31): Illuminate\\Foundation\\Http\\Middleware\\TransformsRequest->handle()
#39 /home/agstudiodiital/public_html/magia/vendor/laravel/framework/src/Illuminate/Pipeline/Pipeline.php(183): Illuminate\\Foundation\\Http\\Middleware\\ConvertEmptyStringsToNull->handle()
#40 /home/agstudiodiital/public_html/magia/vendor/laravel/framework/src/Illuminate/Foundation/Http/Middleware/TransformsRequest.php(21): Illuminate\\Pipeline\\Pipeline->Illuminate\\Pipeline\\{closure}()
#41 /home/agstudiodiital/public_html/magia/vendor/laravel/framework/src/Illuminate/Foundation/Http/Middleware/TrimStrings.php(40): Illuminate\\Foundation\\Http\\Middleware\\TransformsRequest->handle()
#42 /home/agstudiodiital/public_html/magia/vendor/laravel/framework/src/Illuminate/Pipeline/Pipeline.php(183): Illuminate\\Foundation\\Http\\Middleware\\TrimStrings->handle()
#43 /home/agstudiodiital/public_html/magia/vendor/laravel/framework/src/Illuminate/Foundation/Http/Middleware/ValidatePostSize.php(27): Illuminate\\Pipeline\\Pipeline->Illuminate\\Pipeline\\{closure}()
#44 /home/agstudiodiital/public_html/magia/vendor/laravel/framework/src/Illuminate/Pipeline/Pipeline.php(183): Illuminate\\Foundation\\Http\\Middleware\\ValidatePostSize->handle()
#45 /home/agstudiodiital/public_html/magia/vendor/laravel/framework/src/Illuminate/Foundation/Http/Middleware/PreventRequestsDuringMaintenance.php(99): Illuminate\\Pipeline\\Pipeline->Illuminate\\Pipeline\\{closure}()
#46 /home/agstudiodiital/public_html/magia/vendor/laravel/framework/src/Illuminate/Pipeline/Pipeline.php(183): Illuminate\\Foundation\\Http\\Middleware\\PreventRequestsDuringMaintenance->handle()
#47 /home/agstudiodiital/public_html/magia/vendor/laravel/framework/src/Illuminate/Http/Middleware/HandleCors.php(49): Illuminate\\Pipeline\\Pipeline->Illuminate\\Pipeline\\{closure}()
#48 /home/agstudiodiital/public_html/magia/vendor/laravel/framework/src/Illuminate/Pipeline/Pipeline.php(183): Illuminate\\Http\\Middleware\\HandleCors->handle()
#49 /home/agstudiodiital/public_html/magia/vendor/laravel/framework/src/Illuminate/Http/Middleware/TrustProxies.php(39): Illuminate\\Pipeline\\Pipeline->Illuminate\\Pipeline\\{closure}()
#50 /home/agstudiodiital/public_html/magia/vendor/laravel/framework/src/Illuminate/Pipeline/Pipeline.php(183): Illuminate\\Http\\Middleware\\TrustProxies->handle()
#51 /home/agstudiodiital/public_html/magia/vendor/laravel/framework/src/Illuminate/Pipeline/Pipeline.php(119): Illuminate\\Pipeline\\Pipeline->Illuminate\\Pipeline\\{closure}()
#52 /home/agstudiodiital/public_html/magia/vendor/laravel/framework/src/Illuminate/Foundation/Http/Kernel.php(175): Illuminate\\Pipeline\\Pipeline->then()
#53 /home/agstudiodiital/public_html/magia/vendor/laravel/framework/src/Illuminate/Foundation/Http/Kernel.php(144): Illuminate\\Foundation\\Http\\Kernel->sendRequestThroughRouter()
#54 /home/agstudiodiital/public_html/magia/public/index.php(52): Illuminate\\Foundation\\Http\\Kernel->handle()
#55 {main}

[previous exception] [object] (ErrorException(code: 0): Undefined variable $totaleClienti at /home/agstudiodiital/public_html/magia/storage/framework/views/a75176e0b179937379418d239b49e383.php:14)
[stacktrace]
#0 /home/agstudiodiital/public_html/magia/vendor/laravel/framework/src/Illuminate/Foundation/Bootstrap/HandleExceptions.php(255): Illuminate\\Foundation\\Bootstrap\\HandleExceptions->handleError()
#1 /home/agstudiodiital/public_html/magia/storage/framework/views/a75176e0b179937379418d239b49e383.php(14): Illuminate\\Foundation\\Bootstrap\\HandleExceptions->Illuminate\\Foundation\\Bootstrap\\{closure}()
#2 /home/agstudiodiital/public_html/magia/vendor/laravel/framework/src/Illuminate/Filesystem/Filesystem.php(123): require('/home/agstudiod...')
#3 /home/agstudiodiital/public_html/magia/vendor/laravel/framework/src/Illuminate/Filesystem/Filesystem.php(124): Illuminate\\Filesystem\\Filesystem::Illuminate\\Filesystem\\{closure}()
#4 /home/agstudiodiital/public_html/magia/vendor/laravel/framework/src/Illuminate/View/Engines/PhpEngine.php(58): Illuminate\\Filesystem\\Filesystem->getRequire()
#5 /home/agstudiodiital/public_html/magia/vendor/laravel/framework/src/Illuminate/View/Engines/CompilerEngine.php(72): Illuminate\\View\\Engines\\PhpEngine->evaluatePath()
#6 /home/agstudiodiital/public_html/magia/vendor/laravel/framework/src/Illuminate/View/View.php(207): Illuminate\\View\\Engines\\CompilerEngine->get()
#7 /home/agstudiodiital/public_html/magia/vendor/laravel/framework/src/Illuminate/View/View.php(190): Illuminate\\View\\View->getContents()
#8 /home/agstudiodiital/public_html/magia/vendor/laravel/framework/src/Illuminate/View/View.php(159): Illuminate\\View\\View->renderContents()
#9 /home/agstudiodiital/public_html/magia/vendor/laravel/framework/src/Illuminate/Http/Response.php(69): Illuminate\\View\\View->render()
#10 /home/agstudiodiital/public_html/magia/vendor/laravel/framework/src/Illuminate/Http/Response.php(35): Illuminate\\Http\\Response->setContent()
#11 /home/agstudiodiital/public_html/magia/vendor/laravel/framework/src/Illuminate/Routing/Router.php(918): Illuminate\\Http\\Response->__construct()
#12 /home/agstudiodiital/public_html/magia/vendor/laravel/framework/src/Illuminate/Routing/Router.php(885): Illuminate\\Routing\\Router::toResponse()
#13 /home/agstudiodiital/public_html/magia/vendor/laravel/framework/src/Illuminate/Routing/Router.php(806): Illuminate\\Routing\\Router->prepareResponse()
#14 /home/agstudiodiital/public_html/magia/vendor/laravel/framework/src/Illuminate/Pipeline/Pipeline.php(144): Illuminate\\Routing\\Router->Illuminate\\Routing\\{closure}()
#15 /home/agstudiodiital/public_html/magia/app/Http/Middleware/VerificaTipoUtente.php(53): Illuminate\\Pipeline\\Pipeline->Illuminate\\Pipeline\\{closure}()
#16 /home/agstudiodiital/public_html/magia/vendor/laravel/framework/src/Illuminate/Pipeline/Pipeline.php(183): App\\Http\\Middleware\\VerificaTipoUtente->handle()
#17 /home/agstudiodiital/public_html/magia/vendor/laravel/framework/src/Illuminate/Routing/Middleware/SubstituteBindings.php(50): Illuminate\\Pipeline\\Pipeline->Illuminate\\Pipeline\\{closure}()
#18 /home/agstudiodiital/public_html/magia/vendor/laravel/framework/src/Illuminate/Pipeline/Pipeline.php(183): Illuminate\\Routing\\Middleware\\SubstituteBindings->handle()
#19 /home/agstudiodiital/public_html/magia/vendor/laravel/framework/src/Illuminate/Auth/Middleware/Authenticate.php(57): Illuminate\\Pipeline\\Pipeline->Illuminate\\Pipeline\\{closure}()
#20 /home/agstudiodiital/public_html/magia/vendor/laravel/framework/src/Illuminate/Pipeline/Pipeline.php(183): Illuminate\\Auth\\Middleware\\Authenticate->handle()
#21 /home/agstudiodiital/public_html/magia/vendor/laravel/framework/src/Illuminate/Foundation/Http/Middleware/VerifyCsrfToken.php(78): Illuminate\\Pipeline\\Pipeline->Illuminate\\Pipeline\\{closure}()
#22 /home/agstudiodiital/public_html/magia/vendor/laravel/framework/src/Illuminate/Pipeline/Pipeline.php(183): Illuminate\\Foundation\\Http\\Middleware\\VerifyCsrfToken->handle()
#23 /home/agstudiodiital/public_html/magia/vendor/laravel/framework/src/Illuminate/View/Middleware/ShareErrorsFromSession.php(49): Illuminate\\Pipeline\\Pipeline->Illuminate\\Pipeline\\{closure}()
#24 /home/agstudiodiital/public_html/magia/vendor/laravel/framework/src/Illuminate/Pipeline/Pipeline.php(183): Illuminate\\View\\Middleware\\ShareErrorsFromSession->handle()
#25 /home/agstudiodiital/public_html/magia/vendor/laravel/framework/src/Illuminate/Session/Middleware/StartSession.php(121): Illuminate\\Pipeline\\Pipeline->Illuminate\\Pipeline\\{closure}()
#26 /home/agstudiodiital/public_html/magia/vendor/laravel/framework/src/Illuminate/Session/Middleware/StartSession.php(64): Illuminate\\Session\\Middleware\\StartSession->handleStatefulRequest()
#27 /home/agstudiodiital/public_html/magia/vendor/laravel/framework/src/Illuminate/Pipeline/Pipeline.php(183): Illuminate\\Session\\Middleware\\StartSession->handle()
#28 /home/agstudiodiital/public_html/magia/vendor/laravel/framework/src/Illuminate/Cookie/Middleware/AddQueuedCookiesToResponse.php(37): Illuminate\\Pipeline\\Pipeline->Illuminate\\Pipeline\\{closure}()
#29 /home/agstudiodiital/public_html/magia/vendor/laravel/framework/src/Illuminate/Pipeline/Pipeline.php(183): Illuminate\\Cookie\\Middleware\\AddQueuedCookiesToResponse->handle()
#30 /home/agstudiodiital/public_html/magia/vendor/laravel/framework/src/Illuminate/Cookie/Middleware/EncryptCookies.php(67): Illuminate\\Pipeline\\Pipeline->Illuminate\\Pipeline\\{closure}()
#31 /home/agstudiodiital/public_html/magia/vendor/laravel/framework/src/Illuminate/Pipeline/Pipeline.php(183): Illuminate\\Cookie\\Middleware\\EncryptCookies->handle()
#32 /home/agstudiodiital/public_html/magia/vendor/laravel/framework/src/Illuminate/Pipeline/Pipeline.php(119): Illuminate\\Pipeline\\Pipeline->Illuminate\\Pipeline\\{closure}()
#33 /home/agstudiodiital/public_html/magia/vendor/laravel/framework/src/Illuminate/Routing/Router.php(807): Illuminate\\Pipeline\\Pipeline->then()
#34 /home/agstudiodiital/public_html/magia/vendor/laravel/framework/src/Illuminate/Routing/Router.php(784): Illuminate\\Routing\\Router->runRouteWithinStack()
#35 /home/agstudiodiital/public_html/magia/vendor/laravel/framework/src/Illuminate/Routing/Router.php(748): Illuminate\\Routing\\Router->runRoute()
#36 /home/agstudiodiital/public_html/magia/vendor/laravel/framework/src/Illuminate/Routing/Router.php(737): Illuminate\\Routing\\Router->dispatchToRoute()
#37 /home/agstudiodiital/public_html/magia/vendor/laravel/framework/src/Illuminate/Foundation/Http/Kernel.php(200): Illuminate\\Routing\\Router->dispatch()
#38 /home/agstudiodiital/public_html/magia/vendor/laravel/framework/src/Illuminate/Pipeline/Pipeline.php(144): Illuminate\\Foundation\\Http\\Kernel->Illuminate\\Foundation\\Http\\{closure}()
#39 /home/agstudiodiital/public_html/magia/vendor/laravel/framework/src/Illuminate/Foundation/Http/Middleware/TransformsRequest.php(21): Illuminate\\Pipeline\\Pipeline->Illuminate\\Pipeline\\{closure}()
#40 /home/agstudiodiital/public_html/magia/vendor/laravel/framework/src/Illuminate/Foundation/Http/Middleware/ConvertEmptyStringsToNull.php(31): Illuminate\\Foundation\\Http\\Middleware\\TransformsRequest->handle()
#41 /home/agstudiodiital/public_html/magia/vendor/laravel/framework/src/Illuminate/Pipeline/Pipeline.php(183): Illuminate\\Foundation\\Http\\Middleware\\ConvertEmptyStringsToNull->handle()
#42 /home/agstudiodiital/public_html/magia/vendor/laravel/framework/src/Illuminate/Foundation/Http/Middleware/TransformsRequest.php(21): Illuminate\\Pipeline\\Pipeline->Illuminate\\Pipeline\\{closure}()
#43 /home/agstudiodiital/public_html/magia/vendor/laravel/framework/src/Illuminate/Foundation/Http/Middleware/TrimStrings.php(40): Illuminate\\Foundation\\Http\\Middleware\\TransformsRequest->handle()
#44 /home/agstudiodiital/public_html/magia/vendor/laravel/framework/src/Illuminate/Pipeline/Pipeline.php(183): Illuminate\\Foundation\\Http\\Middleware\\TrimStrings->handle()
#45 /home/agstudiodiital/public_html/magia/vendor/laravel/framework/src/Illuminate/Foundation/Http/Middleware/ValidatePostSize.php(27): Illuminate\\Pipeline\\Pipeline->Illuminate\\Pipeline\\{closure}()
#46 /home/agstudiodiital/public_html/magia/vendor/laravel/framework/src/Illuminate/Pipeline/Pipeline.php(183): Illuminate\\Foundation\\Http\\Middleware\\ValidatePostSize->handle()
#47 /home/agstudiodiital/public_html/magia/vendor/laravel/framework/src/Illuminate/Foundation/Http/Middleware/PreventRequestsDuringMaintenance.php(99): Illuminate\\Pipeline\\Pipeline->Illuminate\\Pipeline\\{closure}()
#48 /home/agstudiodiital/public_html/magia/vendor/laravel/framework/src/Illuminate/Pipeline/Pipeline.php(183): Illuminate\\Foundation\\Http\\Middleware\\PreventRequestsDuringMaintenance->handle()
#49 /home/agstudiodiital/public_html/magia/vendor/laravel/framework/src/Illuminate/Http/Middleware/HandleCors.php(49): Illuminate\\Pipeline\\Pipeline->Illuminate\\Pipeline\\{closure}()
#50 /home/agstudiodiital/public_html/magia/vendor/laravel/framework/src/Illuminate/Pipeline/Pipeline.php(183): Illuminate\\Http\\Middleware\\HandleCors->handle()
#51 /home/agstudiodiital/public_html/magia/vendor/laravel/framework/src/Illuminate/Http/Middleware/TrustProxies.php(39): Illuminate\\Pipeline\\Pipeline->Illuminate\\Pipeline\\{closure}()
#52 /home/agstudiodiital/public_html/magia/vendor/laravel/framework/src/Illuminate/Pipeline/Pipeline.php(183): Illuminate\\Http\\Middleware\\TrustProxies->handle()
#53 /home/agstudiodiital/public_html/magia/vendor/laravel/framework/src/Illuminate/Pipeline/Pipeline.php(119): Illuminate\\Pipeline\\Pipeline->Illuminate\\Pipeline\\{closure}()
#54 /home/agstudiodiital/public_html/magia/vendor/laravel/framework/src/Illuminate/Foundation/Http/Kernel.php(175): Illuminate\\Pipeline\\Pipeline->then()
#55 /home/agstudiodiital/public_html/magia/vendor/laravel/framework/src/Illuminate/Foundation/Http/Kernel.php(144): Illuminate\\Foundation\\Http\\Kernel->sendRequestThroughRouter()
#56 /home/agstudiodiital/public_html/magia/public/index.php(52): Illuminate\\Foundation\\Http\\Kernel->handle()
#57 {main}
"} 
[2025-11-10 09:06:18] production.ERROR: Undefined variable $totaleClienti {"view":{"view":"/home/agstudiodiital/public_html/magia/resources/views/admin/dashboard.blade.php","data":[]},"userId":1,"exception":"[object] (Spatie\\LaravelIgnition\\Exceptions\\ViewException(code: 0): Undefined variable $totaleClienti at /home/agstudiodiital/public_html/magia/resources/views/admin/dashboard.blade.php:16)
[stacktrace]
#0 /home/agstudiodiital/public_html/magia/vendor/laravel/framework/src/Illuminate/Filesystem/Filesystem.php(123): require('/home/agstudiod...')
#1 /home/agstudiodiital/public_html/magia/vendor/laravel/framework/src/Illuminate/Filesystem/Filesystem.php(124): Illuminate\\Filesystem\\Filesystem::Illuminate\\Filesystem\\{closure}()
#2 /home/agstudiodiital/public_html/magia/vendor/laravel/framework/src/Illuminate/View/Engines/PhpEngine.php(58): Illuminate\\Filesystem\\Filesystem->getRequire()
#3 /home/agstudiodiital/public_html/magia/vendor/laravel/framework/src/Illuminate/View/Engines/CompilerEngine.php(72): Illuminate\\View\\Engines\\PhpEngine->evaluatePath()
#4 /home/agstudiodiital/public_html/magia/vendor/laravel/framework/src/Illuminate/View/View.php(207): Illuminate\\View\\Engines\\CompilerEngine->get()
#5 /home/agstudiodiital/public_html/magia/vendor/laravel/framework/src/Illuminate/View/View.php(190): Illuminate\\View\\View->getContents()
#6 /home/agstudiodiital/public_html/magia/vendor/laravel/framework/src/Illuminate/View/View.php(159): Illuminate\\View\\View->renderContents()
#7 /home/agstudiodiital/public_html/magia/vendor/laravel/framework/src/Illuminate/Http/Response.php(69): Illuminate\\View\\View->render()
#8 /home/agstudiodiital/public_html/magia/vendor/laravel/framework/src/Illuminate/Http/Response.php(35): Illuminate\\Http\\Response->setContent()
#9 /home/agstudiodiital/public_html/magia/vendor/laravel/framework/src/Illuminate/Routing/Router.php(918): Illuminate\\Http\\Response->__construct()
#10 /home/agstudiodiital/public_html/magia/vendor/laravel/framework/src/Illuminate/Routing/Router.php(885): Illuminate\\Routing\\Router::toResponse()
#11 /home/agstudiodiital/public_html/magia/vendor/laravel/framework/src/Illuminate/Routing/Router.php(806): Illuminate\\Routing\\Router->prepareResponse()
#12 /home/agstudiodiital/public_html/magia/vendor/laravel/framework/src/Illuminate/Pipeline/Pipeline.php(144): Illuminate\\Routing\\Router->Illuminate\\Routing\\{closure}()
#13 /home/agstudiodiital/public_html/magia/app/Http/Middleware/VerificaTipoUtente.php(53): Illuminate\\Pipeline\\Pipeline->Illuminate\\Pipeline\\{closure}()
#14 /home/agstudiodiital/public_html/magia/vendor/laravel/framework/src/Illuminate/Pipeline/Pipeline.php(183): App\\Http\\Middleware\\VerificaTipoUtente->handle()
#15 /home/agstudiodiital/public_html/magia/vendor/laravel/framework/src/Illuminate/Routing/Middleware/SubstituteBindings.php(50): Illuminate\\Pipeline\\Pipeline->Illuminate\\Pipeline\\{closure}()
#16 /home/agstudiodiital/public_html/magia/vendor/laravel/framework/src/Illuminate/Pipeline/Pipeline.php(183): Illuminate\\Routing\\Middleware\\SubstituteBindings->handle()
#17 /home/agstudiodiital/public_html/magia/vendor/laravel/framework/src/Illuminate/Auth/Middleware/Authenticate.php(57): Illuminate\\Pipeline\\Pipeline->Illuminate\\Pipeline\\{closure}()
#18 /home/agstudiodiital/public_html/magia/vendor/laravel/framework/src/Illuminate/Pipeline/Pipeline.php(183): Illuminate\\Auth\\Middleware\\Authenticate->handle()
#19 /home/agstudiodiital/public_html/magia/vendor/laravel/framework/src/Illuminate/Foundation/Http/Middleware/VerifyCsrfToken.php(78): Illuminate\\Pipeline\\Pipeline->Illuminate\\Pipeline\\{closure}()
#20 /home/agstudiodiital/public_html/magia/vendor/laravel/framework/src/Illuminate/Pipeline/Pipeline.php(183): Illuminate\\Foundation\\Http\\Middleware\\VerifyCsrfToken->handle()
#21 /home/agstudiodiital/public_html/magia/vendor/laravel/framework/src/Illuminate/View/Middleware/ShareErrorsFromSession.php(49): Illuminate\\Pipeline\\Pipeline->Illuminate\\Pipeline\\{closure}()
#22 /home/agstudiodiital/public_html/magia/vendor/laravel/framework/src/Illuminate/Pipeline/Pipeline.php(183): Illuminate\\View\\Middleware\\ShareErrorsFromSession->handle()
#23 /home/agstudiodiital/public_html/magia/vendor/laravel/framework/src/Illuminate/Session/Middleware/StartSession.php(121): Illuminate\\Pipeline\\Pipeline->Illuminate\\Pipeline\\{closure}()
#24 /home/agstudiodiital/public_html/magia/vendor/laravel/framework/src/Illuminate/Session/Middleware/StartSession.php(64): Illuminate\\Session\\Middleware\\StartSession->handleStatefulRequest()
#25 /home/agstudiodiital/public_html/magia/vendor/laravel/framework/src/Illuminate/Pipeline/Pipeline.php(183): Illuminate\\Session\\Middleware\\StartSession->handle()
#26 /home/agstudiodiital/public_html/magia/vendor/laravel/framework/src/Illuminate/Cookie/Middleware/AddQueuedCookiesToResponse.php(37): Illuminate\\Pipeline\\Pipeline->Illuminate\\Pipeline\\{closure}()
#27 /home/agstudiodiital/public_html/magia/vendor/laravel/framework/src/Illuminate/Pipeline/Pipeline.php(183): Illuminate\\Cookie\\Middleware\\AddQueuedCookiesToResponse->handle()
#28 /home/agstudiodiital/public_html/magia/vendor/laravel/framework/src/Illuminate/Cookie/Middleware/EncryptCookies.php(67): Illuminate\\Pipeline\\Pipeline->Illuminate\\Pipeline\\{closure}()
#29 /home/agstudiodiital/public_html/magia/vendor/laravel/framework/src/Illuminate/Pipeline/Pipeline.php(183): Illuminate\\Cookie\\Middleware\\EncryptCookies->handle()
#30 /home/agstudiodiital/public_html/magia/vendor/laravel/framework/src/Illuminate/Pipeline/Pipeline.php(119): Illuminate\\Pipeline\\Pipeline->Illuminate\\Pipeline\\{closure}()
#31 /home/agstudiodiital/public_html/magia/vendor/laravel/framework/src/Illuminate/Routing/Router.php(807): Illuminate\\Pipeline\\Pipeline->then()
#32 /home/agstudiodiital/public_html/magia/vendor/laravel/framework/src/Illuminate/Routing/Router.php(784): Illuminate\\Routing\\Router->runRouteWithinStack()
#33 /home/agstudiodiital/public_html/magia/vendor/laravel/framework/src/Illuminate/Routing/Router.php(748): Illuminate\\Routing\\Router->runRoute()
#34 /home/agstudiodiital/public_html/magia/vendor/laravel/framework/src/Illuminate/Routing/Router.php(737): Illuminate\\Routing\\Router->dispatchToRoute()
#35 /home/agstudiodiital/public_html/magia/vendor/laravel/framework/src/Illuminate/Foundation/Http/Kernel.php(200): Illuminate\\Routing\\Router->dispatch()
#36 /home/agstudiodiital/public_html/magia/vendor/laravel/framework/src/Illuminate/Pipeline/Pipeline.php(144): Illuminate\\Foundation\\Http\\Kernel->Illuminate\\Foundation\\Http\\{closure}()
#37 /home/agstudiodiital/public_html/magia/vendor/laravel/framework/src/Illuminate/Foundation/Http/Middleware/TransformsRequest.php(21): Illuminate\\Pipeline\\Pipeline->Illuminate\\Pipeline\\{closure}()
#38 /home/agstudiodiital/public_html/magia/vendor/laravel/framework/src/Illuminate/Foundation/Http/Middleware/ConvertEmptyStringsToNull.php(31): Illuminate\\Foundation\\Http\\Middleware\\TransformsRequest->handle()
#39 /home/agstudiodiital/public_html/magia/vendor/laravel/framework/src/Illuminate/Pipeline/Pipeline.php(183): Illuminate\\Foundation\\Http\\Middleware\\ConvertEmptyStringsToNull->handle()
#40 /home/agstudiodiital/public_html/magia/vendor/laravel/framework/src/Illuminate/Foundation/Http/Middleware/TransformsRequest.php(21): Illuminate\\Pipeline\\Pipeline->Illuminate\\Pipeline\\{closure}()
#41 /home/agstudiodiital/public_html/magia/vendor/laravel/framework/src/Illuminate/Foundation/Http/Middleware/TrimStrings.php(40): Illuminate\\Foundation\\Http\\Middleware\\TransformsRequest->handle()
#42 /home/agstudiodiital/public_html/magia/vendor/laravel/framework/src/Illuminate/Pipeline/Pipeline.php(183): Illuminate\\Foundation\\Http\\Middleware\\TrimStrings->handle()
#43 /home/agstudiodiital/public_html/magia/vendor/laravel/framework/src/Illuminate/Foundation/Http/Middleware/ValidatePostSize.php(27): Illuminate\\Pipeline\\Pipeline->Illuminate\\Pipeline\\{closure}()
#44 /home/agstudiodiital/public_html/magia/vendor/laravel/framework/src/Illuminate/Pipeline/Pipeline.php(183): Illuminate\\Foundation\\Http\\Middleware\\ValidatePostSize->handle()
#45 /home/agstudiodiital/public_html/magia/vendor/laravel/framework/src/Illuminate/Foundation/Http/Middleware/PreventRequestsDuringMaintenance.php(99): Illuminate\\Pipeline\\Pipeline->Illuminate\\Pipeline\\{closure}()
#46 /home/agstudiodiital/public_html/magia/vendor/laravel/framework/src/Illuminate/Pipeline/Pipeline.php(183): Illuminate\\Foundation\\Http\\Middleware\\PreventRequestsDuringMaintenance->handle()
#47 /home/agstudiodiital/public_html/magia/vendor/laravel/framework/src/Illuminate/Http/Middleware/HandleCors.php(49): Illuminate\\Pipeline\\Pipeline->Illuminate\\Pipeline\\{closure}()
#48 /home/agstudiodiital/public_html/magia/vendor/laravel/framework/src/Illuminate/Pipeline/Pipeline.php(183): Illuminate\\Http\\Middleware\\HandleCors->handle()
#49 /home/agstudiodiital/public_html/magia/vendor/laravel/framework/src/Illuminate/Http/Middleware/TrustProxies.php(39): Illuminate\\Pipeline\\Pipeline->Illuminate\\Pipeline\\{closure}()
#50 /home/agstudiodiital/public_html/magia/vendor/laravel/framework/src/Illuminate/Pipeline/Pipeline.php(183): Illuminate\\Http\\Middleware\\TrustProxies->handle()
#51 /home/agstudiodiital/public_html/magia/vendor/laravel/framework/src/Illuminate/Pipeline/Pipeline.php(119): Illuminate\\Pipeline\\Pipeline->Illuminate\\Pipeline\\{closure}()
#52 /home/agstudiodiital/public_html/magia/vendor/laravel/framework/src/Illuminate/Foundation/Http/Kernel.php(175): Illuminate\\Pipeline\\Pipeline->then()
#53 /home/agstudiodiital/public_html/magia/vendor/laravel/framework/src/Illuminate/Foundation/Http/Kernel.php(144): Illuminate\\Foundation\\Http\\Kernel->sendRequestThroughRouter()
#54 /home/agstudiodiital/public_html/magia/public/index.php(52): Illuminate\\Foundation\\Http\\Kernel->handle()
#55 {main}

[previous exception] [object] (ErrorException(code: 0): Undefined variable $totaleClienti at /home/agstudiodiital/public_html/magia/storage/framework/views/a75176e0b179937379418d239b49e383.php:14)
[stacktrace]
#0 /home/agstudiodiital/public_html/magia/vendor/laravel/framework/src/Illuminate/Foundation/Bootstrap/HandleExceptions.php(255): Illuminate\\Foundation\\Bootstrap\\HandleExceptions->handleError()
#1 /home/agstudiodiital/public_html/magia/storage/framework/views/a75176e0b179937379418d239b49e383.php(14): Illuminate\\Foundation\\Bootstrap\\HandleExceptions->Illuminate\\Foundation\\Bootstrap\\{closure}()
#2 /home/agstudiodiital/public_html/magia/vendor/laravel/framework/src/Illuminate/Filesystem/Filesystem.php(123): require('/home/agstudiod...')
#3 /home/agstudiodiital/public_html/magia/vendor/laravel/framework/src/Illuminate/Filesystem/Filesystem.php(124): Illuminate\\Filesystem\\Filesystem::Illuminate\\Filesystem\\{closure}()
#4 /home/agstudiodiital/public_html/magia/vendor/laravel/framework/src/Illuminate/View/Engines/PhpEngine.php(58): Illuminate\\Filesystem\\Filesystem->getRequire()
#5 /home/agstudiodiital/public_html/magia/vendor/laravel/framework/src/Illuminate/View/Engines/CompilerEngine.php(72): Illuminate\\View\\Engines\\PhpEngine->evaluatePath()
#6 /home/agstudiodiital/public_html/magia/vendor/laravel/framework/src/Illuminate/View/View.php(207): Illuminate\\View\\Engines\\CompilerEngine->get()
#7 /home/agstudiodiital/public_html/magia/vendor/laravel/framework/src/Illuminate/View/View.php(190): Illuminate\\View\\View->getContents()
#8 /home/agstudiodiital/public_html/magia/vendor/laravel/framework/src/Illuminate/View/View.php(159): Illuminate\\View\\View->renderContents()
#9 /home/agstudiodiital/public_html/magia/vendor/laravel/framework/src/Illuminate/Http/Response.php(69): Illuminate\\View\\View->render()
#10 /home/agstudiodiital/public_html/magia/vendor/laravel/framework/src/Illuminate/Http/Response.php(35): Illuminate\\Http\\Response->setContent()
#11 /home/agstudiodiital/public_html/magia/vendor/laravel/framework/src/Illuminate/Routing/Router.php(918): Illuminate\\Http\\Response->__construct()
#12 /home/agstudiodiital/public_html/magia/vendor/laravel/framework/src/Illuminate/Routing/Router.php(885): Illuminate\\Routing\\Router::toResponse()
#13 /home/agstudiodiital/public_html/magia/vendor/laravel/framework/src/Illuminate/Routing/Router.php(806): Illuminate\\Routing\\Router->prepareResponse()
#14 /home/agstudiodiital/public_html/magia/vendor/laravel/framework/src/Illuminate/Pipeline/Pipeline.php(144): Illuminate\\Routing\\Router->Illuminate\\Routing\\{closure}()
#15 /home/agstudiodiital/public_html/magia/app/Http/Middleware/VerificaTipoUtente.php(53): Illuminate\\Pipeline\\Pipeline->Illuminate\\Pipeline\\{closure}()
#16 /home/agstudiodiital/public_html/magia/vendor/laravel/framework/src/Illuminate/Pipeline/Pipeline.php(183): App\\Http\\Middleware\\VerificaTipoUtente->handle()
#17 /home/agstudiodiital/public_html/magia/vendor/laravel/framework/src/Illuminate/Routing/Middleware/SubstituteBindings.php(50): Illuminate\\Pipeline\\Pipeline->Illuminate\\Pipeline\\{closure}()
#18 /home/agstudiodiital/public_html/magia/vendor/laravel/framework/src/Illuminate/Pipeline/Pipeline.php(183): Illuminate\\Routing\\Middleware\\SubstituteBindings->handle()
#19 /home/agstudiodiital/public_html/magia/vendor/laravel/framework/src/Illuminate/Auth/Middleware/Authenticate.php(57): Illuminate\\Pipeline\\Pipeline->Illuminate\\Pipeline\\{closure}()
#20 /home/agstudiodiital/public_html/magia/vendor/laravel/framework/src/Illuminate/Pipeline/Pipeline.php(183): Illuminate\\Auth\\Middleware\\Authenticate->handle()
#21 /home/agstudiodiital/public_html/magia/vendor/laravel/framework/src/Illuminate/Foundation/Http/Middleware/VerifyCsrfToken.php(78): Illuminate\\Pipeline\\Pipeline->Illuminate\\Pipeline\\{closure}()
#22 /home/agstudiodiital/public_html/magia/vendor/laravel/framework/src/Illuminate/Pipeline/Pipeline.php(183): Illuminate\\Foundation\\Http\\Middleware\\VerifyCsrfToken->handle()
#23 /home/agstudiodiital/public_html/magia/vendor/laravel/framework/src/Illuminate/View/Middleware/ShareErrorsFromSession.php(49): Illuminate\\Pipeline\\Pipeline->Illuminate\\Pipeline\\{closure}()
#24 /home/agstudiodiital/public_html/magia/vendor/laravel/framework/src/Illuminate/Pipeline/Pipeline.php(183): Illuminate\\View\\Middleware\\ShareErrorsFromSession->handle()
#25 /home/agstudiodiital/public_html/magia/vendor/laravel/framework/src/Illuminate/Session/Middleware/StartSession.php(121): Illuminate\\Pipeline\\Pipeline->Illuminate\\Pipeline\\{closure}()
#26 /home/agstudiodiital/public_html/magia/vendor/laravel/framework/src/Illuminate/Session/Middleware/StartSession.php(64): Illuminate\\Session\\Middleware\\StartSession->handleStatefulRequest()
#27 /home/agstudiodiital/public_html/magia/vendor/laravel/framework/src/Illuminate/Pipeline/Pipeline.php(183): Illuminate\\Session\\Middleware\\StartSession->handle()
#28 /home/agstudiodiital/public_html/magia/vendor/laravel/framework/src/Illuminate/Cookie/Middleware/AddQueuedCookiesToResponse.php(37): Illuminate\\Pipeline\\Pipeline->Illuminate\\Pipeline\\{closure}()
#29 /home/agstudiodiital/public_html/magia/vendor/laravel/framework/src/Illuminate/Pipeline/Pipeline.php(183): Illuminate\\Cookie\\Middleware\\AddQueuedCookiesToResponse->handle()
#30 /home/agstudiodiital/public_html/magia/vendor/laravel/framework/src/Illuminate/Cookie/Middleware/EncryptCookies.php(67): Illuminate\\Pipeline\\Pipeline->Illuminate\\Pipeline\\{closure}()
#31 /home/agstudiodiital/public_html/magia/vendor/laravel/framework/src/Illuminate/Pipeline/Pipeline.php(183): Illuminate\\Cookie\\Middleware\\EncryptCookies->handle()
#32 /home/agstudiodiital/public_html/magia/vendor/laravel/framework/src/Illuminate/Pipeline/Pipeline.php(119): Illuminate\\Pipeline\\Pipeline->Illuminate\\Pipeline\\{closure}()
#33 /home/agstudiodiital/public_html/magia/vendor/laravel/framework/src/Illuminate/Routing/Router.php(807): Illuminate\\Pipeline\\Pipeline->then()
#34 /home/agstudiodiital/public_html/magia/vendor/laravel/framework/src/Illuminate/Routing/Router.php(784): Illuminate\\Routing\\Router->runRouteWithinStack()
#35 /home/agstudiodiital/public_html/magia/vendor/laravel/framework/src/Illuminate/Routing/Router.php(748): Illuminate\\Routing\\Router->runRoute()
#36 /home/agstudiodiital/public_html/magia/vendor/laravel/framework/src/Illuminate/Routing/Router.php(737): Illuminate\\Routing\\Router->dispatchToRoute()
#37 /home/agstudiodiital/public_html/magia/vendor/laravel/framework/src/Illuminate/Foundation/Http/Kernel.php(200): Illuminate\\Routing\\Router->dispatch()
#38 /home/agstudiodiital/public_html/magia/vendor/laravel/framework/src/Illuminate/Pipeline/Pipeline.php(144): Illuminate\\Foundation\\Http\\Kernel->Illuminate\\Foundation\\Http\\{closure}()
#39 /home/agstudiodiital/public_html/magia/vendor/laravel/framework/src/Illuminate/Foundation/Http/Middleware/TransformsRequest.php(21): Illuminate\\Pipeline\\Pipeline->Illuminate\\Pipeline\\{closure}()
#40 /home/agstudiodiital/public_html/magia/vendor/laravel/framework/src/Illuminate/Foundation/Http/Middleware/ConvertEmptyStringsToNull.php(31): Illuminate\\Foundation\\Http\\Middleware\\TransformsRequest->handle()
#41 /home/agstudiodiital/public_html/magia/vendor/laravel/framework/src/Illuminate/Pipeline/Pipeline.php(183): Illuminate\\Foundation\\Http\\Middleware\\ConvertEmptyStringsToNull->handle()
#42 /home/agstudiodiital/public_html/magia/vendor/laravel/framework/src/Illuminate/Foundation/Http/Middleware/TransformsRequest.php(21): Illuminate\\Pipeline\\Pipeline->Illuminate\\Pipeline\\{closure}()
#43 /home/agstudiodiital/public_html/magia/vendor/laravel/framework/src/Illuminate/Foundation/Http/Middleware/TrimStrings.php(40): Illuminate\\Foundation\\Http\\Middleware\\TransformsRequest->handle()
#44 /home/agstudiodiital/public_html/magia/vendor/laravel/framework/src/Illuminate/Pipeline/Pipeline.php(183): Illuminate\\Foundation\\Http\\Middleware\\TrimStrings->handle()
#45 /home/agstudiodiital/public_html/magia/vendor/laravel/framework/src/Illuminate/Foundation/Http/Middleware/ValidatePostSize.php(27): Illuminate\\Pipeline\\Pipeline->Illuminate\\Pipeline\\{closure}()
#46 /home/agstudiodiital/public_html/magia/vendor/laravel/framework/src/Illuminate/Pipeline/Pipeline.php(183): Illuminate\\Foundation\\Http\\Middleware\\ValidatePostSize->handle()
#47 /home/agstudiodiital/public_html/magia/vendor/laravel/framework/src/Illuminate/Foundation/Http/Middleware/PreventRequestsDuringMaintenance.php(99): Illuminate\\Pipeline\\Pipeline->Illuminate\\Pipeline\\{closure}()
#48 /home/agstudiodiital/public_html/magia/vendor/laravel/framework/src/Illuminate/Pipeline/Pipeline.php(183): Illuminate\\Foundation\\Http\\Middleware\\PreventRequestsDuringMaintenance->handle()
#49 /home/agstudiodiital/public_html/magia/vendor/laravel/framework/src/Illuminate/Http/Middleware/HandleCors.php(49): Illuminate\\Pipeline\\Pipeline->Illuminate\\Pipeline\\{closure}()
#50 /home/agstudiodiital/public_html/magia/vendor/laravel/framework/src/Illuminate/Pipeline/Pipeline.php(183): Illuminate\\Http\\Middleware\\HandleCors->handle()
#51 /home/agstudiodiital/public_html/magia/vendor/laravel/framework/src/Illuminate/Http/Middleware/TrustProxies.php(39): Illuminate\\Pipeline\\Pipeline->Illuminate\\Pipeline\\{closure}()
#52 /home/agstudiodiital/public_html/magia/vendor/laravel/framework/src/Illuminate/Pipeline/Pipeline.php(183): Illuminate\\Http\\Middleware\\TrustProxies->handle()
#53 /home/agstudiodiital/public_html/magia/vendor/laravel/framework/src/Illuminate/Pipeline/Pipeline.php(119): Illuminate\\Pipeline\\Pipeline->Illuminate\\Pipeline\\{closure}()
#54 /home/agstudiodiital/public_html/magia/vendor/laravel/framework/src/Illuminate/Foundation/Http/Kernel.php(175): Illuminate\\Pipeline\\Pipeline->then()
#55 /home/agstudiodiital/public_html/magia/vendor/laravel/framework/src/Illuminate/Foundation/Http/Kernel.php(144): Illuminate\\Foundation\\Http\\Kernel->sendRequestThroughRouter()
#56 /home/agstudiodiital/public_html/magia/public/index.php(52): Illuminate\\Foundation\\Http\\Kernel->handle()
#57 {main}
"} 
[2025-11-10 09:07:14] production.ERROR: Undefined variable $totaleClienti {"view":{"view":"/home/agstudiodiital/public_html/magia/resources/views/admin/dashboard.blade.php","data":[]},"userId":1,"exception":"[object] (Spatie\\LaravelIgnition\\Exceptions\\ViewException(code: 0): Undefined variable $totaleClienti at /home/agstudiodiital/public_html/magia/resources/views/admin/dashboard.blade.php:16)
[stacktrace]
#0 /home/agstudiodiital/public_html/magia/vendor/laravel/framework/src/Illuminate/Filesystem/Filesystem.php(123): require('/home/agstudiod...')
#1 /home/agstudiodiital/public_html/magia/vendor/laravel/framework/src/Illuminate/Filesystem/Filesystem.php(124): Illuminate\\Filesystem\\Filesystem::Illuminate\\Filesystem\\{closure}()
#2 /home/agstudiodiital/public_html/magia/vendor/laravel/framework/src/Illuminate/View/Engines/PhpEngine.php(58): Illuminate\\Filesystem\\Filesystem->getRequire()
#3 /home/agstudiodiital/public_html/magia/vendor/laravel/framework/src/Illuminate/View/Engines/CompilerEngine.php(72): Illuminate\\View\\Engines\\PhpEngine->evaluatePath()
#4 /home/agstudiodiital/public_html/magia/vendor/laravel/framework/src/Illuminate/View/View.php(207): Illuminate\\View\\Engines\\CompilerEngine->get()
#5 /home/agstudiodiital/public_html/magia/vendor/laravel/framework/src/Illuminate/View/View.php(190): Illuminate\\View\\View->getContents()
#6 /home/agstudiodiital/public_html/magia/vendor/laravel/framework/src/Illuminate/View/View.php(159): Illuminate\\View\\View->renderContents()
#7 /home/agstudiodiital/public_html/magia/vendor/laravel/framework/src/Illuminate/Http/Response.php(69): Illuminate\\View\\View->render()
#8 /home/agstudiodiital/public_html/magia/vendor/laravel/framework/src/Illuminate/Http/Response.php(35): Illuminate\\Http\\Response->setContent()
#9 /home/agstudiodiital/public_html/magia/vendor/laravel/framework/src/Illuminate/Routing/Router.php(918): Illuminate\\Http\\Response->__construct()
#10 /home/agstudiodiital/public_html/magia/vendor/laravel/framework/src/Illuminate/Routing/Router.php(885): Illuminate\\Routing\\Router::toResponse()
#11 /home/agstudiodiital/public_html/magia/vendor/laravel/framework/src/Illuminate/Routing/Router.php(806): Illuminate\\Routing\\Router->prepareResponse()
#12 /home/agstudiodiital/public_html/magia/vendor/laravel/framework/src/Illuminate/Pipeline/Pipeline.php(144): Illuminate\\Routing\\Router->Illuminate\\Routing\\{closure}()
#13 /home/agstudiodiital/public_html/magia/app/Http/Middleware/VerificaTipoUtente.php(53): Illuminate\\Pipeline\\Pipeline->Illuminate\\Pipeline\\{closure}()
#14 /home/agstudiodiital/public_html/magia/vendor/laravel/framework/src/Illuminate/Pipeline/Pipeline.php(183): App\\Http\\Middleware\\VerificaTipoUtente->handle()
#15 /home/agstudiodiital/public_html/magia/vendor/laravel/framework/src/Illuminate/Routing/Middleware/SubstituteBindings.php(50): Illuminate\\Pipeline\\Pipeline->Illuminate\\Pipeline\\{closure}()
#16 /home/agstudiodiital/public_html/magia/vendor/laravel/framework/src/Illuminate/Pipeline/Pipeline.php(183): Illuminate\\Routing\\Middleware\\SubstituteBindings->handle()
#17 /home/agstudiodiital/public_html/magia/vendor/laravel/framework/src/Illuminate/Auth/Middleware/Authenticate.php(57): Illuminate\\Pipeline\\Pipeline->Illuminate\\Pipeline\\{closure}()
#18 /home/agstudiodiital/public_html/magia/vendor/laravel/framework/src/Illuminate/Pipeline/Pipeline.php(183): Illuminate\\Auth\\Middleware\\Authenticate->handle()
#19 /home/agstudiodiital/public_html/magia/vendor/laravel/framework/src/Illuminate/Foundation/Http/Middleware/VerifyCsrfToken.php(78): Illuminate\\Pipeline\\Pipeline->Illuminate\\Pipeline\\{closure}()
#20 /home/agstudiodiital/public_html/magia/vendor/laravel/framework/src/Illuminate/Pipeline/Pipeline.php(183): Illuminate\\Foundation\\Http\\Middleware\\VerifyCsrfToken->handle()
#21 /home/agstudiodiital/public_html/magia/vendor/laravel/framework/src/Illuminate/View/Middleware/ShareErrorsFromSession.php(49): Illuminate\\Pipeline\\Pipeline->Illuminate\\Pipeline\\{closure}()
#22 /home/agstudiodiital/public_html/magia/vendor/laravel/framework/src/Illuminate/Pipeline/Pipeline.php(183): Illuminate\\View\\Middleware\\ShareErrorsFromSession->handle()
#23 /home/agstudiodiital/public_html/magia/vendor/laravel/framework/src/Illuminate/Session/Middleware/StartSession.php(121): Illuminate\\Pipeline\\Pipeline->Illuminate\\Pipeline\\{closure}()
#24 /home/agstudiodiital/public_html/magia/vendor/laravel/framework/src/Illuminate/Session/Middleware/StartSession.php(64): Illuminate\\Session\\Middleware\\StartSession->handleStatefulRequest()
#25 /home/agstudiodiital/public_html/magia/vendor/laravel/framework/src/Illuminate/Pipeline/Pipeline.php(183): Illuminate\\Session\\Middleware\\StartSession->handle()
#26 /home/agstudiodiital/public_html/magia/vendor/laravel/framework/src/Illuminate/Cookie/Middleware/AddQueuedCookiesToResponse.php(37): Illuminate\\Pipeline\\Pipeline->Illuminate\\Pipeline\\{closure}()
#27 /home/agstudiodiital/public_html/magia/vendor/laravel/framework/src/Illuminate/Pipeline/Pipeline.php(183): Illuminate\\Cookie\\Middleware\\AddQueuedCookiesToResponse->handle()
#28 /home/agstudiodiital/public_html/magia/vendor/laravel/framework/src/Illuminate/Cookie/Middleware/EncryptCookies.php(67): Illuminate\\Pipeline\\Pipeline->Illuminate\\Pipeline\\{closure}()
#29 /home/agstudiodiital/public_html/magia/vendor/laravel/framework/src/Illuminate/Pipeline/Pipeline.php(183): Illuminate\\Cookie\\Middleware\\EncryptCookies->handle()
#30 /home/agstudiodiital/public_html/magia/vendor/laravel/framework/src/Illuminate/Pipeline/Pipeline.php(119): Illuminate\\Pipeline\\Pipeline->Illuminate\\Pipeline\\{closure}()
#31 /home/agstudiodiital/public_html/magia/vendor/laravel/framework/src/Illuminate/Routing/Router.php(807): Illuminate\\Pipeline\\Pipeline->then()
#32 /home/agstudiodiital/public_html/magia/vendor/laravel/framework/src/Illuminate/Routing/Router.php(784): Illuminate\\Routing\\Router->runRouteWithinStack()
#33 /home/agstudiodiital/public_html/magia/vendor/laravel/framework/src/Illuminate/Routing/Router.php(748): Illuminate\\Routing\\Router->runRoute()
#34 /home/agstudiodiital/public_html/magia/vendor/laravel/framework/src/Illuminate/Routing/Router.php(737): Illuminate\\Routing\\Router->dispatchToRoute()
#35 /home/agstudiodiital/public_html/magia/vendor/laravel/framework/src/Illuminate/Foundation/Http/Kernel.php(200): Illuminate\\Routing\\Router->dispatch()
#36 /home/agstudiodiital/public_html/magia/vendor/laravel/framework/src/Illuminate/Pipeline/Pipeline.php(144): Illuminate\\Foundation\\Http\\Kernel->Illuminate\\Foundation\\Http\\{closure}()
#37 /home/agstudiodiital/public_html/magia/vendor/laravel/framework/src/Illuminate/Foundation/Http/Middleware/TransformsRequest.php(21): Illuminate\\Pipeline\\Pipeline->Illuminate\\Pipeline\\{closure}()
#38 /home/agstudiodiital/public_html/magia/vendor/laravel/framework/src/Illuminate/Foundation/Http/Middleware/ConvertEmptyStringsToNull.php(31): Illuminate\\Foundation\\Http\\Middleware\\TransformsRequest->handle()
#39 /home/agstudiodiital/public_html/magia/vendor/laravel/framework/src/Illuminate/Pipeline/Pipeline.php(183): Illuminate\\Foundation\\Http\\Middleware\\ConvertEmptyStringsToNull->handle()
#40 /home/agstudiodiital/public_html/magia/vendor/laravel/framework/src/Illuminate/Foundation/Http/Middleware/TransformsRequest.php(21): Illuminate\\Pipeline\\Pipeline->Illuminate\\Pipeline\\{closure}()
#41 /home/agstudiodiital/public_html/magia/vendor/laravel/framework/src/Illuminate/Foundation/Http/Middleware/TrimStrings.php(40): Illuminate\\Foundation\\Http\\Middleware\\TransformsRequest->handle()
#42 /home/agstudiodiital/public_html/magia/vendor/laravel/framework/src/Illuminate/Pipeline/Pipeline.php(183): Illuminate\\Foundation\\Http\\Middleware\\TrimStrings->handle()
#43 /home/agstudiodiital/public_html/magia/vendor/laravel/framework/src/Illuminate/Foundation/Http/Middleware/ValidatePostSize.php(27): Illuminate\\Pipeline\\Pipeline->Illuminate\\Pipeline\\{closure}()
#44 /home/agstudiodiital/public_html/magia/vendor/laravel/framework/src/Illuminate/Pipeline/Pipeline.php(183): Illuminate\\Foundation\\Http\\Middleware\\ValidatePostSize->handle()
#45 /home/agstudiodiital/public_html/magia/vendor/laravel/framework/src/Illuminate/Foundation/Http/Middleware/PreventRequestsDuringMaintenance.php(99): Illuminate\\Pipeline\\Pipeline->Illuminate\\Pipeline\\{closure}()
#46 /home/agstudiodiital/public_html/magia/vendor/laravel/framework/src/Illuminate/Pipeline/Pipeline.php(183): Illuminate\\Foundation\\Http\\Middleware\\PreventRequestsDuringMaintenance->handle()
#47 /home/agstudiodiital/public_html/magia/vendor/laravel/framework/src/Illuminate/Http/Middleware/HandleCors.php(49): Illuminate\\Pipeline\\Pipeline->Illuminate\\Pipeline\\{closure}()
#48 /home/agstudiodiital/public_html/magia/vendor/laravel/framework/src/Illuminate/Pipeline/Pipeline.php(183): Illuminate\\Http\\Middleware\\HandleCors->handle()
#49 /home/agstudiodiital/public_html/magia/vendor/laravel/framework/src/Illuminate/Http/Middleware/TrustProxies.php(39): Illuminate\\Pipeline\\Pipeline->Illuminate\\Pipeline\\{closure}()
#50 /home/agstudiodiital/public_html/magia/vendor/laravel/framework/src/Illuminate/Pipeline/Pipeline.php(183): Illuminate\\Http\\Middleware\\TrustProxies->handle()
#51 /home/agstudiodiital/public_html/magia/vendor/laravel/framework/src/Illuminate/Pipeline/Pipeline.php(119): Illuminate\\Pipeline\\Pipeline->Illuminate\\Pipeline\\{closure}()
#52 /home/agstudiodiital/public_html/magia/vendor/laravel/framework/src/Illuminate/Foundation/Http/Kernel.php(175): Illuminate\\Pipeline\\Pipeline->then()
#53 /home/agstudiodiital/public_html/magia/vendor/laravel/framework/src/Illuminate/Foundation/Http/Kernel.php(144): Illuminate\\Foundation\\Http\\Kernel->sendRequestThroughRouter()
#54 /home/agstudiodiital/public_html/magia/public/index.php(52): Illuminate\\Foundation\\Http\\Kernel->handle()
#55 {main}

[previous exception] [object] (ErrorException(code: 0): Undefined variable $totaleClienti at /home/agstudiodiital/public_html/magia/storage/framework/views/a75176e0b179937379418d239b49e383.php:14)
[stacktrace]
#0 /home/agstudiodiital/public_html/magia/vendor/laravel/framework/src/Illuminate/Foundation/Bootstrap/HandleExceptions.php(255): Illuminate\\Foundation\\Bootstrap\\HandleExceptions->handleError()
#1 /home/agstudiodiital/public_html/magia/storage/framework/views/a75176e0b179937379418d239b49e383.php(14): Illuminate\\Foundation\\Bootstrap\\HandleExceptions->Illuminate\\Foundation\\Bootstrap\\{closure}()
#2 /home/agstudiodiital/public_html/magia/vendor/laravel/framework/src/Illuminate/Filesystem/Filesystem.php(123): require('/home/agstudiod...')
#3 /home/agstudiodiital/public_html/magia/vendor/laravel/framework/src/Illuminate/Filesystem/Filesystem.php(124): Illuminate\\Filesystem\\Filesystem::Illuminate\\Filesystem\\{closure}()
#4 /home/agstudiodiital/public_html/magia/vendor/laravel/framework/src/Illuminate/View/Engines/PhpEngine.php(58): Illuminate\\Filesystem\\Filesystem->getRequire()
#5 /home/agstudiodiital/public_html/magia/vendor/laravel/framework/src/Illuminate/View/Engines/CompilerEngine.php(72): Illuminate\\View\\Engines\\PhpEngine->evaluatePath()
#6 /home/agstudiodiital/public_html/magia/vendor/laravel/framework/src/Illuminate/View/View.php(207): Illuminate\\View\\Engines\\CompilerEngine->get()
#7 /home/agstudiodiital/public_html/magia/vendor/laravel/framework/src/Illuminate/View/View.php(190): Illuminate\\View\\View->getContents()
#8 /home/agstudiodiital/public_html/magia/vendor/laravel/framework/src/Illuminate/View/View.php(159): Illuminate\\View\\View->renderContents()
#9 /home/agstudiodiital/public_html/magia/vendor/laravel/framework/src/Illuminate/Http/Response.php(69): Illuminate\\View\\View->render()
#10 /home/agstudiodiital/public_html/magia/vendor/laravel/framework/src/Illuminate/Http/Response.php(35): Illuminate\\Http\\Response->setContent()
#11 /home/agstudiodiital/public_html/magia/vendor/laravel/framework/src/Illuminate/Routing/Router.php(918): Illuminate\\Http\\Response->__construct()
#12 /home/agstudiodiital/public_html/magia/vendor/laravel/framework/src/Illuminate/Routing/Router.php(885): Illuminate\\Routing\\Router::toResponse()
#13 /home/agstudiodiital/public_html/magia/vendor/laravel/framework/src/Illuminate/Routing/Router.php(806): Illuminate\\Routing\\Router->prepareResponse()
#14 /home/agstudiodiital/public_html/magia/vendor/laravel/framework/src/Illuminate/Pipeline/Pipeline.php(144): Illuminate\\Routing\\Router->Illuminate\\Routing\\{closure}()
#15 /home/agstudiodiital/public_html/magia/app/Http/Middleware/VerificaTipoUtente.php(53): Illuminate\\Pipeline\\Pipeline->Illuminate\\Pipeline\\{closure}()
#16 /home/agstudiodiital/public_html/magia/vendor/laravel/framework/src/Illuminate/Pipeline/Pipeline.php(183): App\\Http\\Middleware\\VerificaTipoUtente->handle()
#17 /home/agstudiodiital/public_html/magia/vendor/laravel/framework/src/Illuminate/Routing/Middleware/SubstituteBindings.php(50): Illuminate\\Pipeline\\Pipeline->Illuminate\\Pipeline\\{closure}()
#18 /home/agstudiodiital/public_html/magia/vendor/laravel/framework/src/Illuminate/Pipeline/Pipeline.php(183): Illuminate\\Routing\\Middleware\\SubstituteBindings->handle()
#19 /home/agstudiodiital/public_html/magia/vendor/laravel/framework/src/Illuminate/Auth/Middleware/Authenticate.php(57): Illuminate\\Pipeline\\Pipeline->Illuminate\\Pipeline\\{closure}()
#20 /home/agstudiodiital/public_html/magia/vendor/laravel/framework/src/Illuminate/Pipeline/Pipeline.php(183): Illuminate\\Auth\\Middleware\\Authenticate->handle()
#21 /home/agstudiodiital/public_html/magia/vendor/laravel/framework/src/Illuminate/Foundation/Http/Middleware/VerifyCsrfToken.php(78): Illuminate\\Pipeline\\Pipeline->Illuminate\\Pipeline\\{closure}()
#22 /home/agstudiodiital/public_html/magia/vendor/laravel/framework/src/Illuminate/Pipeline/Pipeline.php(183): Illuminate\\Foundation\\Http\\Middleware\\VerifyCsrfToken->handle()
#23 /home/agstudiodiital/public_html/magia/vendor/laravel/framework/src/Illuminate/View/Middleware/ShareErrorsFromSession.php(49): Illuminate\\Pipeline\\Pipeline->Illuminate\\Pipeline\\{closure}()
#24 /home/agstudiodiital/public_html/magia/vendor/laravel/framework/src/Illuminate/Pipeline/Pipeline.php(183): Illuminate\\View\\Middleware\\ShareErrorsFromSession->handle()
#25 /home/agstudiodiital/public_html/magia/vendor/laravel/framework/src/Illuminate/Session/Middleware/StartSession.php(121): Illuminate\\Pipeline\\Pipeline->Illuminate\\Pipeline\\{closure}()
#26 /home/agstudiodiital/public_html/magia/vendor/laravel/framework/src/Illuminate/Session/Middleware/StartSession.php(64): Illuminate\\Session\\Middleware\\StartSession->handleStatefulRequest()
#27 /home/agstudiodiital/public_html/magia/vendor/laravel/framework/src/Illuminate/Pipeline/Pipeline.php(183): Illuminate\\Session\\Middleware\\StartSession->handle()
#28 /home/agstudiodiital/public_html/magia/vendor/laravel/framework/src/Illuminate/Cookie/Middleware/AddQueuedCookiesToResponse.php(37): Illuminate\\Pipeline\\Pipeline->Illuminate\\Pipeline\\{closure}()
#29 /home/agstudiodiital/public_html/magia/vendor/laravel/framework/src/Illuminate/Pipeline/Pipeline.php(183): Illuminate\\Cookie\\Middleware\\AddQueuedCookiesToResponse->handle()
#30 /home/agstudiodiital/public_html/magia/vendor/laravel/framework/src/Illuminate/Cookie/Middleware/EncryptCookies.php(67): Illuminate\\Pipeline\\Pipeline->Illuminate\\Pipeline\\{closure}()
#31 /home/agstudiodiital/public_html/magia/vendor/laravel/framework/src/Illuminate/Pipeline/Pipeline.php(183): Illuminate\\Cookie\\Middleware\\EncryptCookies->handle()
#32 /home/agstudiodiital/public_html/magia/vendor/laravel/framework/src/Illuminate/Pipeline/Pipeline.php(119): Illuminate\\Pipeline\\Pipeline->Illuminate\\Pipeline\\{closure}()
#33 /home/agstudiodiital/public_html/magia/vendor/laravel/framework/src/Illuminate/Routing/Router.php(807): Illuminate\\Pipeline\\Pipeline->then()
#34 /home/agstudiodiital/public_html/magia/vendor/laravel/framework/src/Illuminate/Routing/Router.php(784): Illuminate\\Routing\\Router->runRouteWithinStack()
#35 /home/agstudiodiital/public_html/magia/vendor/laravel/framework/src/Illuminate/Routing/Router.php(748): Illuminate\\Routing\\Router->runRoute()
#36 /home/agstudiodiital/public_html/magia/vendor/laravel/framework/src/Illuminate/Routing/Router.php(737): Illuminate\\Routing\\Router->dispatchToRoute()
#37 /home/agstudiodiital/public_html/magia/vendor/laravel/framework/src/Illuminate/Foundation/Http/Kernel.php(200): Illuminate\\Routing\\Router->dispatch()
#38 /home/agstudiodiital/public_html/magia/vendor/laravel/framework/src/Illuminate/Pipeline/Pipeline.php(144): Illuminate\\Foundation\\Http\\Kernel->Illuminate\\Foundation\\Http\\{closure}()
#39 /home/agstudiodiital/public_html/magia/vendor/laravel/framework/src/Illuminate/Foundation/Http/Middleware/TransformsRequest.php(21): Illuminate\\Pipeline\\Pipeline->Illuminate\\Pipeline\\{closure}()
#40 /home/agstudiodiital/public_html/magia/vendor/laravel/framework/src/Illuminate/Foundation/Http/Middleware/ConvertEmptyStringsToNull.php(31): Illuminate\\Foundation\\Http\\Middleware\\TransformsRequest->handle()
#41 /home/agstudiodiital/public_html/magia/vendor/laravel/framework/src/Illuminate/Pipeline/Pipeline.php(183): Illuminate\\Foundation\\Http\\Middleware\\ConvertEmptyStringsToNull->handle()
#42 /home/agstudiodiital/public_html/magia/vendor/laravel/framework/src/Illuminate/Foundation/Http/Middleware/TransformsRequest.php(21): Illuminate\\Pipeline\\Pipeline->Illuminate\\Pipeline\\{closure}()
#43 /home/agstudiodiital/public_html/magia/vendor/laravel/framework/src/Illuminate/Foundation/Http/Middleware/TrimStrings.php(40): Illuminate\\Foundation\\Http\\Middleware\\TransformsRequest->handle()
#44 /home/agstudiodiital/public_html/magia/vendor/laravel/framework/src/Illuminate/Pipeline/Pipeline.php(183): Illuminate\\Foundation\\Http\\Middleware\\TrimStrings->handle()
#45 /home/agstudiodiital/public_html/magia/vendor/laravel/framework/src/Illuminate/Foundation/Http/Middleware/ValidatePostSize.php(27): Illuminate\\Pipeline\\Pipeline->Illuminate\\Pipeline\\{closure}()
#46 /home/agstudiodiital/public_html/magia/vendor/laravel/framework/src/Illuminate/Pipeline/Pipeline.php(183): Illuminate\\Foundation\\Http\\Middleware\\ValidatePostSize->handle()
#47 /home/agstudiodiital/public_html/magia/vendor/laravel/framework/src/Illuminate/Foundation/Http/Middleware/PreventRequestsDuringMaintenance.php(99): Illuminate\\Pipeline\\Pipeline->Illuminate\\Pipeline\\{closure}()
#48 /home/agstudiodiital/public_html/magia/vendor/laravel/framework/src/Illuminate/Pipeline/Pipeline.php(183): Illuminate\\Foundation\\Http\\Middleware\\PreventRequestsDuringMaintenance->handle()
#49 /home/agstudiodiital/public_html/magia/vendor/laravel/framework/src/Illuminate/Http/Middleware/HandleCors.php(49): Illuminate\\Pipeline\\Pipeline->Illuminate\\Pipeline\\{closure}()
#50 /home/agstudiodiital/public_html/magia/vendor/laravel/framework/src/Illuminate/Pipeline/Pipeline.php(183): Illuminate\\Http\\Middleware\\HandleCors->handle()
#51 /home/agstudiodiital/public_html/magia/vendor/laravel/framework/src/Illuminate/Http/Middleware/TrustProxies.php(39): Illuminate\\Pipeline\\Pipeline->Illuminate\\Pipeline\\{closure}()
#52 /home/agstudiodiital/public_html/magia/vendor/laravel/framework/src/Illuminate/Pipeline/Pipeline.php(183): Illuminate\\Http\\Middleware\\TrustProxies->handle()
#53 /home/agstudiodiital/public_html/magia/vendor/laravel/framework/src/Illuminate/Pipeline/Pipeline.php(119): Illuminate\\Pipeline\\Pipeline->Illuminate\\Pipeline\\{closure}()
#54 /home/agstudiodiital/public_html/magia/vendor/laravel/framework/src/Illuminate/Foundation/Http/Kernel.php(175): Illuminate\\Pipeline\\Pipeline->then()
#55 /home/agstudiodiital/public_html/magia/vendor/laravel/framework/src/Illuminate/Foundation/Http/Kernel.php(144): Illuminate\\Foundation\\Http\\Kernel->sendRequestThroughRouter()
#56 /home/agstudiodiital/public_html/magia/public/index.php(52): Illuminate\\Foundation\\Http\\Kernel->handle()
#57 {main}
"} 
[2025-11-10 09:08:52] production.ERROR: Undefined variable $totaleClienti {"view":{"view":"/home/agstudiodiital/public_html/magia/resources/views/admin/dashboard.blade.php","data":[]},"userId":1,"exception":"[object] (Spatie\\LaravelIgnition\\Exceptions\\ViewException(code: 0): Undefined variable $totaleClienti at /home/agstudiodiital/public_html/magia/resources/views/admin/dashboard.blade.php:16)
[stacktrace]
#0 /home/agstudiodiital/public_html/magia/vendor/laravel/framework/src/Illuminate/Filesystem/Filesystem.php(123): require('/home/agstudiod...')
#1 /home/agstudiodiital/public_html/magia/vendor/laravel/framework/src/Illuminate/Filesystem/Filesystem.php(124): Illuminate\\Filesystem\\Filesystem::Illuminate\\Filesystem\\{closure}()
#2 /home/agstudiodiital/public_html/magia/vendor/laravel/framework/src/Illuminate/View/Engines/PhpEngine.php(58): Illuminate\\Filesystem\\Filesystem->getRequire()
#3 /home/agstudiodiital/public_html/magia/vendor/laravel/framework/src/Illuminate/View/Engines/CompilerEngine.php(72): Illuminate\\View\\Engines\\PhpEngine->evaluatePath()
#4 /home/agstudiodiital/public_html/magia/vendor/laravel/framework/src/Illuminate/View/View.php(207): Illuminate\\View\\Engines\\CompilerEngine->get()
#5 /home/agstudiodiital/public_html/magia/vendor/laravel/framework/src/Illuminate/View/View.php(190): Illuminate\\View\\View->getContents()
#6 /home/agstudiodiital/public_html/magia/vendor/laravel/framework/src/Illuminate/View/View.php(159): Illuminate\\View\\View->renderContents()
#7 /home/agstudiodiital/public_html/magia/vendor/laravel/framework/src/Illuminate/Http/Response.php(69): Illuminate\\View\\View->render()
#8 /home/agstudiodiital/public_html/magia/vendor/laravel/framework/src/Illuminate/Http/Response.php(35): Illuminate\\Http\\Response->setContent()
#9 /home/agstudiodiital/public_html/magia/vendor/laravel/framework/src/Illuminate/Routing/Router.php(918): Illuminate\\Http\\Response->__construct()
#10 /home/agstudiodiital/public_html/magia/vendor/laravel/framework/src/Illuminate/Routing/Router.php(885): Illuminate\\Routing\\Router::toResponse()
#11 /home/agstudiodiital/public_html/magia/vendor/laravel/framework/src/Illuminate/Routing/Router.php(806): Illuminate\\Routing\\Router->prepareResponse()
#12 /home/agstudiodiital/public_html/magia/vendor/laravel/framework/src/Illuminate/Pipeline/Pipeline.php(144): Illuminate\\Routing\\Router->Illuminate\\Routing\\{closure}()
#13 /home/agstudiodiital/public_html/magia/app/Http/Middleware/VerificaTipoUtente.php(53): Illuminate\\Pipeline\\Pipeline->Illuminate\\Pipeline\\{closure}()
#14 /home/agstudiodiital/public_html/magia/vendor/laravel/framework/src/Illuminate/Pipeline/Pipeline.php(183): App\\Http\\Middleware\\VerificaTipoUtente->handle()
#15 /home/agstudiodiital/public_html/magia/vendor/laravel/framework/src/Illuminate/Routing/Middleware/SubstituteBindings.php(50): Illuminate\\Pipeline\\Pipeline->Illuminate\\Pipeline\\{closure}()
#16 /home/agstudiodiital/public_html/magia/vendor/laravel/framework/src/Illuminate/Pipeline/Pipeline.php(183): Illuminate\\Routing\\Middleware\\SubstituteBindings->handle()
#17 /home/agstudiodiital/public_html/magia/vendor/laravel/framework/src/Illuminate/Auth/Middleware/Authenticate.php(57): Illuminate\\Pipeline\\Pipeline->Illuminate\\Pipeline\\{closure}()
#18 /home/agstudiodiital/public_html/magia/vendor/laravel/framework/src/Illuminate/Pipeline/Pipeline.php(183): Illuminate\\Auth\\Middleware\\Authenticate->handle()
#19 /home/agstudiodiital/public_html/magia/vendor/laravel/framework/src/Illuminate/Foundation/Http/Middleware/VerifyCsrfToken.php(78): Illuminate\\Pipeline\\Pipeline->Illuminate\\Pipeline\\{closure}()
#20 /home/agstudiodiital/public_html/magia/vendor/laravel/framework/src/Illuminate/Pipeline/Pipeline.php(183): Illuminate\\Foundation\\Http\\Middleware\\VerifyCsrfToken->handle()
#21 /home/agstudiodiital/public_html/magia/vendor/laravel/framework/src/Illuminate/View/Middleware/ShareErrorsFromSession.php(49): Illuminate\\Pipeline\\Pipeline->Illuminate\\Pipeline\\{closure}()
#22 /home/agstudiodiital/public_html/magia/vendor/laravel/framework/src/Illuminate/Pipeline/Pipeline.php(183): Illuminate\\View\\Middleware\\ShareErrorsFromSession->handle()
#23 /home/agstudiodiital/public_html/magia/vendor/laravel/framework/src/Illuminate/Session/Middleware/StartSession.php(121): Illuminate\\Pipeline\\Pipeline->Illuminate\\Pipeline\\{closure}()
#24 /home/agstudiodiital/public_html/magia/vendor/laravel/framework/src/Illuminate/Session/Middleware/StartSession.php(64): Illuminate\\Session\\Middleware\\StartSession->handleStatefulRequest()
#25 /home/agstudiodiital/public_html/magia/vendor/laravel/framework/src/Illuminate/Pipeline/Pipeline.php(183): Illuminate\\Session\\Middleware\\StartSession->handle()
#26 /home/agstudiodiital/public_html/magia/vendor/laravel/framework/src/Illuminate/Cookie/Middleware/AddQueuedCookiesToResponse.php(37): Illuminate\\Pipeline\\Pipeline->Illuminate\\Pipeline\\{closure}()
#27 /home/agstudiodiital/public_html/magia/vendor/laravel/framework/src/Illuminate/Pipeline/Pipeline.php(183): Illuminate\\Cookie\\Middleware\\AddQueuedCookiesToResponse->handle()
#28 /home/agstudiodiital/public_html/magia/vendor/laravel/framework/src/Illuminate/Cookie/Middleware/EncryptCookies.php(67): Illuminate\\Pipeline\\Pipeline->Illuminate\\Pipeline\\{closure}()
#29 /home/agstudiodiital/public_html/magia/vendor/laravel/framework/src/Illuminate/Pipeline/Pipeline.php(183): Illuminate\\Cookie\\Middleware\\EncryptCookies->handle()
#30 /home/agstudiodiital/public_html/magia/vendor/laravel/framework/src/Illuminate/Pipeline/Pipeline.php(119): Illuminate\\Pipeline\\Pipeline->Illuminate\\Pipeline\\{closure}()
#31 /home/agstudiodiital/public_html/magia/vendor/laravel/framework/src/Illuminate/Routing/Router.php(807): Illuminate\\Pipeline\\Pipeline->then()
#32 /home/agstudiodiital/public_html/magia/vendor/laravel/framework/src/Illuminate/Routing/Router.php(784): Illuminate\\Routing\\Router->runRouteWithinStack()
#33 /home/agstudiodiital/public_html/magia/vendor/laravel/framework/src/Illuminate/Routing/Router.php(748): Illuminate\\Routing\\Router->runRoute()
#34 /home/agstudiodiital/public_html/magia/vendor/laravel/framework/src/Illuminate/Routing/Router.php(737): Illuminate\\Routing\\Router->dispatchToRoute()
#35 /home/agstudiodiital/public_html/magia/vendor/laravel/framework/src/Illuminate/Foundation/Http/Kernel.php(200): Illuminate\\Routing\\Router->dispatch()
#36 /home/agstudiodiital/public_html/magia/vendor/laravel/framework/src/Illuminate/Pipeline/Pipeline.php(144): Illuminate\\Foundation\\Http\\Kernel->Illuminate\\Foundation\\Http\\{closure}()
#37 /home/agstudiodiital/public_html/magia/vendor/laravel/framework/src/Illuminate/Foundation/Http/Middleware/TransformsRequest.php(21): Illuminate\\Pipeline\\Pipeline->Illuminate\\Pipeline\\{closure}()
#38 /home/agstudiodiital/public_html/magia/vendor/laravel/framework/src/Illuminate/Foundation/Http/Middleware/ConvertEmptyStringsToNull.php(31): Illuminate\\Foundation\\Http\\Middleware\\TransformsRequest->handle()
#39 /home/agstudiodiital/public_html/magia/vendor/laravel/framework/src/Illuminate/Pipeline/Pipeline.php(183): Illuminate\\Foundation\\Http\\Middleware\\ConvertEmptyStringsToNull->handle()
#40 /home/agstudiodiital/public_html/magia/vendor/laravel/framework/src/Illuminate/Foundation/Http/Middleware/TransformsRequest.php(21): Illuminate\\Pipeline\\Pipeline->Illuminate\\Pipeline\\{closure}()
#41 /home/agstudiodiital/public_html/magia/vendor/laravel/framework/src/Illuminate/Foundation/Http/Middleware/TrimStrings.php(40): Illuminate\\Foundation\\Http\\Middleware\\TransformsRequest->handle()
#42 /home/agstudiodiital/public_html/magia/vendor/laravel/framework/src/Illuminate/Pipeline/Pipeline.php(183): Illuminate\\Foundation\\Http\\Middleware\\TrimStrings->handle()
#43 /home/agstudiodiital/public_html/magia/vendor/laravel/framework/src/Illuminate/Foundation/Http/Middleware/ValidatePostSize.php(27): Illuminate\\Pipeline\\Pipeline->Illuminate\\Pipeline\\{closure}()
#44 /home/agstudiodiital/public_html/magia/vendor/laravel/framework/src/Illuminate/Pipeline/Pipeline.php(183): Illuminate\\Foundation\\Http\\Middleware\\ValidatePostSize->handle()
#45 /home/agstudiodiital/public_html/magia/vendor/laravel/framework/src/Illuminate/Foundation/Http/Middleware/PreventRequestsDuringMaintenance.php(99): Illuminate\\Pipeline\\Pipeline->Illuminate\\Pipeline\\{closure}()
#46 /home/agstudiodiital/public_html/magia/vendor/laravel/framework/src/Illuminate/Pipeline/Pipeline.php(183): Illuminate\\Foundation\\Http\\Middleware\\PreventRequestsDuringMaintenance->handle()
#47 /home/agstudiodiital/public_html/magia/vendor/laravel/framework/src/Illuminate/Http/Middleware/HandleCors.php(49): Illuminate\\Pipeline\\Pipeline->Illuminate\\Pipeline\\{closure}()
#48 /home/agstudiodiital/public_html/magia/vendor/laravel/framework/src/Illuminate/Pipeline/Pipeline.php(183): Illuminate\\Http\\Middleware\\HandleCors->handle()
#49 /home/agstudiodiital/public_html/magia/vendor/laravel/framework/src/Illuminate/Http/Middleware/TrustProxies.php(39): Illuminate\\Pipeline\\Pipeline->Illuminate\\Pipeline\\{closure}()
#50 /home/agstudiodiital/public_html/magia/vendor/laravel/framework/src/Illuminate/Pipeline/Pipeline.php(183): Illuminate\\Http\\Middleware\\TrustProxies->handle()
#51 /home/agstudiodiital/public_html/magia/vendor/laravel/framework/src/Illuminate/Pipeline/Pipeline.php(119): Illuminate\\Pipeline\\Pipeline->Illuminate\\Pipeline\\{closure}()
#52 /home/agstudiodiital/public_html/magia/vendor/laravel/framework/src/Illuminate/Foundation/Http/Kernel.php(175): Illuminate\\Pipeline\\Pipeline->then()
#53 /home/agstudiodiital/public_html/magia/vendor/laravel/framework/src/Illuminate/Foundation/Http/Kernel.php(144): Illuminate\\Foundation\\Http\\Kernel->sendRequestThroughRouter()
#54 /home/agstudiodiital/public_html/magia/public/index.php(52): Illuminate\\Foundation\\Http\\Kernel->handle()
#55 {main}

[previous exception] [object] (ErrorException(code: 0): Undefined variable $totaleClienti at /home/agstudiodiital/public_html/magia/storage/framework/views/a75176e0b179937379418d239b49e383.php:14)
[stacktrace]
#0 /home/agstudiodiital/public_html/magia/vendor/laravel/framework/src/Illuminate/Foundation/Bootstrap/HandleExceptions.php(255): Illuminate\\Foundation\\Bootstrap\\HandleExceptions->handleError()
#1 /home/agstudiodiital/public_html/magia/storage/framework/views/a75176e0b179937379418d239b49e383.php(14): Illuminate\\Foundation\\Bootstrap\\HandleExceptions->Illuminate\\Foundation\\Bootstrap\\{closure}()
#2 /home/agstudiodiital/public_html/magia/vendor/laravel/framework/src/Illuminate/Filesystem/Filesystem.php(123): require('/home/agstudiod...')
#3 /home/agstudiodiital/public_html/magia/vendor/laravel/framework/src/Illuminate/Filesystem/Filesystem.php(124): Illuminate\\Filesystem\\Filesystem::Illuminate\\Filesystem\\{closure}()
#4 /home/agstudiodiital/public_html/magia/vendor/laravel/framework/src/Illuminate/View/Engines/PhpEngine.php(58): Illuminate\\Filesystem\\Filesystem->getRequire()
#5 /home/agstudiodiital/public_html/magia/vendor/laravel/framework/src/Illuminate/View/Engines/CompilerEngine.php(72): Illuminate\\View\\Engines\\PhpEngine->evaluatePath()
#6 /home/agstudiodiital/public_html/magia/vendor/laravel/framework/src/Illuminate/View/View.php(207): Illuminate\\View\\Engines\\CompilerEngine->get()
#7 /home/agstudiodiital/public_html/magia/vendor/laravel/framework/src/Illuminate/View/View.php(190): Illuminate\\View\\View->getContents()
#8 /home/agstudiodiital/public_html/magia/vendor/laravel/framework/src/Illuminate/View/View.php(159): Illuminate\\View\\View->renderContents()
#9 /home/agstudiodiital/public_html/magia/vendor/laravel/framework/src/Illuminate/Http/Response.php(69): Illuminate\\View\\View->render()
#10 /home/agstudiodiital/public_html/magia/vendor/laravel/framework/src/Illuminate/Http/Response.php(35): Illuminate\\Http\\Response->setContent()
#11 /home/agstudiodiital/public_html/magia/vendor/laravel/framework/src/Illuminate/Routing/Router.php(918): Illuminate\\Http\\Response->__construct()
#12 /home/agstudiodiital/public_html/magia/vendor/laravel/framework/src/Illuminate/Routing/Router.php(885): Illuminate\\Routing\\Router::toResponse()
#13 /home/agstudiodiital/public_html/magia/vendor/laravel/framework/src/Illuminate/Routing/Router.php(806): Illuminate\\Routing\\Router->prepareResponse()
#14 /home/agstudiodiital/public_html/magia/vendor/laravel/framework/src/Illuminate/Pipeline/Pipeline.php(144): Illuminate\\Routing\\Router->Illuminate\\Routing\\{closure}()
#15 /home/agstudiodiital/public_html/magia/app/Http/Middleware/VerificaTipoUtente.php(53): Illuminate\\Pipeline\\Pipeline->Illuminate\\Pipeline\\{closure}()
#16 /home/agstudiodiital/public_html/magia/vendor/laravel/framework/src/Illuminate/Pipeline/Pipeline.php(183): App\\Http\\Middleware\\VerificaTipoUtente->handle()
#17 /home/agstudiodiital/public_html/magia/vendor/laravel/framework/src/Illuminate/Routing/Middleware/SubstituteBindings.php(50): Illuminate\\Pipeline\\Pipeline->Illuminate\\Pipeline\\{closure}()
#18 /home/agstudiodiital/public_html/magia/vendor/laravel/framework/src/Illuminate/Pipeline/Pipeline.php(183): Illuminate\\Routing\\Middleware\\SubstituteBindings->handle()
#19 /home/agstudiodiital/public_html/magia/vendor/laravel/framework/src/Illuminate/Auth/Middleware/Authenticate.php(57): Illuminate\\Pipeline\\Pipeline->Illuminate\\Pipeline\\{closure}()
#20 /home/agstudiodiital/public_html/magia/vendor/laravel/framework/src/Illuminate/Pipeline/Pipeline.php(183): Illuminate\\Auth\\Middleware\\Authenticate->handle()
#21 /home/agstudiodiital/public_html/magia/vendor/laravel/framework/src/Illuminate/Foundation/Http/Middleware/VerifyCsrfToken.php(78): Illuminate\\Pipeline\\Pipeline->Illuminate\\Pipeline\\{closure}()
#22 /home/agstudiodiital/public_html/magia/vendor/laravel/framework/src/Illuminate/Pipeline/Pipeline.php(183): Illuminate\\Foundation\\Http\\Middleware\\VerifyCsrfToken->handle()
#23 /home/agstudiodiital/public_html/magia/vendor/laravel/framework/src/Illuminate/View/Middleware/ShareErrorsFromSession.php(49): Illuminate\\Pipeline\\Pipeline->Illuminate\\Pipeline\\{closure}()
#24 /home/agstudiodiital/public_html/magia/vendor/laravel/framework/src/Illuminate/Pipeline/Pipeline.php(183): Illuminate\\View\\Middleware\\ShareErrorsFromSession->handle()
#25 /home/agstudiodiital/public_html/magia/vendor/laravel/framework/src/Illuminate/Session/Middleware/StartSession.php(121): Illuminate\\Pipeline\\Pipeline->Illuminate\\Pipeline\\{closure}()
#26 /home/agstudiodiital/public_html/magia/vendor/laravel/framework/src/Illuminate/Session/Middleware/StartSession.php(64): Illuminate\\Session\\Middleware\\StartSession->handleStatefulRequest()
#27 /home/agstudiodiital/public_html/magia/vendor/laravel/framework/src/Illuminate/Pipeline/Pipeline.php(183): Illuminate\\Session\\Middleware\\StartSession->handle()
#28 /home/agstudiodiital/public_html/magia/vendor/laravel/framework/src/Illuminate/Cookie/Middleware/AddQueuedCookiesToResponse.php(37): Illuminate\\Pipeline\\Pipeline->Illuminate\\Pipeline\\{closure}()
#29 /home/agstudiodiital/public_html/magia/vendor/laravel/framework/src/Illuminate/Pipeline/Pipeline.php(183): Illuminate\\Cookie\\Middleware\\AddQueuedCookiesToResponse->handle()
#30 /home/agstudiodiital/public_html/magia/vendor/laravel/framework/src/Illuminate/Cookie/Middleware/EncryptCookies.php(67): Illuminate\\Pipeline\\Pipeline->Illuminate\\Pipeline\\{closure}()
#31 /home/agstudiodiital/public_html/magia/vendor/laravel/framework/src/Illuminate/Pipeline/Pipeline.php(183): Illuminate\\Cookie\\Middleware\\EncryptCookies->handle()
#32 /home/agstudiodiital/public_html/magia/vendor/laravel/framework/src/Illuminate/Pipeline/Pipeline.php(119): Illuminate\\Pipeline\\Pipeline->Illuminate\\Pipeline\\{closure}()
#33 /home/agstudiodiital/public_html/magia/vendor/laravel/framework/src/Illuminate/Routing/Router.php(807): Illuminate\\Pipeline\\Pipeline->then()
#34 /home/agstudiodiital/public_html/magia/vendor/laravel/framework/src/Illuminate/Routing/Router.php(784): Illuminate\\Routing\\Router->runRouteWithinStack()
#35 /home/agstudiodiital/public_html/magia/vendor/laravel/framework/src/Illuminate/Routing/Router.php(748): Illuminate\\Routing\\Router->runRoute()
#36 /home/agstudiodiital/public_html/magia/vendor/laravel/framework/src/Illuminate/Routing/Router.php(737): Illuminate\\Routing\\Router->dispatchToRoute()
#37 /home/agstudiodiital/public_html/magia/vendor/laravel/framework/src/Illuminate/Foundation/Http/Kernel.php(200): Illuminate\\Routing\\Router->dispatch()
#38 /home/agstudiodiital/public_html/magia/vendor/laravel/framework/src/Illuminate/Pipeline/Pipeline.php(144): Illuminate\\Foundation\\Http\\Kernel->Illuminate\\Foundation\\Http\\{closure}()
#39 /home/agstudiodiital/public_html/magia/vendor/laravel/framework/src/Illuminate/Foundation/Http/Middleware/TransformsRequest.php(21): Illuminate\\Pipeline\\Pipeline->Illuminate\\Pipeline\\{closure}()
#40 /home/agstudiodiital/public_html/magia/vendor/laravel/framework/src/Illuminate/Foundation/Http/Middleware/ConvertEmptyStringsToNull.php(31): Illuminate\\Foundation\\Http\\Middleware\\TransformsRequest->handle()
#41 /home/agstudiodiital/public_html/magia/vendor/laravel/framework/src/Illuminate/Pipeline/Pipeline.php(183): Illuminate\\Foundation\\Http\\Middleware\\ConvertEmptyStringsToNull->handle()
#42 /home/agstudiodiital/public_html/magia/vendor/laravel/framework/src/Illuminate/Foundation/Http/Middleware/TransformsRequest.php(21): Illuminate\\Pipeline\\Pipeline->Illuminate\\Pipeline\\{closure}()
#43 /home/agstudiodiital/public_html/magia/vendor/laravel/framework/src/Illuminate/Foundation/Http/Middleware/TrimStrings.php(40): Illuminate\\Foundation\\Http\\Middleware\\TransformsRequest->handle()
#44 /home/agstudiodiital/public_html/magia/vendor/laravel/framework/src/Illuminate/Pipeline/Pipeline.php(183): Illuminate\\Foundation\\Http\\Middleware\\TrimStrings->handle()
#45 /home/agstudiodiital/public_html/magia/vendor/laravel/framework/src/Illuminate/Foundation/Http/Middleware/ValidatePostSize.php(27): Illuminate\\Pipeline\\Pipeline->Illuminate\\Pipeline\\{closure}()
#46 /home/agstudiodiital/public_html/magia/vendor/laravel/framework/src/Illuminate/Pipeline/Pipeline.php(183): Illuminate\\Foundation\\Http\\Middleware\\ValidatePostSize->handle()
#47 /home/agstudiodiital/public_html/magia/vendor/laravel/framework/src/Illuminate/Foundation/Http/Middleware/PreventRequestsDuringMaintenance.php(99): Illuminate\\Pipeline\\Pipeline->Illuminate\\Pipeline\\{closure}()
#48 /home/agstudiodiital/public_html/magia/vendor/laravel/framework/src/Illuminate/Pipeline/Pipeline.php(183): Illuminate\\Foundation\\Http\\Middleware\\PreventRequestsDuringMaintenance->handle()
#49 /home/agstudiodiital/public_html/magia/vendor/laravel/framework/src/Illuminate/Http/Middleware/HandleCors.php(49): Illuminate\\Pipeline\\Pipeline->Illuminate\\Pipeline\\{closure}()
#50 /home/agstudiodiital/public_html/magia/vendor/laravel/framework/src/Illuminate/Pipeline/Pipeline.php(183): Illuminate\\Http\\Middleware\\HandleCors->handle()
#51 /home/agstudiodiital/public_html/magia/vendor/laravel/framework/src/Illuminate/Http/Middleware/TrustProxies.php(39): Illuminate\\Pipeline\\Pipeline->Illuminate\\Pipeline\\{closure}()
#52 /home/agstudiodiital/public_html/magia/vendor/laravel/framework/src/Illuminate/Pipeline/Pipeline.php(183): Illuminate\\Http\\Middleware\\TrustProxies->handle()
#53 /home/agstudiodiital/public_html/magia/vendor/laravel/framework/src/Illuminate/Pipeline/Pipeline.php(119): Illuminate\\Pipeline\\Pipeline->Illuminate\\Pipeline\\{closure}()
#54 /home/agstudiodiital/public_html/magia/vendor/laravel/framework/src/Illuminate/Foundation/Http/Kernel.php(175): Illuminate\\Pipeline\\Pipeline->then()
#55 /home/agstudiodiital/public_html/magia/vendor/laravel/framework/src/Illuminate/Foundation/Http/Kernel.php(144): Illuminate\\Foundation\\Http\\Kernel->sendRequestThroughRouter()
#56 /home/agstudiodiital/public_html/magia/public/index.php(52): Illuminate\\Foundation\\Http\\Kernel->handle()
#57 {main}
"} 
